# This file uses centimeters as units for non-parametric coordinates.

mtllib Mug.mtl
g default
v 0.697995 0.025794 -0.446097
v 0.593750 0.025794 -0.650777
v 0.431384 0.025794 -0.813212
v 0.226792 0.025794 -0.917502
v -0.000000 0.025794 -0.953437
v -0.226792 0.025794 -0.917502
v -0.431384 0.025794 -0.813212
v -0.593750 0.025794 -0.650777
v -0.697994 0.025794 -0.446097
v -0.733915 0.025794 -0.219208
v -0.697994 0.025794 0.007682
v -0.593750 0.025794 0.212362
v -0.431384 0.025794 0.374796
v -0.226792 0.025794 0.479086
v -0.000000 0.025794 0.515022
v 0.226792 0.025794 0.479086
v 0.431384 0.025794 0.374796
v 0.593749 0.025794 0.212362
v 0.697994 0.025794 0.007682
v 0.733915 0.025794 -0.219208
v 0.000000 0.025794 -0.219208
v 0.000000 0.214640 -0.219208
v 0.614425 0.214641 -0.219208
v 0.584355 0.214641 -0.409157
v 0.497081 0.214641 -0.580513
v 0.361151 0.214641 -0.716502
v 0.189868 0.214641 -0.803813
v 0.000000 0.214641 -0.833897
v -0.189868 0.214641 -0.803813
v -0.361150 0.214641 -0.716501
v -0.497080 0.214641 -0.580513
v -0.584355 0.214641 -0.409157
v -0.614425 0.214641 -0.219208
v -0.584355 0.214641 -0.029258
v -0.497080 0.214641 0.142097
v -0.361151 0.214641 0.278086
v -0.189868 0.214641 0.365398
v 0.000000 0.214641 0.395481
v 0.189868 0.214641 0.365398
v 0.361151 0.214641 0.278086
v 0.497080 0.214641 0.142097
v 0.584355 0.214641 -0.029258
v 0.817649 1.529156 -0.219208
v 0.777631 1.529156 0.033568
v 0.661492 1.529156 0.261601
v 0.480602 1.529156 0.442568
v 0.252668 1.529156 0.558757
v -0.000000 1.529156 0.598792
v -0.252668 1.529156 0.558757
v -0.480602 1.529156 0.442568
v -0.661492 1.529156 0.261601
v -0.777631 1.529156 0.033568
v -0.817650 1.529156 -0.219208
v -0.777631 1.529156 -0.471984
v -0.661492 1.529156 -0.700016
v -0.480602 1.529156 -0.880984
v -0.252668 1.529156 -0.997172
v 0.000000 1.529156 -1.037208
v 0.252668 1.529156 -0.997172
v 0.480603 1.529156 -0.880984
v 0.661493 1.529156 -0.700016
v 0.777631 1.529156 -0.471984
v 0.817649 1.414502 -0.219208
v 0.777631 1.414502 0.033568
v 0.661492 1.414502 0.261601
v 0.480602 1.414502 0.442568
v 0.252668 1.414502 0.558757
v -0.000000 1.414502 0.598792
v -0.252668 1.414502 0.558757
v -0.480602 1.414502 0.442568
v -0.661492 1.414502 0.261601
v -0.777631 1.414502 0.033568
v -0.817650 1.414502 -0.219208
v -0.777631 1.414502 -0.471984
v -0.661492 1.414502 -0.700016
v -0.480602 1.414502 -0.880984
v -0.252668 1.414502 -0.997172
v 0.000000 1.414502 -1.037208
v 0.252668 1.414502 -0.997172
v 0.480603 1.414502 -0.880984
v 0.661493 1.414502 -0.700016
v 0.777631 1.414502 -0.471984
v 0.817649 0.225385 -0.219208
v 0.777631 0.225385 0.033568
v 0.661492 0.225385 0.261601
v 0.480602 0.225385 0.442568
v 0.252668 0.225385 0.558757
v -0.000000 0.225385 0.598792
v -0.252668 0.225385 0.558757
v -0.480602 0.225385 0.442568
v -0.661492 0.225385 0.261601
v -0.777631 0.225385 0.033568
v -0.817650 0.225385 -0.219208
v -0.777631 0.225385 -0.471984
v -0.661492 0.225385 -0.700016
v -0.480602 0.225385 -0.880984
v -0.252668 0.225385 -0.997172
v 0.000000 0.225385 -1.037208
v 0.252668 0.225385 -0.997172
v 0.480603 0.225385 -0.880984
v 0.661493 0.225385 -0.700016
v 0.777631 0.225385 -0.471984
v 0.817649 0.360734 -0.219208
v 0.777631 0.360734 0.033568
v 0.661492 0.360734 0.261601
v 0.480602 0.360734 0.442568
v 0.252668 0.360734 0.558757
v -0.000000 0.360734 0.598792
v -0.252668 0.360734 0.558757
v -0.480602 0.360734 0.442568
v -0.661492 0.360734 0.261601
v -0.777631 0.360734 0.033568
v -0.817650 0.360734 -0.219208
v -0.777631 0.360734 -0.471984
v -0.661492 0.360734 -0.700016
v -0.480602 0.360734 -0.880984
v -0.252668 0.360734 -0.997172
v 0.000000 0.360734 -1.037208
v 0.252668 0.360734 -0.997172
v 0.480603 0.360734 -0.880984
v 0.661493 0.360734 -0.700016
v 0.777631 0.360734 -0.471984
v 0.628986 1.729802 -0.423665
v 0.640868 1.759528 -0.427527
v 0.668052 1.771724 -0.436364
v 0.702431 1.771724 -0.219208
v 0.673848 1.759528 -0.219208
v 0.661355 1.729802 -0.219208
v 0.535048 1.729802 -0.608109
v 0.545155 1.759528 -0.615455
v 0.568279 1.771724 -0.632263
v 0.388735 1.729802 -0.754485
v 0.396078 1.759528 -0.764596
v 0.412879 1.771724 -0.787730
v 0.204370 1.729802 -0.848464
v 0.208231 1.759528 -0.860350
v 0.217063 1.771724 -0.887546
v 0.000000 1.729802 -0.880847
v 0.000000 1.759528 -0.893344
v 0.000000 1.771724 -0.921940
v -0.204370 1.729802 -0.848464
v -0.208231 1.759528 -0.860350
v -0.217063 1.771724 -0.887546
v -0.388735 1.729802 -0.754485
v -0.396078 1.759528 -0.764596
v -0.412879 1.771724 -0.787730
v -0.535048 1.729802 -0.608109
v -0.545154 1.759528 -0.615455
v -0.568278 1.771724 -0.632263
v -0.628986 1.729802 -0.423665
v -0.640867 1.759528 -0.427527
v -0.668051 1.771724 -0.436364
v -0.661355 1.729802 -0.219208
v -0.673848 1.759528 -0.219208
v -0.702431 1.771724 -0.219208
v -0.628986 1.729802 -0.014750
v -0.640867 1.759528 -0.010888
v -0.668051 1.771724 -0.002051
v -0.535048 1.729802 0.169694
v -0.545154 1.759528 0.177040
v -0.568278 1.771724 0.193848
v -0.388735 1.729802 0.316069
v -0.396078 1.759528 0.326180
v -0.412878 1.771724 0.349314
v -0.204370 1.729802 0.410048
v -0.208230 1.759528 0.421935
v -0.217063 1.771724 0.449130
v 0.000000 1.729802 0.442431
v 0.000000 1.759528 0.454929
v 0.000000 1.771724 0.483524
v 0.204370 1.729802 0.410048
v 0.208230 1.759528 0.421935
v 0.217063 1.771724 0.449130
v 0.388735 1.729802 0.316069
v 0.396078 1.759528 0.326180
v 0.412878 1.771724 0.349314
v 0.535048 1.729802 0.169694
v 0.545154 1.759528 0.177040
v 0.568278 1.771724 0.193848
v 0.628986 1.729802 -0.014750
v 0.640867 1.759528 -0.010888
v 0.668051 1.771724 -0.002052
v 0.731467 1.741142 -0.456977
v 0.718730 1.763166 -0.452837
v 0.696432 1.771724 -0.445589
v 0.622223 1.741142 -0.671473
v 0.611388 1.763166 -0.663597
v 0.592421 1.771724 -0.649811
v 0.452071 1.741142 -0.841697
v 0.444199 1.763166 -0.830858
v 0.430419 1.771724 -0.811882
v 0.237668 1.741142 -0.950988
v 0.233529 1.763166 -0.938245
v 0.226284 1.771724 -0.915938
v -0.000000 1.741142 -0.988647
v -0.000000 1.763166 -0.975249
v -0.000000 1.771724 -0.951794
v -0.237668 1.741142 -0.950988
v -0.233529 1.763166 -0.938245
v -0.226284 1.771724 -0.915938
v -0.452071 1.741142 -0.841697
v -0.444199 1.763166 -0.830858
v -0.430419 1.771724 -0.811882
v -0.622222 1.741142 -0.671473
v -0.611388 1.763166 -0.663597
v -0.592420 1.771724 -0.649811
v -0.731466 1.741142 -0.456977
v -0.718729 1.763166 -0.452837
v -0.696432 1.771724 -0.445589
v -0.769109 1.741142 -0.219208
v -0.755717 1.763166 -0.219208
v -0.732272 1.771724 -0.219208
v -0.731466 1.741142 0.018562
v -0.718729 1.763166 0.014422
v -0.696432 1.771724 0.007174
v -0.622222 1.741142 0.233057
v -0.611388 1.763166 0.225182
v -0.592420 1.771724 0.211395
v -0.452071 1.741142 0.403281
v -0.444199 1.763166 0.392442
v -0.430418 1.771724 0.373467
v -0.237668 1.741142 0.512572
v -0.233529 1.763166 0.499830
v -0.226284 1.771724 0.477523
v -0.000000 1.741142 0.550231
v -0.000000 1.763166 0.536833
v -0.000000 1.771724 0.513378
v 0.237668 1.741142 0.512572
v 0.233529 1.763166 0.499830
v 0.226284 1.771724 0.477523
v 0.452071 1.741142 0.403281
v 0.444199 1.763166 0.392442
v 0.430418 1.771724 0.373467
v 0.622222 1.741142 0.233057
v 0.611387 1.763166 0.225182
v 0.592420 1.771724 0.211395
v 0.731466 1.741142 0.018562
v 0.718729 1.763166 0.014422
v 0.696432 1.771724 0.007174
v 0.769109 1.741142 -0.219208
v 0.755717 1.763166 -0.219208
v 0.732272 1.771724 -0.219208
v 0.881041 1.445376 -0.219208
v 0.871115 1.421243 -0.219208
v 0.847621 1.412400 -0.219208
v 0.806136 1.412400 0.042834
v 0.828480 1.421243 0.050097
v 0.837919 1.445376 0.053166
v 0.847621 1.531257 -0.219208
v 0.871115 1.522415 -0.219208
v 0.881041 1.498281 -0.219208
v 0.837919 1.498281 0.053166
v 0.828480 1.522415 0.050097
v 0.806136 1.531257 0.042834
v 0.685740 1.412400 0.279225
v 0.704747 1.421243 0.293041
v 0.712777 1.445376 0.298877
v 0.712777 1.498281 0.298877
v 0.704747 1.522415 0.293041
v 0.685740 1.531257 0.279225
v 0.498219 1.412400 0.466826
v 0.512029 1.421243 0.485842
v 0.517863 1.445376 0.493875
v 0.517863 1.498281 0.493875
v 0.512029 1.522415 0.485842
v 0.498219 1.531257 0.466826
v 0.261929 1.412400 0.587274
v 0.269189 1.421243 0.609627
v 0.272256 1.445376 0.619071
v 0.272256 1.498281 0.619071
v 0.269189 1.522415 0.609627
v 0.261929 1.531257 0.587274
v -0.000000 1.412400 0.628777
v -0.000000 1.421243 0.652281
v -0.000000 1.445376 0.662211
v -0.000000 1.498281 0.662211
v -0.000000 1.522415 0.652281
v -0.000000 1.531257 0.628777
v -0.261929 1.412400 0.587274
v -0.269189 1.421243 0.609627
v -0.272257 1.445376 0.619071
v -0.272257 1.498281 0.619071
v -0.269189 1.522415 0.609627
v -0.261929 1.531257 0.587274
v -0.498219 1.412400 0.466826
v -0.512029 1.421243 0.485842
v -0.517863 1.445376 0.493875
v -0.517863 1.498281 0.493875
v -0.512029 1.522415 0.485842
v -0.498219 1.531257 0.466826
v -0.685740 1.412400 0.279225
v -0.704747 1.421243 0.293041
v -0.712777 1.445376 0.298877
v -0.712777 1.498281 0.298877
v -0.704747 1.522415 0.293041
v -0.685740 1.531257 0.279225
v -0.806136 1.412400 0.042834
v -0.828480 1.421243 0.050097
v -0.837920 1.445376 0.053166
v -0.837920 1.498281 0.053166
v -0.828480 1.522415 0.050097
v -0.806136 1.531257 0.042834
v -0.847621 1.412400 -0.219208
v -0.871115 1.421243 -0.219208
v -0.881041 1.445376 -0.219208
v -0.881041 1.498281 -0.219208
v -0.871115 1.522415 -0.219208
v -0.847621 1.531257 -0.219208
v -0.806136 1.412400 -0.481249
v -0.828480 1.421243 -0.488513
v -0.837920 1.445376 -0.491581
v -0.837920 1.498281 -0.491581
v -0.828480 1.522415 -0.488513
v -0.806136 1.531257 -0.481249
v -0.685740 1.412400 -0.717641
v -0.704747 1.421243 -0.731456
v -0.712777 1.445376 -0.737292
v -0.712777 1.498281 -0.737292
v -0.704747 1.522415 -0.731456
v -0.685740 1.531257 -0.717641
v -0.498219 1.412400 -0.905242
v -0.512029 1.421243 -0.924257
v -0.517863 1.445376 -0.932290
v -0.517863 1.498281 -0.932290
v -0.512029 1.522415 -0.924257
v -0.498219 1.531257 -0.905242
v -0.261929 1.412400 -1.025689
v -0.269190 1.421243 -1.048043
v -0.272257 1.445376 -1.057487
v -0.272257 1.498281 -1.057487
v -0.269190 1.522415 -1.048043
v -0.261929 1.531257 -1.025689
v 0.000000 1.412400 -1.067192
v 0.000000 1.421243 -1.090697
v 0.000000 1.445376 -1.100626
v 0.000000 1.498281 -1.100626
v 0.000000 1.522415 -1.090697
v 0.000000 1.531257 -1.067192
v 0.261929 1.412400 -1.025689
v 0.269190 1.421243 -1.048043
v 0.272257 1.445376 -1.057487
v 0.272257 1.498281 -1.057487
v 0.269190 1.522415 -1.048043
v 0.261929 1.531257 -1.025689
v 0.498219 1.412400 -0.905242
v 0.512029 1.421243 -0.924257
v 0.517863 1.445376 -0.932291
v 0.517863 1.498281 -0.932291
v 0.512029 1.522415 -0.924257
v 0.498219 1.531257 -0.905242
v 0.685740 1.412400 -0.717641
v 0.704747 1.421243 -0.731456
v 0.712777 1.445376 -0.737293
v 0.712777 1.498281 -0.737293
v 0.704747 1.522415 -0.731456
v 0.685740 1.531257 -0.717641
v 0.806136 1.412400 -0.481249
v 0.828480 1.421243 -0.488513
v 0.837920 1.445376 -0.491581
v 0.837920 1.498281 -0.491581
v 0.828480 1.522415 -0.488513
v 0.806136 1.531257 -0.481249
v 0.873664 0.256296 -0.219208
v 0.863658 0.232162 -0.219208
v 0.840059 0.223531 -0.219208
v 0.798943 0.223531 0.040496
v 0.821388 0.232162 0.047792
v 0.830904 0.256296 0.050885
v 0.840059 0.362589 -0.219208
v 0.863658 0.353958 -0.219208
v 0.873664 0.329824 -0.219208
v 0.830904 0.329824 0.050885
v 0.821388 0.353958 0.047792
v 0.798943 0.362589 0.040496
v 0.679622 0.223531 0.274778
v 0.698714 0.232162 0.288656
v 0.706809 0.256296 0.294540
v 0.706809 0.329824 0.294540
v 0.698714 0.353958 0.288656
v 0.679622 0.362589 0.274778
v 0.493774 0.223531 0.460706
v 0.507645 0.232162 0.479806
v 0.513527 0.256296 0.487905
v 0.513527 0.329824 0.487905
v 0.507645 0.353958 0.479806
v 0.493774 0.362589 0.460706
v 0.259592 0.223531 0.580078
v 0.266885 0.232162 0.602532
v 0.269977 0.256296 0.612053
v 0.269977 0.329824 0.612053
v 0.266885 0.353958 0.602532
v 0.259592 0.362589 0.580078
v -0.000000 0.223531 0.621211
v -0.000000 0.232162 0.644821
v -0.000000 0.256296 0.654831
v -0.000000 0.329824 0.654831
v -0.000000 0.353958 0.644821
v -0.000000 0.362589 0.621212
v -0.259592 0.223531 0.580078
v -0.266885 0.232162 0.602532
v -0.269977 0.256296 0.612053
v -0.269977 0.329824 0.612053
v -0.266885 0.353958 0.602532
v -0.259592 0.362589 0.580078
v -0.493774 0.223531 0.460706
v -0.507646 0.232162 0.479806
v -0.513527 0.256296 0.487905
v -0.513527 0.329824 0.487905
v -0.507646 0.353958 0.479806
v -0.493774 0.362589 0.460706
v -0.679622 0.223531 0.274778
v -0.698714 0.232162 0.288656
v -0.706809 0.256296 0.294540
v -0.706809 0.329824 0.294540
v -0.698714 0.353958 0.288656
v -0.679622 0.362589 0.274778
v -0.798944 0.223531 0.040496
v -0.821388 0.232162 0.047792
v -0.830904 0.256296 0.050885
v -0.830904 0.329824 0.050885
v -0.821388 0.353958 0.047792
v -0.798944 0.362589 0.040496
v -0.840059 0.223531 -0.219208
v -0.863658 0.232162 -0.219208
v -0.873664 0.256296 -0.219208
v -0.873664 0.329824 -0.219208
v -0.863658 0.353958 -0.219208
v -0.840059 0.362589 -0.219208
v -0.798944 0.223531 -0.478911
v -0.821388 0.232162 -0.486207
v -0.830904 0.256296 -0.489301
v -0.830904 0.329824 -0.489301
v -0.821388 0.353958 -0.486207
v -0.798944 0.362589 -0.478911
v -0.679622 0.223531 -0.713194
v -0.698714 0.232162 -0.727071
v -0.706810 0.256296 -0.732955
v -0.706810 0.329824 -0.732955
v -0.698714 0.353958 -0.727071
v -0.679622 0.362589 -0.713194
v -0.493774 0.223531 -0.899121
v -0.507646 0.232162 -0.918222
v -0.513527 0.256296 -0.926320
v -0.513527 0.329824 -0.926320
v -0.507646 0.353958 -0.918222
v -0.493774 0.362589 -0.899121
v -0.259593 0.223531 -1.018494
v -0.266885 0.232162 -1.040948
v -0.269977 0.256296 -1.050468
v -0.269977 0.329824 -1.050468
v -0.266885 0.353958 -1.040948
v -0.259593 0.362589 -1.018494
v 0.000000 0.223531 -1.059627
v 0.000000 0.232162 -1.083237
v 0.000000 0.256296 -1.093247
v 0.000000 0.329824 -1.093247
v 0.000000 0.353958 -1.083237
v 0.000000 0.362589 -1.059627
v 0.259593 0.223531 -1.018494
v 0.266885 0.232162 -1.040948
v 0.269977 0.256296 -1.050468
v 0.269977 0.329824 -1.050468
v 0.266885 0.353958 -1.040948
v 0.259593 0.362589 -1.018494
v 0.493774 0.223531 -0.899121
v 0.507646 0.232162 -0.918222
v 0.513527 0.256296 -0.926320
v 0.513527 0.329824 -0.926320
v 0.507646 0.353958 -0.918222
v 0.493774 0.362589 -0.899121
v 0.679622 0.223531 -0.713194
v 0.698714 0.232162 -0.727071
v 0.706810 0.256296 -0.732955
v 0.706810 0.329824 -0.732955
v 0.698715 0.353958 -0.727071
v 0.679622 0.362589 -0.713194
v 0.798944 0.223531 -0.478912
v 0.821388 0.232162 -0.486207
v 0.830905 0.256296 -0.489301
v 0.830905 0.329824 -0.489301
v 0.821388 0.353958 -0.486207
v 0.798944 0.362589 -0.478912
vt 0.719507 0.809937
vt 0.719507 0.777567
vt 0.749084 0.769780
vt 0.749084 0.805843
vt 0.719507 0.845818
vt 0.749084 0.845818
vt 0.719507 0.881700
vt 0.749084 0.885793
vt 0.719507 0.914069
vt 0.749084 0.921856
vt 0.719507 0.939757
vt 0.749084 0.950475
vt 0.648083 0.939757
vt 0.648083 0.914069
vt 0.677660 0.921856
vt 0.677660 0.950475
vt 0.648083 0.881699
vt 0.677660 0.885793
vt 0.648083 0.845818
vt 0.677660 0.845818
vt 0.648083 0.809936
vt 0.677660 0.805843
vt 0.648083 0.777567
vt 0.677660 0.769780
vt 0.450079 0.902237
vt 0.450079 0.862261
vt 0.606235 0.862261
vt 0.606235 0.902237
vt 0.450079 0.822286
vt 0.606235 0.822286
vt 0.450079 0.938299
vt 0.606235 0.938299
vt 0.450079 0.786224
vt 0.606235 0.786224
vt 0.450079 0.757605
vt 0.606235 0.757605
vt 0.287789 0.793667
vt 0.287789 0.757605
vt 0.443944 0.757605
vt 0.443944 0.793667
vt 0.287789 0.833642
vt 0.443944 0.833642
vt 0.287789 0.873617
vt 0.443944 0.873617
vt 0.287789 0.909680
vt 0.443944 0.909680
vt 0.287789 0.938299
vt 0.443944 0.938299
vt 0.117364 0.510493
vt 0.117974 0.506088
vt 0.150308 0.506088
vt 0.150308 0.510493
vt 0.087644 0.510493
vt 0.088805 0.506088
vt 0.120269 0.281560
vt 0.150308 0.281560
vt 0.182642 0.506088
vt 0.183253 0.510493
vt 0.093170 0.281560
vt 0.180348 0.281560
vt 0.211811 0.506088
vt 0.212973 0.510493
vt 0.065657 0.506088
vt 0.071664 0.281560
vt 0.207447 0.281560
vt 0.234960 0.506088
vt 0.228953 0.281560
vt 0.350794 0.742309
vt 0.327645 0.742309
vt 0.323281 0.517781
vt 0.344787 0.517781
vt 0.298476 0.742309
vt 0.296182 0.517781
vt 0.328807 0.746714
vt 0.299087 0.746714
vt 0.266142 0.742309
vt 0.266142 0.517781
vt 0.266142 0.746714
vt 0.233808 0.742309
vt 0.236102 0.517781
vt 0.233197 0.746714
vt 0.204639 0.742309
vt 0.209003 0.517781
vt 0.203477 0.746714
vt 0.181491 0.742309
vt 0.187497 0.517781
vt 0.877266 0.694895
vt 0.877266 0.654919
vt 0.908680 0.654919
vt 0.908680 0.692521
vt 0.877266 0.614944
vt 0.908680 0.617317
vt 0.911944 0.691867
vt 0.911944 0.654919
vt 0.877266 0.730957
vt 0.908680 0.726443
vt 0.877266 0.578882
vt 0.908680 0.583396
vt 0.911944 0.617972
vt 0.911944 0.725197
vt 0.911944 0.584641
vt 0.911944 0.751649
vt 0.908680 0.753363
vt 0.908680 0.556476
vt 0.911944 0.558190
vt 0.836338 0.614944
vt 0.836338 0.578882
vt 0.867752 0.583396
vt 0.867752 0.617317
vt 0.871016 0.617972
vt 0.871016 0.584641
vt 0.836338 0.654919
vt 0.867752 0.654919
vt 0.871016 0.654919
vt 0.867752 0.556476
vt 0.871016 0.558190
vt 0.836338 0.694894
vt 0.867752 0.692521
vt 0.871016 0.691867
vt 0.836338 0.730957
vt 0.867752 0.726443
vt 0.871016 0.725197
vt 0.836338 0.759576
vt 0.867752 0.753363
vt 0.871016 0.751649
vt 0.538149 0.637450
vt 0.541725 0.637450
vt 0.541725 0.680525
vt 0.538149 0.680040
vt 0.538149 0.594861
vt 0.541725 0.594376
vt 0.549565 0.637450
vt 0.549565 0.680525
vt 0.541725 0.719383
vt 0.538149 0.718460
vt 0.538149 0.556441
vt 0.541725 0.555518
vt 0.549565 0.594376
vt 0.553141 0.637450
vt 0.553141 0.680040
vt 0.549565 0.719383
vt 0.541725 0.750221
vt 0.538149 0.748950
vt 0.538149 0.525950
vt 0.541725 0.524680
vt 0.549565 0.555518
vt 0.553141 0.594861
vt 0.553141 0.718460
vt 0.549565 0.750221
vt 0.549565 0.524680
vt 0.553141 0.556441
vt 0.553141 0.748950
vt 0.581026 0.636506
vt 0.584602 0.636506
vt 0.584602 0.679220
vt 0.581026 0.678731
vt 0.581026 0.594281
vt 0.584602 0.593792
vt 0.595498 0.636506
vt 0.595498 0.679220
vt 0.584602 0.717753
vt 0.581026 0.716822
vt 0.581026 0.556190
vt 0.584602 0.555259
vt 0.595498 0.593792
vt 0.599074 0.636506
vt 0.599074 0.678731
vt 0.595498 0.717753
vt 0.595498 0.555259
vt 0.599074 0.594281
vt 0.599074 0.716822
vt 0.599074 0.556190
vt 0.599074 0.747052
vt 0.595498 0.748333
vt 0.595498 0.524680
vt 0.599074 0.525960
vt 0.563164 0.594376
vt 0.563164 0.555518
vt 0.571003 0.555518
vt 0.571003 0.594376
vt 0.559587 0.556441
vt 0.559587 0.594861
vt 0.574580 0.556441
vt 0.574580 0.594861
vt 0.563164 0.637450
vt 0.571003 0.637450
vt 0.559587 0.525950
vt 0.563164 0.524680
vt 0.559587 0.637450
vt 0.571003 0.524680
vt 0.574580 0.525950
vt 0.574580 0.637450
vt 0.563164 0.680525
vt 0.571003 0.680525
vt 0.559587 0.680040
vt 0.574580 0.680040
vt 0.563164 0.719383
vt 0.571003 0.719383
vt 0.559587 0.718460
vt 0.574580 0.718460
vt 0.563164 0.750221
vt 0.571003 0.750221
vt 0.559587 0.748950
vt 0.574580 0.748950
vt 0.782980 0.808313
vt 0.782980 0.769780
vt 0.793876 0.769780
vt 0.793876 0.808313
vt 0.779404 0.770711
vt 0.779404 0.808802
vt 0.797452 0.770711
vt 0.797452 0.808802
vt 0.782980 0.851027
vt 0.793876 0.851027
vt 0.779404 0.851027
vt 0.797452 0.851027
vt 0.782980 0.893741
vt 0.793876 0.893741
vt 0.779404 0.893252
vt 0.797452 0.893252
vt 0.782980 0.932274
vt 0.793876 0.932274
vt 0.779404 0.931343
vt 0.797452 0.931343
vt 0.782980 0.962854
vt 0.793876 0.962854
vt 0.779404 0.961573
vt 0.797452 0.961573
vt 0.451149 0.329424
vt 0.467642 0.361793
vt 0.357210 0.397675
vt 0.473325 0.397675
vt 0.425461 0.303736
vt 0.467642 0.433556
vt 0.393092 0.287243
vt 0.451149 0.465925
vt 0.357210 0.281560
vt 0.425461 0.491613
vt 0.321329 0.287243
vt 0.393092 0.508106
vt 0.288959 0.303736
vt 0.357210 0.513789
vt 0.263271 0.329424
vt 0.321329 0.508106
vt 0.246778 0.361793
vt 0.288959 0.491614
vt 0.241095 0.397675
vt 0.263271 0.465925
vt 0.246778 0.433556
vt 0.993250 0.897030
vt 0.979442 0.924129
vt 0.900798 0.866991
vt 0.957937 0.945635
vt 0.998008 0.866991
vt 0.930838 0.959443
vt 0.993250 0.836951
vt 0.900798 0.964201
vt 0.979442 0.809852
vt 0.870758 0.959443
vt 0.957937 0.788346
vt 0.843659 0.945635
vt 0.930838 0.774538
vt 0.822153 0.924129
vt 0.900798 0.769780
vt 0.808345 0.897030
vt 0.870758 0.774538
vt 0.803588 0.866991
vt 0.843659 0.788346
vt 0.808345 0.836951
vt 0.822153 0.809852
vt 0.704719 0.435466
vt 0.700418 0.434069
vt 0.705636 0.401124
vt 0.710158 0.401124
vt 0.688934 0.466447
vt 0.685275 0.463789
vt 0.700418 0.368179
vt 0.704719 0.366782
vt 0.714879 0.401124
vt 0.709209 0.436925
vt 0.692753 0.469222
vt 0.664347 0.491033
vt 0.661689 0.487374
vt 0.685275 0.338459
vt 0.688934 0.335801
vt 0.709209 0.365323
vt 0.712737 0.438071
vt 0.718589 0.401124
vt 0.695754 0.471402
vt 0.667122 0.494853
vt 0.633367 0.506818
vt 0.631969 0.502518
vt 0.661689 0.314873
vt 0.664347 0.311215
vt 0.692753 0.333026
vt 0.712737 0.364177
vt 0.669303 0.497853
vt 0.634826 0.511309
vt 0.599025 0.512258
vt 0.599025 0.507735
vt 0.631969 0.299730
vt 0.633367 0.295429
vt 0.667122 0.307395
vt 0.695754 0.330846
vt 0.635972 0.514836
vt 0.599025 0.516979
vt 0.564682 0.506818
vt 0.566080 0.502518
vt 0.599025 0.294512
vt 0.599025 0.289990
vt 0.634826 0.290939
vt 0.669303 0.304394
vt 0.599025 0.520688
vt 0.563223 0.511309
vt 0.533702 0.491033
vt 0.536360 0.487374
vt 0.566080 0.299730
vt 0.564682 0.295429
vt 0.599025 0.285269
vt 0.635972 0.287412
vt 0.562077 0.514836
vt 0.530927 0.494853
vt 0.509115 0.466447
vt 0.512774 0.463789
vt 0.536360 0.314873
vt 0.533702 0.311215
vt 0.563223 0.290939
vt 0.599025 0.281560
vt 0.528746 0.497853
vt 0.505296 0.469222
vt 0.493330 0.435466
vt 0.497631 0.434069
vt 0.512774 0.338459
vt 0.509115 0.335801
vt 0.530927 0.307395
vt 0.562077 0.287412
vt 0.502295 0.471402
vt 0.488840 0.436925
vt 0.487891 0.401124
vt 0.492413 0.401124
vt 0.497631 0.368179
vt 0.493330 0.366782
vt 0.505296 0.333026
vt 0.528746 0.304394
vt 0.485312 0.438071
vt 0.483170 0.401124
vt 0.488840 0.365323
vt 0.502295 0.330846
vt 0.479460 0.401124
vt 0.485312 0.364177
vt 0.273919 0.139746
vt 0.277636 0.139746
vt 0.270890 0.182336
vt 0.267355 0.181187
vt 0.267355 0.098306
vt 0.270890 0.097157
vt 0.251314 0.220756
vt 0.248307 0.218571
vt 0.262845 0.179722
vt 0.269177 0.139746
vt 0.262845 0.099771
vt 0.248307 0.060922
vt 0.251314 0.058737
vt 0.220823 0.251247
vt 0.218639 0.248239
vt 0.244471 0.215784
vt 0.244471 0.063709
vt 0.218639 0.031253
vt 0.220824 0.028246
vt 0.182403 0.270823
vt 0.181254 0.267288
vt 0.215851 0.244403
vt 0.215851 0.035090
vt 0.181255 0.012205
vt 0.182403 0.008670
vt 0.139814 0.277568
vt 0.139814 0.273851
vt 0.179789 0.262778
vt 0.179789 0.016715
vt 0.139814 0.005642
vt 0.139814 0.001925
vt 0.097225 0.270823
vt 0.098373 0.267288
vt 0.139814 0.269109
vt 0.139814 0.010384
vt 0.098373 0.012205
vt 0.097225 0.008670
vt 0.058804 0.251247
vt 0.060989 0.248239
vt 0.099839 0.262778
vt 0.099839 0.016715
vt 0.060989 0.031253
vt 0.058804 0.028246
vt 0.028314 0.220756
vt 0.031321 0.218571
vt 0.063776 0.244403
vt 0.063776 0.035090
vt 0.031321 0.060922
vt 0.028314 0.058737
vt 0.008737 0.182336
vt 0.012273 0.181187
vt 0.035157 0.215784
vt 0.035157 0.063709
vt 0.012273 0.098306
vt 0.008737 0.097157
vt 0.001992 0.139746
vt 0.005709 0.139746
vt 0.016782 0.179722
vt 0.016782 0.099771
vt 0.010451 0.139746
vt 0.560429 0.139746
vt 0.556712 0.139746
vt 0.550148 0.098306
vt 0.553683 0.097157
vt 0.553683 0.182336
vt 0.550148 0.181187
vt 0.551970 0.139746
vt 0.545638 0.099771
vt 0.531100 0.060922
vt 0.534107 0.058737
vt 0.534107 0.220756
vt 0.531100 0.218571
vt 0.545638 0.179722
vt 0.527264 0.063709
vt 0.501432 0.031253
vt 0.503616 0.028246
vt 0.503617 0.251247
vt 0.501432 0.248239
vt 0.527264 0.215784
vt 0.498644 0.035090
vt 0.464047 0.012205
vt 0.465196 0.008670
vt 0.465196 0.270823
vt 0.464047 0.267288
vt 0.498644 0.244403
vt 0.462582 0.016715
vt 0.422607 0.005642
vt 0.422607 0.001925
vt 0.422607 0.277568
vt 0.422607 0.273851
vt 0.462582 0.262778
vt 0.422607 0.010384
vt 0.381166 0.012205
vt 0.380018 0.008670
vt 0.380018 0.270823
vt 0.381166 0.267288
vt 0.422607 0.269109
vt 0.382632 0.016715
vt 0.343782 0.031253
vt 0.341597 0.028246
vt 0.341597 0.251247
vt 0.343782 0.248239
vt 0.382632 0.262778
vt 0.346569 0.035090
vt 0.314114 0.060922
vt 0.311107 0.058737
vt 0.311107 0.220756
vt 0.314114 0.218571
vt 0.346569 0.244403
vt 0.317950 0.063709
vt 0.295066 0.098306
vt 0.291530 0.097157
vt 0.291530 0.182336
vt 0.295066 0.181187
vt 0.317950 0.215784
vt 0.299575 0.099771
vt 0.288502 0.139746
vt 0.284785 0.139746
vt 0.299575 0.179722
vt 0.293244 0.139746
vt 0.836933 0.138567
vt 0.840667 0.138567
vt 0.833979 0.180791
vt 0.830428 0.179638
vt 0.830428 0.097496
vt 0.833979 0.096342
vt 0.814571 0.218883
vt 0.811550 0.216688
vt 0.827056 0.178542
vt 0.833388 0.138567
vt 0.827057 0.098591
vt 0.811550 0.060445
vt 0.814571 0.058250
vt 0.784341 0.249112
vt 0.782147 0.246092
vt 0.808682 0.214604
vt 0.808682 0.062529
vt 0.782147 0.031042
vt 0.784341 0.028021
vt 0.746250 0.268521
vt 0.745096 0.264970
vt 0.780063 0.243223
vt 0.780063 0.033910
vt 0.745096 0.012163
vt 0.746250 0.008612
vt 0.704025 0.275209
vt 0.704025 0.271475
vt 0.744000 0.261598
vt 0.744000 0.015535
vt 0.704025 0.005658
vt 0.704025 0.001925
vt 0.661800 0.268521
vt 0.662954 0.264970
vt 0.704025 0.267929
vt 0.704025 0.009204
vt 0.662954 0.012163
vt 0.661800 0.008612
vt 0.623709 0.249112
vt 0.625904 0.246092
vt 0.664050 0.261598
vt 0.664050 0.015535
vt 0.625904 0.031042
vt 0.623709 0.028021
vt 0.593479 0.218883
vt 0.596500 0.216688
vt 0.627988 0.243223
vt 0.627988 0.033910
vt 0.596500 0.060445
vt 0.593479 0.058250
vt 0.574071 0.180791
vt 0.577622 0.179638
vt 0.599368 0.214604
vt 0.599368 0.062529
vt 0.577622 0.097496
vt 0.574071 0.096342
vt 0.567383 0.138567
vt 0.571117 0.138567
vt 0.580994 0.178542
vt 0.580994 0.098591
vt 0.574662 0.138567
vt 0.998008 0.415842
vt 0.994274 0.415842
vt 0.987769 0.374771
vt 0.991320 0.373617
vt 0.991320 0.458067
vt 0.987769 0.456913
vt 0.990729 0.415842
vt 0.984397 0.375867
vt 0.968891 0.337721
vt 0.971912 0.335526
vt 0.971912 0.496158
vt 0.968891 0.493964
vt 0.984397 0.455817
vt 0.966023 0.339805
vt 0.939487 0.308317
vt 0.941682 0.305296
vt 0.941682 0.526388
vt 0.939488 0.523367
vt 0.966023 0.491880
vt 0.937404 0.311185
vt 0.902437 0.289439
vt 0.903591 0.285888
vt 0.903591 0.545796
vt 0.902437 0.542245
vt 0.937404 0.520499
vt 0.901341 0.292811
vt 0.861366 0.282934
vt 0.861366 0.279200
vt 0.861366 0.552484
vt 0.861366 0.548750
vt 0.901341 0.538873
vt 0.861366 0.286479
vt 0.820295 0.289439
vt 0.819141 0.285888
vt 0.819141 0.545796
vt 0.820295 0.542245
vt 0.861366 0.545205
vt 0.821391 0.292811
vt 0.783244 0.308317
vt 0.781050 0.305296
vt 0.781050 0.526388
vt 0.783244 0.523367
vt 0.821391 0.538873
vt 0.785328 0.311185
vt 0.753841 0.337721
vt 0.750820 0.335526
vt 0.750820 0.496158
vt 0.753841 0.493964
vt 0.785328 0.520499
vt 0.756709 0.339805
vt 0.734963 0.374771
vt 0.731412 0.373617
vt 0.731412 0.458067
vt 0.734963 0.456913
vt 0.756709 0.491880
vt 0.738335 0.375867
vt 0.728458 0.415842
vt 0.724724 0.415842
vt 0.738335 0.455817
vt 0.732003 0.415842
vt 0.713372 0.780498
vt 0.713372 0.806187
vt 0.683795 0.798400
vt 0.683795 0.769780
vt 0.713372 0.838556
vt 0.683795 0.834462
vt 0.713372 0.874437
vt 0.683795 0.874437
vt 0.713372 0.910319
vt 0.683795 0.914413
vt 0.713372 0.942688
vt 0.683795 0.950475
vt 0.612370 0.939757
vt 0.612370 0.914069
vt 0.641947 0.921856
vt 0.641947 0.950475
vt 0.612370 0.881699
vt 0.641947 0.885793
vt 0.612370 0.845818
vt 0.641947 0.845818
vt 0.612370 0.809937
vt 0.641947 0.805843
vt 0.612370 0.777567
vt 0.641947 0.769780
vt 0.631698 0.585095
vt 0.631698 0.556476
vt 0.787854 0.556476
vt 0.787854 0.585095
vt 0.631698 0.621157
vt 0.787854 0.621157
vt 0.631698 0.661132
vt 0.787854 0.661132
vt 0.631698 0.701108
vt 0.787854 0.701108
vt 0.631698 0.737170
vt 0.787854 0.737170
vt 0.631698 0.765789
vt 0.787854 0.765789
vt 0.124828 0.906861
vt 0.088765 0.906861
vt 0.088765 0.750706
vt 0.124828 0.750706
vt 0.164803 0.906861
vt 0.164803 0.750706
vt 0.204778 0.906861
vt 0.204778 0.750706
vt 0.240841 0.906861
vt 0.240841 0.750706
vt 0.149746 0.739013
vt 0.120577 0.739013
vt 0.118282 0.514485
vt 0.145381 0.514485
vt 0.150907 0.743418
vt 0.121187 0.743418
vt 0.088243 0.739013
vt 0.088243 0.514485
vt 0.172894 0.739013
vt 0.174493 0.743418
vt 0.088243 0.743418
vt 0.055909 0.739013
vt 0.058203 0.514485
vt 0.055298 0.743418
vt 0.026740 0.739013
vt 0.031104 0.514485
vt 0.025578 0.743418
vt 0.001992 0.743418
vt 0.003591 0.739013
vt 0.383593 0.529085
vt 0.412762 0.529085
vt 0.415056 0.753613
vt 0.387957 0.753613
vt 0.382431 0.524680
vt 0.412151 0.524680
vt 0.445096 0.529085
vt 0.445096 0.753613
vt 0.360444 0.529085
vt 0.358845 0.524680
vt 0.445096 0.524680
vt 0.477430 0.529085
vt 0.475135 0.753613
vt 0.478040 0.524680
vt 0.506599 0.529085
vt 0.502235 0.753613
vt 0.507760 0.524680
vt 0.531346 0.524680
vt 0.529747 0.529085
vt 0.795411 0.585095
vt 0.795411 0.556476
vt 0.826824 0.562689
vt 0.826824 0.589609
vt 0.795411 0.621157
vt 0.826824 0.623530
vt 0.830088 0.624185
vt 0.830088 0.590854
vt 0.795411 0.661132
vt 0.826824 0.661132
vt 0.830088 0.661132
vt 0.795411 0.701108
vt 0.826824 0.698734
vt 0.830088 0.698080
vt 0.795411 0.737170
vt 0.826824 0.732656
vt 0.830088 0.731410
vt 0.795411 0.765789
vt 0.826824 0.759576
vt 0.281653 0.895338
vt 0.281653 0.931400
vt 0.250240 0.926886
vt 0.250240 0.892965
vt 0.246976 0.892310
vt 0.246976 0.925641
vt 0.281653 0.855363
vt 0.250240 0.855363
vt 0.246976 0.855363
vt 0.281653 0.815387
vt 0.250240 0.817761
vt 0.246976 0.818415
vt 0.281653 0.779325
vt 0.250240 0.783839
vt 0.246976 0.785085
vt 0.281653 0.750706
vt 0.250240 0.756919
vt 0.921771 0.595334
vt 0.921771 0.556476
vt 0.929611 0.556476
vt 0.929611 0.595334
vt 0.918195 0.557398
vt 0.918195 0.595819
vt 0.933187 0.557398
vt 0.933187 0.595819
vt 0.921771 0.638408
vt 0.929611 0.638408
vt 0.918195 0.638408
vt 0.933187 0.638408
vt 0.921771 0.681483
vt 0.929611 0.681483
vt 0.918195 0.680997
vt 0.933187 0.680997
vt 0.921771 0.720341
vt 0.929611 0.720341
vt 0.918195 0.719418
vt 0.933187 0.719418
vt 0.921771 0.751179
vt 0.929611 0.751179
vt 0.951049 0.712321
vt 0.951049 0.751179
vt 0.943209 0.751179
vt 0.943209 0.712321
vt 0.954625 0.750256
vt 0.954625 0.711836
vt 0.939633 0.750256
vt 0.939633 0.711836
vt 0.951049 0.669246
vt 0.943209 0.669246
vt 0.954625 0.669246
vt 0.939633 0.669246
vt 0.951049 0.626172
vt 0.943209 0.626172
vt 0.954625 0.626657
vt 0.939633 0.626657
vt 0.951049 0.587313
vt 0.943209 0.587313
vt 0.954625 0.588236
vt 0.939633 0.588236
vt 0.939633 0.557746
vt 0.943209 0.556476
vt 0.609939 0.555259
vt 0.609939 0.524680
vt 0.620834 0.524680
vt 0.620834 0.555259
vt 0.606362 0.525960
vt 0.606362 0.556190
vt 0.609939 0.593792
vt 0.620834 0.593792
vt 0.606362 0.594281
vt 0.624411 0.556190
vt 0.624411 0.594281
vt 0.609939 0.636506
vt 0.620834 0.636506
vt 0.606362 0.636506
vt 0.624411 0.636506
vt 0.609939 0.679220
vt 0.620834 0.679220
vt 0.606362 0.678731
vt 0.624411 0.678731
vt 0.609939 0.717753
vt 0.620834 0.717753
vt 0.606362 0.716822
vt 0.624411 0.716822
vt 0.609939 0.748333
vt 0.620834 0.748333
vt 0.606362 0.747052
vt 0.624411 0.747052
vt 0.769692 0.924321
vt 0.769692 0.962854
vt 0.758796 0.962854
vt 0.758796 0.924321
vt 0.773268 0.961923
vt 0.773268 0.923832
vt 0.755220 0.961923
vt 0.755220 0.923832
vt 0.769692 0.881607
vt 0.758796 0.881607
vt 0.773268 0.881607
vt 0.755220 0.881607
vt 0.769692 0.838893
vt 0.758796 0.838893
vt 0.773268 0.839382
vt 0.755220 0.839382
vt 0.769692 0.800360
vt 0.758796 0.800360
vt 0.773268 0.801291
vt 0.755220 0.801291
vt 0.769692 0.769780
vt 0.758796 0.769780
vt 0.773268 0.771061
vn 0.877037 -0.386878 -0.284835
vn 0.746126 -0.386914 -0.541843
vn 0.746109 -0.386914 -0.541866
vn 0.877032 -0.386878 -0.284851
vn 0.542158 -0.386957 -0.745874
vn 0.542136 -0.386957 -0.745891
vn 0.285058 -0.386992 -0.876915
vn 0.285041 -0.386992 -0.876920
vn -0.000000 -0.387006 -0.922077
vn -0.000000 -0.387006 -0.922077
vn -0.285058 -0.386992 -0.876915
vn -0.285041 -0.386992 -0.876920
vn -0.542159 -0.386957 -0.745874
vn -0.542136 -0.386957 -0.745891
vn -0.746126 -0.386913 -0.541843
vn -0.746110 -0.386913 -0.541866
vn -0.877037 -0.386878 -0.284836
vn -0.877032 -0.386878 -0.284852
vn -0.922137 -0.386864 -0.000000
vn -0.922137 -0.386864 0.000000
vn -0.877037 -0.386878 0.284836
vn -0.877032 -0.386878 0.284852
vn -0.746126 -0.386913 0.541843
vn -0.746109 -0.386913 0.541866
vn -0.542159 -0.386957 0.745874
vn -0.542136 -0.386957 0.745891
vn -0.285058 -0.386992 0.876915
vn -0.285041 -0.386992 0.876920
vn 0.000000 -0.387006 0.922077
vn 0.000000 -0.387006 0.922077
vn 0.285058 -0.386992 0.876915
vn 0.285041 -0.386992 0.876920
vn 0.542159 -0.386957 0.745874
vn 0.542136 -0.386957 0.745891
vn 0.746126 -0.386913 0.541843
vn 0.746109 -0.386913 0.541866
vn 0.877037 -0.386878 0.284836
vn 0.877032 -0.386878 0.284852
vn 0.922137 -0.386864 0.000001
vn 0.922137 -0.386864 0.000001
vn 0.000000 -1.000000 0.000000
vn 0.000000 -1.000000 0.000000
vn 0.000000 -1.000000 -0.000000
vn 0.000000 -1.000000 -0.000000
vn 0.000000 -1.000000 -0.000000
vn 0.000000 -1.000000 -0.000000
vn 0.000000 -1.000000 -0.000000
vn 0.000000 -1.000000 0.000000
vn 0.000000 -1.000000 0.000000
vn 0.000000 -1.000000 0.000000
vn 0.000000 -1.000000 0.000000
vn 0.000000 -1.000000 0.000000
vn 0.000000 -1.000000 -0.000000
vn 0.000000 -1.000000 -0.000000
vn 0.000000 -1.000000 0.000000
vn 0.000000 -1.000000 0.000000
vn 0.000000 -1.000000 0.000000
vn 0.000000 -1.000000 0.000000
vn 0.000000 -1.000000 0.000000
vn 0.000000 -1.000000 -0.000000
vn 0.000000 -1.000000 -0.000000
vn -0.000000 1.000000 0.000000
vn -0.000000 1.000000 0.000000
vn 0.000000 1.000000 0.000000
vn -0.000000 1.000000 0.000000
vn -0.000000 1.000000 0.000000
vn -0.000000 1.000000 0.000000
vn 0.000000 1.000000 0.000000
vn 0.000000 1.000000 0.000000
vn 0.000000 1.000000 0.000000
vn 0.000000 1.000000 0.000000
vn 0.000000 1.000000 0.000000
vn 0.000000 1.000000 -0.000000
vn 0.000000 1.000000 -0.000000
vn 0.000000 1.000000 -0.000000
vn 0.000000 1.000000 -0.000000
vn -0.000000 1.000000 -0.000000
vn -0.000000 1.000000 -0.000000
vn -0.000000 1.000000 -0.000000
vn -0.000000 1.000000 -0.000000
vn -0.000000 1.000000 -0.000000
vn -0.000000 1.000000 0.000000
vn 0.951096 0.000000 0.308897
vn 1.000000 -0.000000 0.000001
vn 1.000000 -0.000000 0.000001
vn 0.951096 0.000000 0.308897
vn 0.809137 0.000000 0.587620
vn 0.809137 0.000000 0.587620
vn 0.587950 0.000000 0.808897
vn 0.587950 0.000000 0.808897
vn 0.309137 0.000000 0.951018
vn 0.309137 0.000000 0.951018
vn 0.000000 0.000000 1.000000
vn 0.000000 0.000000 1.000000
vn -0.309137 0.000000 0.951018
vn -0.309137 0.000000 0.951018
vn -0.587950 0.000000 0.808897
vn -0.587950 0.000000 0.808897
vn -0.809137 0.000000 0.587620
vn -0.809137 0.000000 0.587620
vn -0.951095 0.000000 0.308897
vn -0.951095 0.000000 0.308897
vn -1.000000 0.000000 0.000000
vn -1.000000 0.000000 0.000000
vn -0.951096 0.000000 -0.308897
vn -0.951096 0.000000 -0.308897
vn -0.809137 0.000000 -0.587620
vn -0.809137 0.000000 -0.587620
vn -0.587950 0.000000 -0.808897
vn -0.587950 0.000000 -0.808897
vn -0.309137 0.000000 -0.951018
vn -0.309137 0.000000 -0.951018
vn 0.000000 0.000000 -1.000000
vn 0.000000 0.000000 -1.000000
vn 0.309137 -0.000000 -0.951018
vn 0.309137 -0.000000 -0.951018
vn 0.587950 -0.000000 -0.808897
vn 0.587950 -0.000000 -0.808897
vn 0.809137 0.000000 -0.587620
vn 0.809137 0.000000 -0.587620
vn 0.951096 0.000000 -0.308896
vn 0.951096 0.000000 -0.308896
vn -0.172155 0.983482 0.055917
vn -0.373253 0.919776 0.121216
vn -0.392457 0.919771 -0.000001
vn -0.181017 0.983480 -0.000000
vn -0.876807 0.387441 0.284780
vn -0.950368 0.039098 0.308661
vn -0.999236 0.039096 -0.000000
vn -0.921900 0.387428 -0.000000
vn -0.950640 0.030960 0.308748
vn -0.999521 0.030958 -0.000000
vn -0.808517 0.039102 0.587172
vn -0.808749 0.030963 0.587338
vn -0.587501 0.039107 0.808278
vn -0.587671 0.030967 0.808507
vn -0.308899 0.039111 0.950290
vn -0.308989 0.030970 0.950561
vn 0.000000 0.039113 0.999235
vn 0.000000 0.030971 0.999520
vn 0.308900 0.039111 0.950290
vn 0.308989 0.030970 0.950561
vn 0.587501 0.039107 0.808278
vn 0.587671 0.030967 0.808507
vn 0.808517 0.039102 0.587173
vn 0.808749 0.030963 0.587339
vn 0.950368 0.039098 0.308661
vn 0.950640 0.030960 0.308748
vn 0.999235 0.039096 -0.000000
vn 0.999521 0.030958 -0.000000
vn 0.950368 0.039098 -0.308661
vn 0.950640 0.030960 -0.308748
vn 0.808517 0.039102 -0.587172
vn 0.808749 0.030963 -0.587338
vn 0.587501 0.039107 -0.808278
vn 0.587671 0.030967 -0.808508
vn 0.308899 0.039111 -0.950290
vn 0.308989 0.030970 -0.950561
vn 0.000000 0.039113 -0.999235
vn 0.000000 0.030971 -0.999520
vn -0.308899 0.039111 -0.950290
vn -0.308989 0.030970 -0.950561
vn -0.587501 0.039107 -0.808278
vn -0.587671 0.030967 -0.808507
vn -0.808517 0.039102 -0.587172
vn -0.808749 0.030963 -0.587338
vn -0.950368 0.039098 -0.308661
vn -0.950640 0.030959 -0.308748
vn -0.745917 0.387474 0.541730
vn -0.146438 0.983486 0.106355
vn -0.317519 0.919792 0.230574
vn -0.541997 0.387519 0.745700
vn -0.106388 0.983491 0.146380
vn -0.230701 0.919811 0.317373
vn -0.284969 0.387555 0.876695
vn -0.055929 0.983495 0.172075
vn -0.121291 0.919825 0.373109
vn -0.000000 0.387567 0.921842
vn 0.000000 0.983497 0.180926
vn 0.000000 0.919831 0.392315
vn 0.284968 0.387553 0.876696
vn 0.055929 0.983495 0.172073
vn 0.121291 0.919825 0.373109
vn 0.541998 0.387518 0.745700
vn 0.106388 0.983491 0.146380
vn 0.230701 0.919810 0.317373
vn 0.745918 0.387475 0.541729
vn 0.146438 0.983486 0.106357
vn 0.317519 0.919792 0.230574
vn 0.876807 0.387440 0.284780
vn 0.172155 0.983482 0.055918
vn 0.373254 0.919776 0.121217
vn 0.921900 0.387427 -0.000000
vn 0.181017 0.983480 -0.000000
vn 0.392458 0.919770 -0.000000
vn 0.876807 0.387440 -0.284780
vn 0.172155 0.983482 -0.055917
vn 0.373254 0.919776 -0.121217
vn 0.745918 0.387475 -0.541729
vn 0.146438 0.983486 -0.106357
vn 0.317520 0.919791 -0.230577
vn 0.541998 0.387520 -0.745699
vn 0.106388 0.983491 -0.146381
vn 0.230701 0.919810 -0.317376
vn 0.284969 0.387556 -0.876695
vn 0.055929 0.983495 -0.172074
vn 0.121291 0.919824 -0.373112
vn -0.000000 0.387568 -0.921841
vn -0.000000 0.983497 -0.180926
vn -0.000000 0.919831 -0.392315
vn -0.284968 0.387555 -0.876695
vn -0.055929 0.983495 -0.172073
vn -0.121291 0.919825 -0.373110
vn -0.541997 0.387519 -0.745700
vn -0.106388 0.983491 -0.146381
vn -0.230701 0.919809 -0.317378
vn -0.745918 0.387476 -0.541728
vn -0.146438 0.983486 -0.106357
vn -0.317519 0.919792 -0.230576
vn -0.876807 0.387440 -0.284780
vn -0.172155 0.983482 -0.055917
vn -0.373253 0.919777 -0.121216
vn 0.927098 0.223210 0.301109
vn 0.974772 0.223202 0.000001
vn 0.967560 0.252642 0.000001
vn 0.920241 0.252651 0.298872
vn 0.788713 0.223233 0.572799
vn 0.782884 0.252676 0.568548
vn 0.573102 0.223261 0.788485
vn 0.568872 0.252707 0.782639
vn 0.301327 0.223284 0.927009
vn 0.299105 0.252732 0.920143
vn 0.000000 0.223293 0.974751
vn 0.000000 0.252741 0.967534
vn -0.301327 0.223284 0.927009
vn -0.299105 0.252732 0.920143
vn -0.573102 0.223261 0.788485
vn -0.568872 0.252707 0.782639
vn -0.788713 0.223233 0.572799
vn -0.782884 0.252676 0.568548
vn -0.927098 0.223211 0.301109
vn -0.920241 0.252652 0.298872
vn -0.974772 0.223202 -0.000000
vn -0.967560 0.252642 -0.000000
vn -0.927098 0.223211 -0.301109
vn -0.920241 0.252651 -0.298872
vn -0.788713 0.223233 -0.572799
vn -0.782885 0.252676 -0.568548
vn -0.573103 0.223261 -0.788484
vn -0.568872 0.252707 -0.782639
vn -0.301327 0.223284 -0.927009
vn -0.299105 0.252732 -0.920143
vn -0.000000 0.223293 -0.974751
vn -0.000000 0.252741 -0.967534
vn 0.301327 0.223284 -0.927009
vn 0.299104 0.252732 -0.920143
vn 0.573102 0.223262 -0.788485
vn 0.568872 0.252707 -0.782639
vn 0.788713 0.223233 -0.572799
vn 0.782885 0.252676 -0.568548
vn 0.927098 0.223211 -0.301108
vn 0.920241 0.252652 -0.298871
vn 0.178715 0.983901 0.000000
vn 0.169971 0.983902 -0.055199
vn 0.144592 0.983904 -0.105002
vn 0.105058 0.983908 -0.144528
vn 0.055234 0.983911 -0.169908
vn -0.000000 0.983912 -0.178654
vn -0.055234 0.983911 -0.169909
vn -0.105058 0.983908 -0.144527
vn -0.144592 0.983905 -0.104999
vn -0.169971 0.983902 -0.055199
vn -0.178715 0.983901 0.000000
vn -0.169971 0.983902 0.055199
vn -0.144592 0.983905 0.105001
vn -0.105058 0.983908 0.144528
vn -0.055235 0.983911 0.169909
vn 0.000000 0.983912 0.178656
vn 0.055235 0.983910 0.169911
vn 0.105058 0.983908 0.144528
vn 0.144593 0.983905 0.104999
vn 0.169972 0.983902 0.055199
vn 0.812632 0.519594 -0.263915
vn 0.854422 0.519579 0.000001
vn 0.326137 0.939368 -0.105933
vn 0.342922 0.939364 -0.000000
vn 0.277426 0.939380 -0.201496
vn 0.691327 0.519634 -0.502042
vn 0.201559 0.939394 -0.277331
vn 0.502333 0.519685 -0.691078
vn 0.105965 0.939407 -0.326015
vn 0.264116 0.519726 -0.812483
vn -0.000000 0.939412 -0.342789
vn -0.000000 0.519740 -0.854325
vn -0.105965 0.939407 -0.326015
vn -0.264116 0.519725 -0.812483
vn -0.201559 0.939395 -0.277329
vn -0.502333 0.519685 -0.691078
vn -0.277426 0.939380 -0.201494
vn -0.691327 0.519635 -0.502042
vn -0.326136 0.939369 -0.105933
vn -0.812632 0.519594 -0.263916
vn -0.342921 0.939364 0.000001
vn -0.854423 0.519578 0.000000
vn -0.326137 0.939369 0.105932
vn -0.812632 0.519594 0.263916
vn -0.277426 0.939380 0.201495
vn -0.691327 0.519635 0.502043
vn -0.201559 0.939395 0.277329
vn -0.502333 0.519685 0.691078
vn -0.105965 0.939408 0.326013
vn -0.264116 0.519726 0.812483
vn 0.000000 0.939412 0.342791
vn -0.000000 0.519741 0.854324
vn 0.105965 0.939406 0.326017
vn 0.264117 0.519727 0.812481
vn 0.201559 0.939395 0.277326
vn 0.502333 0.519685 0.691078
vn 0.277426 0.939381 0.201490
vn 0.691326 0.519634 0.502044
vn 0.326137 0.939369 0.105931
vn 0.812631 0.519595 0.263916
vn 0.149478 -0.988765 0.000000
vn 0.352237 -0.935911 0.000000
vn 0.334997 -0.935915 0.108810
vn 0.142165 -0.988766 0.046168
vn 0.924840 -0.380355 0.000001
vn 0.992284 -0.123988 0.000001
vn 0.943755 -0.123993 0.306516
vn 0.879609 -0.380369 0.285671
vn 0.992284 0.123988 0.000001
vn 0.924840 0.380355 0.000001
vn 0.879609 0.380369 0.285671
vn 0.943755 0.123993 0.306516
vn 0.352237 0.935911 -0.000000
vn 0.149474 0.988766 -0.000000
vn 0.142162 0.988766 0.046166
vn 0.334997 0.935915 0.108810
vn 0.169494 -0.985531 0.000000
vn 0.343478 -0.939161 0.000000
vn 0.326666 -0.939165 0.106104
vn 0.161202 -0.985532 0.052349
vn 0.923749 -0.382998 0.000001
vn 0.995130 -0.098570 0.000001
vn 0.946463 -0.098575 0.307395
vn 0.878571 -0.383011 0.285334
vn 0.995130 0.098571 0.000001
vn 0.923750 0.382995 0.000001
vn 0.878572 0.383010 0.285334
vn 0.946463 0.098574 0.307395
vn 0.343478 0.939161 0.000000
vn 0.169494 0.985531 0.000000
vn 0.161201 0.985532 0.052349
vn 0.326665 0.939165 0.106103
vn 0.802889 -0.124005 0.583089
vn 0.802889 0.124005 0.583088
vn 0.583407 -0.124020 0.802655
vn 0.583407 0.124020 0.802655
vn 0.306747 -0.124031 0.943675
vn 0.306747 0.124031 0.943675
vn 0.000000 -0.124036 0.992278
vn -0.000000 0.124036 0.992278
vn -0.306747 -0.124031 0.943675
vn -0.306747 0.124031 0.943675
vn -0.583407 -0.124019 0.802655
vn -0.583407 0.124020 0.802655
vn -0.802889 -0.124004 0.583089
vn -0.802889 0.124004 0.583088
vn -0.943755 -0.123992 0.306517
vn -0.943755 0.123992 0.306517
vn -0.992284 -0.123988 -0.000000
vn -0.992284 0.123988 0.000000
vn -0.943755 -0.123992 -0.306517
vn -0.943755 0.123992 -0.306516
vn -0.802889 -0.124004 -0.583089
vn -0.802889 0.124003 -0.583088
vn -0.583407 -0.124019 -0.802655
vn -0.583408 0.124018 -0.802655
vn -0.306747 -0.124031 -0.943675
vn -0.306747 0.124031 -0.943675
vn -0.000000 -0.124036 -0.992278
vn 0.000000 0.124036 -0.992278
vn 0.306747 -0.124032 -0.943675
vn 0.306747 0.124032 -0.943675
vn 0.583407 -0.124019 -0.802655
vn 0.583407 0.124019 -0.802655
vn 0.802888 -0.124004 -0.583089
vn 0.802889 0.124004 -0.583088
vn 0.943755 -0.123993 -0.306516
vn 0.943755 0.123993 -0.306515
vn 0.805193 -0.098584 0.584761
vn 0.805193 0.098584 0.584761
vn 0.585082 -0.098596 0.804958
vn 0.585082 0.098596 0.804958
vn 0.307628 -0.098605 0.946384
vn 0.307628 0.098605 0.946384
vn 0.000000 -0.098609 0.995126
vn 0.000000 0.098609 0.995126
vn -0.307628 -0.098605 0.946384
vn -0.307628 0.098605 0.946384
vn -0.585082 -0.098596 0.804958
vn -0.585082 0.098595 0.804958
vn -0.805193 -0.098584 0.584761
vn -0.805193 0.098584 0.584761
vn -0.946463 -0.098575 0.307395
vn -0.946463 0.098575 0.307395
vn -0.995130 -0.098571 -0.000000
vn -0.995130 0.098571 -0.000000
vn -0.946463 -0.098574 -0.307395
vn -0.946463 0.098576 -0.307395
vn -0.805193 -0.098584 -0.584761
vn -0.805193 0.098585 -0.584761
vn -0.585083 -0.098596 -0.804958
vn -0.585083 0.098596 -0.804958
vn -0.307628 -0.098605 -0.946384
vn -0.307628 0.098605 -0.946384
vn 0.000000 -0.098609 -0.995126
vn 0.000000 0.098608 -0.995126
vn 0.307628 -0.098605 -0.946384
vn 0.307628 0.098605 -0.946384
vn 0.585082 -0.098596 -0.804958
vn 0.585082 0.098596 -0.804958
vn 0.805193 -0.098584 -0.584761
vn 0.805193 0.098584 -0.584761
vn 0.946463 -0.098574 -0.307394
vn 0.946463 0.098575 -0.307394
vn -0.066512 -0.997552 -0.021599
vn -0.069934 -0.997552 0.000000
vn -0.069942 0.997551 -0.000000
vn -0.066519 0.997551 -0.021602
vn -0.056579 -0.997552 -0.041087
vn 0.120940 -0.988767 0.087820
vn -0.056586 0.997552 -0.041092
vn 0.120937 0.988768 0.087819
vn -0.041108 -0.997553 -0.056553
vn 0.087875 -0.988770 0.120883
vn -0.041113 0.997552 -0.056561
vn 0.087873 0.988770 0.120881
vn -0.021612 -0.997554 -0.066480
vn 0.046201 -0.988771 0.142118
vn -0.021615 0.997553 -0.066491
vn 0.046200 0.988772 0.142113
vn -0.000000 -0.997554 -0.069903
vn -0.000000 -0.988772 0.149435
vn -0.000000 0.997553 -0.069911
vn -0.000000 0.988773 0.149429
vn 0.021612 -0.997554 -0.066483
vn -0.046201 -0.988771 0.142117
vn 0.021615 0.997553 -0.066489
vn -0.046200 0.988772 0.142113
vn 0.041108 -0.997553 -0.056552
vn -0.087875 -0.988769 0.120885
vn 0.041113 0.997553 -0.056558
vn -0.087873 0.988770 0.120881
vn 0.056579 -0.997552 -0.041087
vn -0.120941 -0.988767 0.087821
vn 0.056586 0.997552 -0.041092
vn -0.120937 0.988768 0.087818
vn 0.066512 -0.997552 -0.021600
vn -0.142165 -0.988766 0.046168
vn 0.066519 0.997551 -0.021602
vn -0.142162 0.988766 0.046166
vn 0.069934 -0.997552 -0.000000
vn -0.149478 -0.988765 0.000000
vn 0.069942 0.997551 0.000000
vn -0.149474 0.988766 0.000000
vn 0.066512 -0.997552 0.021600
vn -0.142165 -0.988766 -0.046167
vn 0.066519 0.997551 0.021602
vn -0.142161 0.988766 -0.046166
vn 0.056579 -0.997552 0.041086
vn -0.120940 -0.988767 -0.087820
vn 0.056586 0.997552 0.041093
vn -0.120937 0.988768 -0.087818
vn 0.041108 -0.997553 0.056551
vn -0.087875 -0.988769 -0.120884
vn 0.041113 0.997552 0.056561
vn -0.087873 0.988770 -0.120881
vn 0.021612 -0.997554 0.066481
vn -0.046201 -0.988771 -0.142118
vn 0.021615 0.997553 0.066492
vn -0.046200 0.988772 -0.142113
vn 0.000000 -0.997554 0.069903
vn -0.000000 -0.988772 -0.149435
vn 0.000000 0.997553 0.069915
vn 0.000000 0.988773 -0.149427
vn -0.021612 -0.997554 0.066482
vn 0.046201 -0.988771 -0.142116
vn -0.021615 0.997553 0.066491
vn 0.046200 0.988772 -0.142112
vn -0.041108 -0.997553 0.056553
vn 0.087875 -0.988770 -0.120883
vn -0.041113 0.997552 0.056559
vn 0.087872 0.988770 -0.120881
vn -0.056579 -0.997552 0.041087
vn 0.120940 -0.988768 -0.087820
vn -0.056586 0.997552 0.041092
vn 0.120937 0.988768 -0.087819
vn -0.066512 -0.997552 0.021600
vn 0.142165 -0.988766 -0.046167
vn -0.066519 0.997551 0.021601
vn 0.142162 0.988766 -0.046166
vn -0.078449 -0.996593 -0.025477
vn -0.082486 -0.996592 -0.000000
vn -0.082486 0.996592 -0.000000
vn -0.078449 0.996593 -0.025477
vn -0.066734 -0.996593 -0.048461
vn 0.137134 -0.985534 0.099580
vn -0.066734 0.996593 -0.048461
vn 0.137134 0.985535 0.099580
vn -0.048487 -0.996594 -0.066702
vn 0.099641 -0.985537 0.137070
vn -0.048486 0.996594 -0.066702
vn 0.099640 0.985537 0.137070
vn -0.025491 -0.996595 -0.078415
vn 0.052387 -0.985540 0.161144
vn -0.025491 0.996595 -0.078414
vn 0.052387 0.985540 0.161144
vn -0.000000 -0.996595 -0.082451
vn 0.000000 -0.985540 0.169441
vn -0.000000 0.996595 -0.082450
vn 0.000000 0.985540 0.169441
vn 0.025491 -0.996595 -0.078414
vn -0.052387 -0.985539 0.161144
vn 0.025491 0.996595 -0.078414
vn -0.052387 0.985540 0.161144
vn 0.048487 -0.996594 -0.066702
vn -0.099640 -0.985537 0.137070
vn 0.048486 0.996594 -0.066702
vn -0.099640 0.985537 0.137069
vn 0.066734 -0.996593 -0.048461
vn -0.137134 -0.985534 0.099580
vn 0.066734 0.996593 -0.048460
vn -0.137134 0.985534 0.099580
vn 0.078450 -0.996593 -0.025477
vn -0.161202 -0.985532 0.052350
vn 0.078450 0.996593 -0.025477
vn -0.161201 0.985532 0.052349
vn 0.082486 -0.996592 -0.000000
vn -0.169494 -0.985531 -0.000000
vn 0.082486 0.996592 -0.000000
vn -0.169494 0.985531 -0.000000
vn 0.078449 -0.996593 0.025477
vn -0.161202 -0.985532 -0.052349
vn 0.078449 0.996593 0.025477
vn -0.161202 0.985532 -0.052349
vn 0.066734 -0.996593 0.048461
vn -0.137134 -0.985534 -0.099580
vn 0.066734 0.996593 0.048461
vn -0.137134 0.985534 -0.099580
vn 0.048487 -0.996594 0.066702
vn -0.099641 -0.985537 -0.137070
vn 0.048487 0.996594 0.066702
vn -0.099641 0.985537 -0.137070
vn 0.025491 -0.996595 0.078415
vn -0.052387 -0.985540 -0.161144
vn 0.025491 0.996595 0.078414
vn -0.052387 0.985540 -0.161145
vn 0.000000 -0.996595 0.082451
vn -0.000000 -0.985540 -0.169441
vn 0.000000 0.996595 0.082451
vn -0.000000 0.985540 -0.169441
vn -0.025491 -0.996595 0.078414
vn 0.052387 -0.985540 -0.161144
vn -0.025491 0.996595 0.078415
vn 0.052387 0.985540 -0.161144
vn -0.048486 -0.996594 0.066702
vn 0.099640 -0.985537 -0.137070
vn -0.048486 0.996594 0.066702
vn 0.099640 0.985537 -0.137069
vn -0.066734 -0.996593 0.048461
vn 0.137134 -0.985534 -0.099580
vn -0.066734 0.996593 0.048461
vn 0.137134 0.985534 -0.099580
vn -0.078449 -0.996593 0.025477
vn 0.161202 -0.985532 -0.052349
vn -0.078449 0.996593 0.025477
vn 0.161202 0.985532 -0.052349
vn 0.284964 -0.935928 0.206966
vn 0.748314 -0.380404 0.543432
vn 0.748315 0.380405 0.543431
vn 0.284964 0.935927 0.206968
vn 0.207036 -0.935943 0.284862
vn 0.543749 -0.380446 0.748063
vn 0.543750 0.380447 0.748062
vn 0.207036 0.935942 0.284866
vn 0.108844 -0.935955 0.334875
vn 0.285894 -0.380480 0.879488
vn 0.285894 0.380480 0.879488
vn 0.108844 0.935955 0.334875
vn 0.000000 -0.935960 0.352107
vn 0.000000 -0.380493 0.924784
vn -0.000000 0.380493 0.924784
vn -0.000000 0.935961 0.352103
vn -0.108844 -0.935955 0.334875
vn -0.285894 -0.380480 0.879488
vn -0.285894 0.380480 0.879488
vn -0.108844 0.935956 0.334873
vn -0.207036 -0.935943 0.284864
vn -0.543748 -0.380446 0.748063
vn -0.543749 0.380447 0.748062
vn -0.207036 0.935943 0.284862
vn -0.284963 -0.935928 0.206968
vn -0.748315 -0.380401 0.543434
vn -0.748315 0.380403 0.543431
vn -0.284963 0.935928 0.206966
vn -0.334996 -0.935916 0.108810
vn -0.879610 -0.380366 0.285672
vn -0.879609 0.380367 0.285671
vn -0.334996 0.935916 0.108809
vn -0.352237 -0.935911 0.000000
vn -0.924841 -0.380355 -0.000000
vn -0.924841 0.380355 0.000001
vn -0.352237 0.935911 0.000000
vn -0.334996 -0.935916 -0.108810
vn -0.879610 -0.380367 -0.285671
vn -0.879610 0.380367 -0.285671
vn -0.334996 0.935916 -0.108809
vn -0.284963 -0.935928 -0.206965
vn -0.748315 -0.380402 -0.543433
vn -0.748316 0.380400 -0.543432
vn -0.284963 0.935928 -0.206967
vn -0.207036 -0.935943 -0.284862
vn -0.543749 -0.380445 -0.748063
vn -0.543750 0.380444 -0.748063
vn -0.207035 0.935942 -0.284865
vn -0.108844 -0.935955 -0.334874
vn -0.285894 -0.380480 -0.879488
vn -0.285894 0.380480 -0.879488
vn -0.108844 0.935955 -0.334874
vn -0.000000 -0.935961 -0.352105
vn -0.000000 -0.380494 -0.924784
vn 0.000000 0.380494 -0.924783
vn 0.000000 0.935961 -0.352103
vn 0.108844 -0.935956 -0.334872
vn 0.285893 -0.380481 -0.879488
vn 0.285893 0.380481 -0.879488
vn 0.108844 0.935956 -0.334872
vn 0.207035 -0.935944 -0.284861
vn 0.543748 -0.380445 -0.748064
vn 0.543749 0.380445 -0.748063
vn 0.207035 0.935943 -0.284863
vn 0.284963 -0.935928 -0.206965
vn 0.748314 -0.380401 -0.543435
vn 0.748316 0.380402 -0.543431
vn 0.284962 0.935928 -0.206967
vn 0.334997 -0.935915 -0.108809
vn 0.879609 -0.380369 -0.285671
vn 0.879609 0.380369 -0.285670
vn 0.334997 0.935915 -0.108809
vn 0.277876 -0.939177 0.201820
vn 0.747431 -0.383048 0.542791
vn 0.747432 0.383045 0.542791
vn 0.277876 0.939177 0.201820
vn 0.201886 -0.939192 0.277778
vn 0.543107 -0.383090 0.747179
vn 0.543108 0.383088 0.747180
vn 0.201886 0.939192 0.277778
vn 0.106137 -0.939204 0.326544
vn 0.285557 -0.383124 0.878449
vn 0.285557 0.383123 0.878450
vn 0.106137 0.939204 0.326544
vn 0.000000 -0.939209 0.343347
vn 0.000000 -0.383137 0.923692
vn 0.000000 0.383136 0.923692
vn 0.000000 0.939208 0.343348
vn -0.106137 -0.939204 0.326544
vn -0.285557 -0.383123 0.878450
vn -0.285557 0.383122 0.878450
vn -0.106137 0.939204 0.326544
vn -0.201886 -0.939192 0.277777
vn -0.543107 -0.383089 0.747180
vn -0.543108 0.383087 0.747180
vn -0.201886 0.939192 0.277777
vn -0.277875 -0.939177 0.201820
vn -0.747431 -0.383045 0.542792
vn -0.747432 0.383045 0.542791
vn -0.277876 0.939177 0.201819
vn -0.326665 -0.939165 0.106104
vn -0.878571 -0.383012 0.285334
vn -0.878571 0.383011 0.285334
vn -0.326665 0.939166 0.106103
vn -0.343477 -0.939161 -0.000000
vn -0.923748 -0.383000 -0.000000
vn -0.923750 0.382997 -0.000000
vn -0.343478 0.939161 -0.000000
vn -0.326665 -0.939166 -0.106103
vn -0.878570 -0.383013 -0.285333
vn -0.878571 0.383012 -0.285334
vn -0.326666 0.939165 -0.106104
vn -0.277876 -0.939177 -0.201819
vn -0.747430 -0.383049 -0.542790
vn -0.747431 0.383047 -0.542790
vn -0.277876 0.939177 -0.201820
vn -0.201886 -0.939192 -0.277777
vn -0.543107 -0.383089 -0.747179
vn -0.543108 0.383088 -0.747180
vn -0.201886 0.939192 -0.277777
vn -0.106137 -0.939204 -0.326544
vn -0.285557 -0.383123 -0.878450
vn -0.285557 0.383122 -0.878450
vn -0.106137 0.939204 -0.326544
vn 0.000000 -0.939209 -0.343347
vn 0.000000 -0.383136 -0.923692
vn -0.000000 0.383135 -0.923692
vn -0.000000 0.939208 -0.343349
vn 0.106137 -0.939204 -0.326544
vn 0.285557 -0.383123 -0.878450
vn 0.285557 0.383122 -0.878450
vn 0.106137 0.939204 -0.326544
vn 0.201886 -0.939192 -0.277778
vn 0.543107 -0.383089 -0.747180
vn 0.543107 0.383088 -0.747180
vn 0.201886 0.939192 -0.277777
vn 0.277876 -0.939177 -0.201820
vn 0.747431 -0.383047 -0.542791
vn 0.747431 0.383045 -0.542791
vn 0.277875 0.939178 -0.201819
vn 0.326666 -0.939165 -0.106103
vn 0.878571 -0.383013 -0.285333
vn 0.878572 0.383010 -0.285333
vn 0.326665 0.939166 -0.106103
s 1
g Mug Mug
usemtl lambert5SG
f 1/1/1 2/2/2 101/3/3 102/4/4
f 2/591/2 3/592/5 100/593/6 101/594/3
f 3/592/5 4/595/7 99/596/8 100/593/6
f 4/595/7 5/597/9 98/598/10 99/596/8
f 5/597/9 6/599/11 97/600/12 98/598/10
f 6/599/11 7/601/13 96/602/14 97/600/12
f 7/13/13 8/14/15 95/15/16 96/16/14
f 8/14/15 9/17/17 94/18/18 95/15/16
f 9/17/17 10/19/19 93/20/20 94/18/18
f 10/19/19 11/21/21 92/22/22 93/20/20
f 11/21/21 12/23/23 91/24/24 92/22/22
f 12/603/23 13/604/25 90/605/26 91/606/24
f 13/604/25 14/607/27 89/608/28 90/605/26
f 14/607/27 15/609/29 88/610/30 89/608/28
f 15/609/29 16/611/31 87/612/32 88/610/30
f 16/611/31 17/613/33 86/614/34 87/612/32
f 17/11/33 18/9/35 85/10/36 86/12/34
f 18/9/35 19/7/37 84/8/38 85/10/36
f 19/7/37 20/5/39 83/6/40 84/8/38
f 20/5/39 1/1/1 102/4/4 83/6/40
s 2
f 2/229/41 1/230/42 21/231/43
f 3/233/44 2/229/41 21/231/43
f 4/235/45 3/233/44 21/231/43
f 5/237/46 4/235/45 21/231/43
f 6/239/47 5/237/46 21/231/43
f 7/241/48 6/239/47 21/231/43
f 8/243/49 7/241/48 21/231/43
f 9/245/50 8/243/49 21/231/43
f 10/247/51 9/245/50 21/231/43
f 11/249/52 10/247/51 21/231/43
f 12/248/53 11/249/52 21/231/43
f 13/246/54 12/248/53 21/231/43
f 14/244/55 13/246/54 21/231/43
f 15/242/56 14/244/55 21/231/43
f 16/240/57 15/242/56 21/231/43
f 17/238/58 16/240/57 21/231/43
f 18/236/59 17/238/58 21/231/43
f 19/234/60 18/236/59 21/231/43
f 20/232/61 19/234/60 21/231/43
f 1/230/42 20/232/61 21/231/43
s 3
f 24/250/62 25/251/63 22/252/64
f 25/251/63 26/253/65 22/252/64
f 26/253/65 27/255/66 22/252/64
f 27/255/66 28/257/67 22/252/64
f 28/257/67 29/259/68 22/252/64
f 29/259/68 30/261/69 22/252/64
f 30/261/69 31/263/70 22/252/64
f 31/263/70 32/265/71 22/252/64
f 32/265/71 33/267/72 22/252/64
f 33/267/72 34/269/73 22/252/64
f 34/269/73 35/270/74 22/252/64
f 35/270/74 36/268/75 22/252/64
f 36/268/75 37/266/76 22/252/64
f 37/266/76 38/264/77 22/252/64
f 38/264/77 39/262/78 22/252/64
f 39/262/78 40/260/79 22/252/64
f 40/260/79 41/258/80 22/252/64
f 41/258/80 42/256/81 22/252/64
f 42/256/81 23/254/82 22/252/64
f 23/254/82 24/250/62 22/252/64
s 4
f 104/25/83 103/26/84 63/27/85 64/28/86
f 105/31/87 104/25/83 64/28/86 65/32/88
f 106/615/89 105/616/87 65/617/88 66/618/90
f 107/619/91 106/615/89 66/618/90 67/620/92
f 108/621/93 107/619/91 67/620/92 68/622/94
f 109/623/95 108/621/93 68/622/94 69/624/96
f 110/625/97 109/623/95 69/624/96 70/626/98
f 111/627/99 110/625/97 70/626/98 71/628/100
f 112/37/101 111/38/99 71/39/100 72/40/102
f 113/41/103 112/37/101 72/40/102 73/42/104
f 114/43/105 113/41/103 73/42/104 74/44/106
f 115/45/107 114/43/105 74/44/106 75/46/108
f 116/47/109 115/45/107 75/46/108 76/48/110
f 117/629/111 116/630/109 76/631/110 77/632/112
f 118/633/113 117/629/111 77/632/112 78/634/114
f 119/635/115 118/633/113 78/634/114 79/636/116
f 120/637/117 119/635/115 79/636/116 80/638/118
f 121/33/119 120/35/117 80/36/118 81/34/120
f 122/29/121 121/33/119 81/34/120 82/30/122
f 103/26/84 122/29/121 82/30/122 63/27/85
s 5
f 125/271/123 124/272/124 127/273/125 126/274/126
s 6
f 124/49/127 123/50/128 128/51/129 127/52/130
f 128/51/129 123/50/128 24/55/131 23/56/132
f 123/50/128 129/54/133 25/59/134 24/55/131
f 129/54/133 132/63/135 26/64/136 25/59/134
f 132/639/135 135/640/137 27/641/138 26/642/136
f 135/640/137 138/645/139 28/646/140 27/641/138
f 138/645/139 141/650/141 29/651/142 28/646/140
f 141/650/141 144/653/143 30/654/144 29/651/142
f 144/68/143 147/69/145 31/70/146 30/71/144
f 147/69/145 150/72/147 32/73/148 31/70/146
f 150/72/147 153/76/149 33/77/150 32/73/148
f 153/76/149 156/79/151 34/80/152 33/77/150
f 156/79/151 159/82/153 35/83/154 34/80/152
f 159/82/153 162/85/155 36/86/156 35/83/154
f 162/658/155 165/659/157 37/660/158 36/661/156
f 165/659/157 168/664/159 38/665/160 37/660/158
f 168/664/159 171/669/161 39/670/162 38/665/160
f 171/669/161 174/672/163 40/673/164 39/670/162
f 174/66/163 177/61/165 41/65/166 40/67/164
f 177/61/165 180/57/167 42/60/168 41/65/166
f 180/57/167 128/51/129 23/56/132 42/60/168
f 123/50/128 124/49/127 130/53/169 129/54/133
s 5
f 124/272/124 125/271/123 131/275/170 130/276/171
s 6
f 129/647/133 130/648/169 133/643/172 132/639/135
s 5
f 130/276/171 131/275/170 134/282/173 133/283/174
s 6
f 132/639/135 133/643/172 136/644/175 135/640/137
s 5
f 133/283/174 134/282/173 137/291/176 136/292/177
s 6
f 135/640/137 136/644/175 139/649/178 138/645/139
s 5
f 136/292/177 137/291/176 140/299/179 139/300/180
s 6
f 138/645/139 139/649/178 142/652/181 141/650/141
s 5
f 139/300/180 140/299/179 143/307/182 142/308/183
s 6
f 141/650/141 142/652/181 145/655/184 144/653/143
s 5
f 142/308/183 143/307/182 146/315/185 145/316/186
s 6
f 144/653/143 145/655/184 148/656/187 147/657/145
s 5
f 145/316/186 146/315/185 149/323/188 148/324/189
s 6
f 147/69/145 148/74/187 151/75/190 150/72/147
s 5
f 148/324/189 149/323/188 152/331/191 151/332/192
s 6
f 150/72/147 151/75/190 154/78/193 153/76/149
s 5
f 151/332/192 152/331/191 155/339/194 154/340/195
s 6
f 153/76/149 154/78/193 157/81/196 156/79/151
s 5
f 154/340/195 155/339/194 158/342/197 157/341/198
s 6
f 156/79/151 157/81/196 160/84/199 159/82/153
s 5
f 157/341/198 158/342/197 161/334/200 160/333/201
s 6
f 159/666/153 160/667/199 163/662/202 162/658/155
s 5
f 160/333/201 161/334/200 164/326/203 163/325/204
s 6
f 162/658/155 163/662/202 166/663/205 165/659/157
s 5
f 163/325/204 164/326/203 167/318/206 166/317/207
s 6
f 165/659/157 166/663/205 169/668/208 168/664/159
s 5
f 166/317/207 167/318/206 170/310/209 169/309/210
s 6
f 168/664/159 169/668/208 172/671/211 171/669/161
s 5
f 169/309/210 170/310/209 173/302/212 172/301/213
s 6
f 171/669/161 172/671/211 175/674/214 174/672/163
s 5
f 172/301/213 173/302/212 176/294/215 175/293/216
s 6
f 174/672/163 175/674/214 178/675/217 177/676/165
s 5
f 175/293/216 176/294/215 179/285/218 178/284/219
s 6
f 177/61/165 178/62/217 181/58/220 180/57/167
s 5
f 178/284/219 179/285/218 182/278/221 181/277/222
f 126/274/126 127/273/125 181/277/222 182/278/221
s 6
f 127/52/130 128/51/129 180/57/167 181/58/220
s 7
f 44/87/223 43/88/224 240/89/225 237/90/226
f 45/95/227 44/87/223 237/90/226 234/96/228
f 46/677/229 45/678/227 234/679/228 231/680/230
f 47/681/231 46/677/229 231/680/230 228/682/232
f 48/685/233 47/681/231 228/682/232 225/686/234
f 49/688/235 48/685/233 225/686/234 222/689/236
f 50/691/237 49/688/235 222/689/236 219/692/238
f 51/694/239 50/691/237 219/692/238 216/695/240
f 52/106/241 51/107/239 216/108/240 213/109/242
f 53/112/243 52/106/241 213/109/242 210/113/244
f 54/117/245 53/112/243 210/113/244 207/118/246
f 55/120/247 54/117/245 207/118/246 204/121/248
f 56/123/249 55/120/247 204/121/248 201/124/250
f 57/696/251 56/697/249 201/698/250 198/699/252
f 58/702/253 57/696/251 198/699/252 195/703/254
f 59/705/255 58/702/253 195/703/254 192/706/256
f 60/708/257 59/705/255 192/706/256 189/709/258
f 61/711/259 60/708/257 189/709/258 186/712/260
f 62/91/261 61/97/259 186/98/260 183/92/262
f 43/88/224 62/91/261 183/92/262 240/89/225
s 5
f 242/279/263 185/280/264 125/271/123 126/274/126
f 185/280/264 188/281/265 131/275/170 125/271/123
f 188/281/265 191/290/266 134/282/173 131/275/170
f 191/290/266 194/298/267 137/291/176 134/282/173
f 194/298/267 197/306/268 140/299/179 137/291/176
f 197/306/268 200/314/269 143/307/182 140/299/179
f 200/314/269 203/322/270 146/315/185 143/307/182
f 203/322/270 206/330/271 149/323/188 146/315/185
f 206/330/271 209/338/272 152/331/191 149/323/188
f 209/338/272 212/346/273 155/339/194 152/331/191
f 212/346/273 215/347/274 158/342/197 155/339/194
f 215/347/274 218/343/275 161/334/200 158/342/197
f 218/343/275 221/335/276 164/326/203 161/334/200
f 221/335/276 224/327/277 167/318/206 164/326/203
f 224/327/277 227/319/278 170/310/209 167/318/206
f 227/319/278 230/311/279 173/302/212 170/310/209
f 230/311/279 233/303/280 176/294/215 173/302/212
f 233/303/280 236/295/281 179/285/218 176/294/215
f 236/295/281 239/286/282 182/278/221 179/285/218
f 239/286/282 242/279/263 126/274/126 182/278/221
s 7
f 183/92/262 184/99/283 241/94/284 240/89/225
s 5
f 184/287/285 185/280/264 242/279/263 241/288/286
f 185/280/264 184/287/285 187/289/287 188/281/265
s 7
f 184/99/283 183/92/262 186/98/260 187/101/288
s 5
f 188/281/265 187/289/287 190/297/289 191/290/266
s 7
f 187/101/288 186/98/260 189/104/258 190/105/290
s 5
f 191/290/266 190/297/289 193/305/291 194/298/267
s 7
f 190/710/290 189/709/258 192/706/256 193/707/292
s 5
f 194/298/267 193/305/291 196/313/293 197/306/268
s 7
f 193/707/292 192/706/256 195/703/254 196/704/294
s 5
f 197/306/268 196/313/293 199/321/295 200/314/269
s 7
f 196/704/294 195/703/254 198/699/252 199/700/296
s 5
f 200/314/269 199/321/295 202/329/297 203/322/270
s 7
f 199/700/296 198/699/252 201/698/250 202/701/298
s 5
f 203/322/270 202/329/297 205/337/299 206/330/271
s 7
f 202/125/298 201/124/250 204/121/248 205/122/300
s 5
f 206/330/271 205/337/299 208/345/301 209/338/272
s 7
f 205/122/300 204/121/248 207/118/246 208/119/302
s 5
f 209/338/272 208/345/301 211/349/303 212/346/273
s 7
f 208/119/302 207/118/246 210/113/244 211/114/304
s 5
f 212/346/273 211/349/303 214/350/305 215/347/274
s 7
f 211/114/304 210/113/244 213/109/242 214/110/306
s 5
f 215/347/274 214/350/305 217/348/307 218/343/275
s 7
f 214/110/306 213/109/242 216/108/240 217/111/308
s 5
f 218/343/275 217/348/307 220/344/309 221/335/276
s 7
f 217/111/308 216/108/240 219/115/238 220/116/310
s 5
f 221/335/276 220/344/309 223/336/311 224/327/277
s 7
f 220/693/310 219/692/238 222/689/236 223/690/312
s 5
f 224/327/277 223/336/311 226/328/313 227/319/278
s 7
f 223/690/312 222/689/236 225/686/234 226/687/314
s 5
f 227/319/278 226/328/313 229/320/315 230/311/279
s 7
f 226/687/314 225/686/234 228/682/232 229/683/316
s 5
f 230/311/279 229/320/315 232/312/317 233/303/280
s 7
f 229/683/316 228/682/232 231/680/230 232/684/318
s 5
f 233/303/280 232/312/317 235/304/319 236/295/281
s 7
f 232/102/318 231/103/230 234/96/228 235/100/320
s 5
f 236/295/281 235/304/319 238/296/321 239/286/282
s 7
f 235/100/320 234/96/228 237/90/226 238/93/322
s 5
f 239/286/282 238/296/321 241/288/286 242/279/263
s 7
f 238/93/322 237/90/226 240/89/225 241/94/284
s 8
f 245/351/323 244/352/324 247/353/325 246/354/326
s 9
f 244/126/327 243/127/328 248/128/329 247/129/330
f 251/132/331 250/139/332 253/140/333 252/133/334
s 11
f 250/411/335 249/412/336 254/413/337 253/414/338
s 12
f 365/471/339 364/472/340 367/473/341 366/474/342
s 13
f 364/153/343 363/154/344 368/155/345 367/156/346
f 371/159/347 370/166/348 373/167/349 372/160/350
s 15
f 370/531/351 369/532/352 374/533/353 373/534/354
s 9
f 248/128/329 243/127/328 251/132/331 252/133/334
f 257/134/355 248/128/329 252/133/334 258/141/356
f 263/142/357 257/134/355 258/141/356 264/149/358
f 269/713/359 263/714/357 264/715/358 270/716/360
f 275/721/361 269/713/359 270/716/360 276/722/362
f 281/725/363 275/721/361 276/722/362 282/726/364
f 287/729/365 281/725/363 282/726/364 288/730/366
f 293/733/367 287/729/365 288/730/366 294/734/368
f 299/177/369 293/178/367 294/179/368 300/180/370
f 305/185/371 299/177/369 300/180/370 306/186/372
f 311/193/373 305/185/371 306/186/372 312/194/374
f 317/197/375 311/193/373 312/194/374 318/198/376
f 323/201/377 317/197/375 318/198/376 324/202/378
f 329/735/379 323/736/377 324/737/378 330/738/380
f 335/743/381 329/735/379 330/738/380 336/744/382
f 341/747/383 335/743/381 336/744/382 342/748/384
f 347/751/385 341/747/383 342/748/384 348/752/386
f 353/137/387 347/145/385 348/150/386 354/146/388
f 359/131/389 353/137/387 354/146/388 360/138/390
f 243/127/328 359/131/389 360/138/390 251/132/331
s 13
f 368/155/345 363/154/344 371/159/347 372/160/350
f 377/161/391 368/155/345 372/160/350 378/168/392
f 383/757/393 377/758/391 378/759/392 384/760/394
f 389/763/395 383/757/393 384/760/394 390/764/396
f 395/768/397 389/763/395 390/764/396 396/769/398
f 401/772/399 395/768/397 396/769/398 402/773/400
f 407/776/401 401/772/399 402/773/400 408/777/402
f 413/780/403 407/776/401 408/777/402 414/781/404
f 419/205/405 413/206/403 414/207/404 420/208/406
f 425/213/407 419/205/405 420/208/406 426/214/408
f 431/217/409 425/213/407 426/214/408 432/218/410
f 437/221/411 431/217/409 432/218/410 438/222/412
f 443/225/413 437/221/411 438/222/412 444/226/414
f 449/784/415 443/785/413 444/786/414 450/787/416
f 455/792/417 449/784/415 450/787/416 456/793/418
f 461/796/419 455/792/417 456/793/418 462/797/420
f 467/800/421 461/796/419 462/797/420 468/801/422
f 473/804/423 467/800/421 468/801/422 474/805/424
f 479/158/425 473/164/423 474/169/424 480/165/426
f 363/154/344 479/158/425 480/165/426 371/159/347
s 8
f 64/359/427 63/360/428 245/351/323 246/354/326
s 11
f 43/417/429 44/418/430 254/413/337 249/412/336
s 8
f 65/366/431 64/359/427 246/354/326 255/358/432
s 11
f 44/418/430 45/424/433 260/419/434 254/413/337
s 8
f 66/372/435 65/366/431 255/358/432 261/365/436
s 11
f 45/424/433 46/430/437 266/425/438 260/419/434
s 8
f 67/378/439 66/372/435 261/365/436 267/371/440
s 11
f 46/430/437 47/436/441 272/431/442 266/425/438
s 8
f 68/384/443 67/378/439 267/371/440 273/377/444
s 11
f 47/436/441 48/442/445 278/437/446 272/431/442
s 8
f 69/390/447 68/384/443 273/377/444 279/383/448
s 11
f 48/442/445 49/448/449 284/443/450 278/437/446
s 8
f 70/396/451 69/390/447 279/383/448 285/389/452
s 11
f 49/448/449 50/454/453 290/449/454 284/443/450
s 8
f 71/402/455 70/396/451 285/389/452 291/395/456
s 11
f 50/454/453 51/460/457 296/455/458 290/449/454
s 8
f 72/408/459 71/402/455 291/395/456 297/401/460
s 11
f 51/460/457 52/466/461 302/461/462 296/455/458
s 8
f 73/410/463 72/408/459 297/401/460 303/407/464
s 11
f 52/466/461 53/470/465 308/467/466 302/461/462
s 8
f 74/409/467 73/410/463 303/407/464 309/404/468
s 11
f 53/470/465 54/469/469 314/464/470 308/467/466
s 8
f 75/403/471 74/409/467 309/404/468 315/398/472
s 11
f 54/469/469 55/465/473 320/458/474 314/464/470
s 8
f 76/397/475 75/403/471 315/398/472 321/392/476
s 11
f 55/465/473 56/459/477 326/452/478 320/458/474
s 8
f 77/391/479 76/397/475 321/392/476 327/386/480
s 11
f 56/459/477 57/453/481 332/446/482 326/452/478
s 8
f 78/385/483 77/391/479 327/386/480 333/380/484
s 11
f 57/453/481 58/447/485 338/440/486 332/446/482
s 8
f 79/379/487 78/385/483 333/380/484 339/374/488
s 11
f 58/447/485 59/441/489 344/434/490 338/440/486
s 8
f 80/373/491 79/379/487 339/374/488 345/368/492
s 11
f 59/441/489 60/435/493 350/428/494 344/434/490
s 8
f 81/367/495 80/373/491 345/368/492 351/362/496
s 11
f 60/435/493 61/429/497 356/422/498 350/428/494
s 8
f 82/361/499 81/367/495 351/362/496 357/355/500
s 11
f 61/429/497 62/423/501 362/416/502 356/422/498
s 8
f 63/360/428 82/361/499 357/355/500 245/351/323
s 11
f 62/423/501 43/417/429 249/412/336 362/416/502
s 12
f 84/479/503 83/480/504 365/471/339 366/474/342
s 15
f 103/537/505 104/538/506 374/533/353 369/532/352
s 12
f 85/486/507 84/479/503 366/474/342 375/478/508
s 15
f 104/538/506 105/544/509 380/539/510 374/533/353
s 12
f 86/492/511 85/486/507 375/478/508 381/485/512
s 15
f 105/544/509 106/550/513 386/545/514 380/539/510
s 12
f 87/498/515 86/492/511 381/485/512 387/491/516
s 15
f 106/550/513 107/556/517 392/551/518 386/545/514
s 12
f 88/504/519 87/498/515 387/491/516 393/497/520
s 15
f 107/556/517 108/562/521 398/557/522 392/551/518
s 12
f 89/510/523 88/504/519 393/497/520 399/503/524
s 15
f 108/562/521 109/568/525 404/563/526 398/557/522
s 12
f 90/516/527 89/510/523 399/503/524 405/509/528
s 15
f 109/568/525 110/574/529 410/569/530 404/563/526
s 12
f 91/522/531 90/516/527 405/509/528 411/515/532
s 15
f 110/574/529 111/580/533 416/575/534 410/569/530
s 12
f 92/528/535 91/522/531 411/515/532 417/521/536
s 15
f 111/580/533 112/586/537 422/581/538 416/575/534
s 12
f 93/530/539 92/528/535 417/521/536 423/527/540
s 15
f 112/586/537 113/590/541 428/587/542 422/581/538
s 12
f 94/529/543 93/530/539 423/527/540 429/524/544
s 15
f 113/590/541 114/589/545 434/584/546 428/587/542
s 12
f 95/523/547 94/529/543 429/524/544 435/518/548
s 15
f 114/589/545 115/585/549 440/578/550 434/584/546
s 12
f 96/517/551 95/523/547 435/518/548 441/512/552
s 15
f 115/585/549 116/579/553 446/572/554 440/578/550
s 12
f 97/511/555 96/517/551 441/512/552 447/506/556
s 15
f 116/579/553 117/573/557 452/566/558 446/572/554
s 12
f 98/505/559 97/511/555 447/506/556 453/500/560
s 15
f 117/573/557 118/567/561 458/560/562 452/566/558
s 12
f 99/499/563 98/505/559 453/500/560 459/494/564
s 15
f 118/567/561 119/561/565 464/554/566 458/560/562
s 12
f 100/493/567 99/499/563 459/494/564 465/488/568
s 15
f 119/561/565 120/555/569 470/548/570 464/554/566
s 12
f 101/487/571 100/493/567 465/488/568 471/482/572
s 15
f 120/555/569 121/549/573 476/542/574 470/548/570
s 12
f 102/481/575 101/487/571 471/482/572 477/475/576
s 15
f 121/549/573 122/543/577 482/536/578 476/542/574
s 12
f 83/480/504 102/481/575 477/475/576 365/471/339
s 15
f 122/543/577 103/537/505 369/532/352 482/536/578
s 8
f 246/354/326 247/353/325 256/357/579 255/358/432
s 9
f 247/129/330 248/128/329 257/134/355 256/135/580
f 252/133/334 253/140/333 259/148/581 258/141/356
s 11
f 253/414/338 254/413/337 260/419/434 259/420/582
s 8
f 255/358/432 256/357/579 262/364/583 261/365/436
s 9
f 256/135/580 257/134/355 263/142/357 262/143/584
f 258/141/356 259/148/581 265/152/585 264/149/358
s 11
f 259/420/582 260/419/434 266/425/438 265/426/586
s 8
f 261/365/436 262/364/583 268/370/587 267/371/440
s 9
f 262/717/584 263/714/357 269/713/359 268/718/588
f 264/715/358 265/719/585 271/720/589 270/716/360
s 11
f 265/426/586 266/425/438 272/431/442 271/432/590
s 8
f 267/371/440 268/370/587 274/376/591 273/377/444
s 9
f 268/718/588 269/713/359 275/721/361 274/723/592
f 270/716/360 271/720/589 277/724/593 276/722/362
s 11
f 271/432/590 272/431/442 278/437/446 277/438/594
s 8
f 273/377/444 274/376/591 280/382/595 279/383/448
s 9
f 274/723/592 275/721/361 281/725/363 280/727/596
f 276/722/362 277/724/593 283/728/597 282/726/364
s 11
f 277/438/594 278/437/446 284/443/450 283/444/598
s 8
f 279/383/448 280/382/595 286/388/599 285/389/452
s 9
f 280/727/596 281/725/363 287/729/365 286/731/600
f 282/726/364 283/728/597 289/732/601 288/730/366
s 11
f 283/444/598 284/443/450 290/449/454 289/450/602
s 8
f 285/389/452 286/388/599 292/394/603 291/395/456
s 9
f 286/187/600 287/188/365 293/178/367 292/181/604
f 288/190/366 289/191/601 295/183/605 294/179/368
s 11
f 289/450/602 290/449/454 296/455/458 295/456/606
s 8
f 291/395/456 292/394/603 298/400/607 297/401/460
s 9
f 292/181/604 293/178/367 299/177/369 298/182/608
f 294/179/368 295/183/605 301/184/609 300/180/370
s 11
f 295/456/606 296/455/458 302/461/462 301/462/610
s 8
f 297/401/460 298/400/607 304/406/611 303/407/464
s 9
f 298/182/608 299/177/369 305/185/371 304/189/612
f 300/180/370 301/184/609 307/192/613 306/186/372
s 11
f 301/462/610 302/461/462 308/467/466 307/468/614
s 8
f 303/407/464 304/406/611 310/405/615 309/404/468
s 9
f 304/189/612 305/185/371 311/193/373 310/195/616
f 306/186/372 307/192/613 313/196/617 312/194/374
s 11
f 307/468/614 308/467/466 314/464/470 313/463/618
s 8
f 309/404/468 310/405/615 316/399/619 315/398/472
s 9
f 310/195/616 311/193/373 317/197/375 316/199/620
f 312/194/374 313/196/617 319/200/621 318/198/376
s 11
f 313/463/618 314/464/470 320/458/474 319/457/622
s 8
f 315/398/472 316/399/619 322/393/623 321/392/476
s 9
f 316/199/620 317/197/375 323/201/377 322/203/624
f 318/198/376 319/200/621 325/204/625 324/202/378
s 11
f 319/457/622 320/458/474 326/452/478 325/451/626
s 8
f 321/392/476 322/393/623 328/387/627 327/386/480
s 9
f 322/739/624 323/736/377 329/735/379 328/740/628
f 324/737/378 325/741/625 331/742/629 330/738/380
s 11
f 325/451/626 326/452/478 332/446/482 331/445/630
s 8
f 327/386/480 328/387/627 334/381/631 333/380/484
s 9
f 328/740/628 329/735/379 335/743/381 334/745/632
f 330/738/380 331/742/629 337/746/633 336/744/382
s 11
f 331/445/630 332/446/482 338/440/486 337/439/634
s 8
f 333/380/484 334/381/631 340/375/635 339/374/488
s 9
f 334/745/632 335/743/381 341/747/383 340/749/636
f 336/744/382 337/746/633 343/750/637 342/748/384
s 11
f 337/439/634 338/440/486 344/434/490 343/433/638
s 8
f 339/374/488 340/375/635 346/369/639 345/368/492
s 9
f 340/749/636 341/747/383 347/751/385 346/753/640
f 342/748/384 343/750/637 349/754/641 348/752/386
s 11
f 343/433/638 344/434/490 350/428/494 349/427/642
s 8
f 345/368/492 346/369/639 352/363/643 351/362/496
s 9
f 346/144/640 347/145/385 353/137/387 352/136/644
f 348/752/386 349/754/641 355/755/645 354/756/388
s 11
f 349/427/642 350/428/494 356/422/498 355/421/646
s 8
f 351/362/496 352/363/643 358/356/647 357/355/500
s 9
f 352/136/644 353/137/387 359/131/389 358/130/648
f 354/146/388 355/151/645 361/147/649 360/138/390
s 11
f 355/421/646 356/422/498 362/416/502 361/415/650
s 9
f 243/127/328 244/126/327 358/130/648 359/131/389
s 8
f 244/352/324 245/351/323 357/355/500 358/356/647
s 11
f 249/412/336 250/411/335 361/415/650 362/416/502
s 9
f 250/139/332 251/132/331 360/138/390 361/147/649
s 12
f 366/474/342 367/473/341 376/477/651 375/478/508
s 13
f 367/156/346 368/155/345 377/161/391 376/162/652
f 372/160/350 373/167/349 379/171/653 378/168/392
s 15
f 373/534/354 374/533/353 380/539/510 379/540/654
s 12
f 375/478/508 376/477/651 382/484/655 381/485/512
s 13
f 376/761/652 377/758/391 383/757/393 382/762/656
f 378/168/392 379/171/653 385/173/657 384/174/394
s 15
f 379/540/654 380/539/510 386/545/514 385/546/658
s 12
f 381/485/512 382/484/655 388/490/659 387/491/516
s 13
f 382/762/656 383/757/393 389/763/395 388/765/660
f 384/760/394 385/766/657 391/767/661 390/764/396
s 15
f 385/546/658 386/545/514 392/551/518 391/552/662
s 12
f 387/491/516 388/490/659 394/496/663 393/497/520
s 13
f 388/765/660 389/763/395 395/768/397 394/770/664
f 390/764/396 391/767/661 397/771/665 396/769/398
s 15
f 391/552/662 392/551/518 398/557/522 397/558/666
s 12
f 393/497/520 394/496/663 400/502/667 399/503/524
s 13
f 394/770/664 395/768/397 401/772/399 400/774/668
f 396/769/398 397/771/665 403/775/669 402/773/400
s 15
f 397/558/666 398/557/522 404/563/526 403/564/670
s 12
f 399/503/524 400/502/667 406/508/671 405/509/528
s 13
f 400/774/668 401/772/399 407/776/401 406/778/672
f 402/773/400 403/775/669 409/779/673 408/777/402
s 15
f 403/564/670 404/563/526 410/569/530 409/570/674
s 12
f 405/509/528 406/508/671 412/514/675 411/515/532
s 13
f 406/778/672 407/776/401 413/780/403 412/782/676
f 408/777/402 409/779/673 415/783/677 414/781/404
s 15
f 409/570/674 410/569/530 416/575/534 415/576/678
s 12
f 411/515/532 412/514/675 418/520/679 417/521/536
s 13
f 412/209/676 413/206/403 419/205/405 418/210/680
f 414/207/404 415/211/677 421/212/681 420/208/406
s 15
f 415/576/678 416/575/534 422/581/538 421/582/682
s 12
f 417/521/536 418/520/679 424/526/683 423/527/540
s 13
f 418/210/680 419/205/405 425/213/407 424/215/684
f 420/208/406 421/212/681 427/216/685 426/214/408
s 15
f 421/582/682 422/581/538 428/587/542 427/588/686
s 12
f 423/527/540 424/526/683 430/525/687 429/524/544
s 13
f 424/215/684 425/213/407 431/217/409 430/219/688
f 426/214/408 427/216/685 433/220/689 432/218/410
s 15
f 427/588/686 428/587/542 434/584/546 433/583/690
s 12
f 429/524/544 430/525/687 436/519/691 435/518/548
s 13
f 430/219/688 431/217/409 437/221/411 436/223/692
f 432/218/410 433/220/689 439/224/693 438/222/412
s 15
f 433/583/690 434/584/546 440/578/550 439/577/694
s 12
f 435/518/548 436/519/691 442/513/695 441/512/552
s 13
f 436/223/692 437/221/411 443/225/413 442/227/696
f 438/222/412 439/224/693 445/228/697 444/226/414
s 15
f 439/577/694 440/578/550 446/572/554 445/571/698
s 12
f 441/512/552 442/513/695 448/507/699 447/506/556
s 13
f 442/788/696 443/785/413 449/784/415 448/789/700
f 444/786/414 445/790/697 451/791/701 450/787/416
s 15
f 445/571/698 446/572/554 452/566/558 451/565/702
s 12
f 447/506/556 448/507/699 454/501/703 453/500/560
s 13
f 448/789/700 449/784/415 455/792/417 454/794/704
f 450/787/416 451/791/701 457/795/705 456/793/418
s 15
f 451/565/702 452/566/558 458/560/562 457/559/706
s 12
f 453/500/560 454/501/703 460/495/707 459/494/564
s 13
f 454/794/704 455/792/417 461/796/419 460/798/708
f 456/793/418 457/795/705 463/799/709 462/797/420
s 15
f 457/559/706 458/560/562 464/554/566 463/553/710
s 12
f 459/494/564 460/495/707 466/489/711 465/488/568
s 13
f 460/798/708 461/796/419 467/800/421 466/802/712
f 462/797/420 463/799/709 469/803/713 468/801/422
s 15
f 463/553/710 464/554/566 470/548/570 469/547/714
s 12
f 465/488/568 466/489/711 472/483/715 471/482/572
s 13
f 466/802/712 467/800/421 473/804/423 472/806/716
f 468/175/422 469/176/713 475/172/717 474/169/424
s 15
f 469/547/714 470/548/570 476/542/574 475/541/718
s 12
f 471/482/572 472/483/715 478/476/719 477/475/576
s 13
f 472/163/716 473/164/423 479/158/425 478/157/720
f 474/169/424 475/172/717 481/170/721 480/165/426
s 15
f 475/541/718 476/542/574 482/536/578 481/535/722
s 13
f 363/154/344 364/153/343 478/157/720 479/158/425
s 12
f 364/472/340 365/471/339 477/475/576 478/476/719
s 15
f 369/532/352 370/531/351 481/535/722 482/536/578
s 13
f 370/166/348 371/159/347 480/165/426 481/170/721
g default
v -0.072848 1.442881 -1.587710
v -0.072848 1.549026 -1.481565
v -0.072848 1.540947 -1.522185
v -0.072848 1.517937 -1.556621
v -0.072848 1.483501 -1.579630
v 0.072848 1.442881 -1.587710
v 0.072848 1.483501 -1.579630
v 0.072848 1.517937 -1.556621
v 0.072848 1.540947 -1.522185
v 0.072848 1.549026 -1.481565
v -0.072848 0.344608 -1.587710
v -0.072848 0.303987 -1.579630
v -0.072848 0.269551 -1.556621
v -0.072848 0.246542 -1.522185
v -0.072848 0.238462 -1.481565
v 0.072848 0.344608 -1.587710
v 0.072848 0.238462 -1.481565
v 0.072848 0.246542 -1.522185
v 0.072848 0.269551 -1.556621
v 0.072848 0.303987 -1.579630
v -0.072848 1.512321 -1.421536
v -0.072848 1.417970 -1.515887
v -0.072848 1.362700 -1.406727
v -0.072848 1.403161 -1.366266
v 0.072848 1.417970 -1.515887
v 0.072848 1.512321 -1.421536
v -0.072848 0.371222 -1.366266
v -0.072848 0.411682 -1.406727
v -0.072848 0.356413 -1.515887
v -0.072848 0.260881 -1.421536
v 0.072848 0.260881 -1.421536
v 0.072848 0.356413 -1.515887
v -0.072848 1.417970 -1.452986
v -0.072848 1.449420 -1.421536
v 0.072848 1.449420 -1.421536
v 0.072848 1.417970 -1.452986
v -0.072848 0.324962 -1.421536
v -0.072848 0.356413 -1.452986
v 0.072848 0.356413 -1.452986
v 0.072848 0.324962 -1.421536
v -0.072848 0.238462 -1.436553
v -0.051610 0.238462 -1.421536
v -0.066627 0.244682 -1.421536
v -0.072848 0.259700 -1.002611
v -0.066627 0.244682 -1.002611
v -0.051610 0.238462 -1.002611
v 0.072848 0.238462 -1.436553
v 0.066627 0.244682 -1.421536
v 0.051610 0.238462 -1.421536
v 0.072848 0.259700 -1.002611
v 0.051610 0.238462 -1.002611
v 0.066627 0.244682 -1.002611
v 0.072848 1.527789 -1.421536
v 0.072848 1.549026 -1.436553
v 0.051610 1.549026 -1.421536
v 0.066627 1.542806 -1.421536
v 0.051610 1.549026 -1.002611
v 0.072848 1.527789 -1.002611
v 0.066627 1.542806 -1.002611
v -0.072848 1.527789 -1.421536
v -0.066627 1.542806 -1.421536
v -0.051610 1.549026 -1.421536
v -0.072848 1.549026 -1.436553
v -0.072848 1.527789 -1.002611
v -0.051610 1.549026 -1.002611
v -0.066627 1.542806 -1.002611
v -0.066627 1.424190 -1.002611
v -0.051610 1.417970 -1.002611
v -0.072848 1.439208 -1.002611
v -0.072848 1.414083 -1.325502
v -0.051610 1.417970 -1.310997
v -0.066627 1.424190 -1.318284
v -0.072848 1.439208 -1.335878
v 0.072182 1.437601 -1.002611
v 0.051610 1.417970 -1.002611
v 0.072848 1.439208 -1.335878
v 0.051610 1.417970 -1.310997
v -0.066627 0.350192 -1.002611
v -0.072848 0.335175 -1.002611
v -0.051610 0.356413 -1.002611
v -0.072848 0.360300 -1.325502
v -0.072848 0.335175 -1.335878
v -0.066627 0.350192 -1.318284
v -0.051610 0.356413 -1.310997
v 0.051610 0.356413 -1.002611
v 0.072182 0.336782 -1.002611
v 0.051610 0.356413 -1.310997
v 0.072848 0.335175 -1.335878
v -0.072848 1.417970 -1.571016
v -0.072848 1.429775 -1.587710
v -0.056154 1.417970 -1.587710
v -0.067958 1.417970 -1.582821
v -0.072848 0.356413 -1.571016
v -0.067958 0.356413 -1.582821
v -0.056154 0.356413 -1.587710
v 0.072848 1.429775 -1.587710
v 0.072848 1.417970 -1.571016
v 0.067958 1.417970 -1.582821
v 0.056154 1.417970 -1.587710
v 0.072848 0.356413 -1.571016
v 0.056154 0.356413 -1.587710
v 0.067958 0.356413 -1.582821
v -0.072848 1.318833 -1.418481
v -0.072848 1.326989 -1.438230
v -0.067958 1.313159 -1.426426
v -0.056154 1.307431 -1.421536
v -0.072848 0.455550 -1.418481
v -0.056154 0.466952 -1.421536
v -0.067958 0.461224 -1.426426
v -0.072848 0.447394 -1.438230
v 0.056154 1.307431 -1.421536
v 0.067958 1.308075 -1.426426
v 0.072848 1.309628 -1.438230
v 0.072848 0.464754 -1.438230
v 0.067958 0.466308 -1.426426
v 0.056154 0.466952 -1.421536
v 0.056154 1.403161 -1.366266
v 0.067958 1.407545 -1.368797
v 0.072848 1.418128 -1.374908
v 0.057023 1.416979 -1.314694
v 0.068283 1.419173 -1.324142
v 0.072848 1.428834 -1.331594
v 0.056154 1.362700 -1.406727
v 0.067958 1.365232 -1.411111
v 0.072848 1.371342 -1.421694
v 0.056154 0.411682 -1.406727
v 0.067958 0.409151 -1.411111
v 0.072848 0.403041 -1.421694
v 0.072848 0.356255 -1.374908
v 0.067958 0.366838 -1.368797
v 0.056154 0.371222 -1.366266
v 0.072848 0.345549 -1.331594
v 0.068283 0.355210 -1.324142
v 0.057023 0.357403 -1.314694
v 0.054823 1.419301 -1.002611
v 0.064830 1.425988 -1.002611
v 0.070268 1.432980 -1.328581
v 0.064325 1.425121 -1.319375
v 0.054090 1.418997 -1.312200
v 0.064830 0.348395 -1.002611
v 0.054823 0.355082 -1.002611
v 0.054090 0.355385 -1.312200
v 0.064325 0.349262 -1.319375
v 0.070268 0.341403 -1.328582
v -0.074383 1.403161 -1.366266
v -0.074383 1.362700 -1.406727
v 0.054618 1.362700 -1.406727
v 0.054618 1.403161 -1.366266
v -0.074383 1.318833 -1.418481
v -0.057689 1.307431 -1.421536
v 0.054618 1.307431 -1.421536
v -0.074383 1.414083 -1.325502
v -0.053145 1.417970 -1.310997
v 0.055488 1.416979 -1.314694
v 0.050075 1.417970 -1.310997
v 0.066423 1.308075 -1.426426
v 0.066423 1.365232 -1.411111
v 0.071312 1.309628 -1.438230
v 0.071312 1.371342 -1.421694
vt 0.362461 0.637903
vt 0.211866 0.637903
vt 0.211866 0.576223
vt 0.224773 0.489339
vt 0.349554 0.489339
vt 0.362461 0.576223
vt 0.362461 0.651110
vt 0.211866 0.651110
vt 0.195133 0.487463
vt 0.198314 0.470661
vt 0.210191 0.656581
vt 0.204429 0.647541
vt 0.199544 0.621798
vt 0.196279 0.583270
vt 0.195133 0.537823
vt 0.211866 0.505848
vt 0.219707 0.454092
vt 0.225930 0.467243
vt 0.347592 0.476132
vt 0.226735 0.476132
vt 0.348397 0.467243
vt 0.354620 0.454092
vt 0.362461 0.505848
vt 0.365995 0.656581
vt 0.364136 0.656581
vt 0.375846 0.470661
vt 0.378040 0.470661
vt 0.381053 0.487463
vt 0.381053 0.537823
vt 0.379907 0.583270
vt 0.376643 0.621798
vt 0.371758 0.647541
vt 0.207404 0.470661
vt 0.213967 0.408824
vt 0.360360 0.408824
vt 0.366923 0.470661
vt 0.378040 0.001958
vt 0.365474 0.374825
vt 0.365474 0.001958
vt 0.208853 0.374825
vt 0.212417 0.363216
vt 0.361910 0.363216
vt 0.208853 0.001958
vt 0.198146 0.001958
vt 0.391092 0.656581
vt 0.391260 0.187877
vt 0.401799 0.283713
vt 0.402027 0.656581
vt 0.400351 0.187877
vt 0.404790 0.240046
vt 0.403271 0.288506
vt 0.404812 0.082315
vt 0.404812 0.152690
vt 0.411427 0.187700
vt 0.420182 0.169199
vt 0.403138 0.001958
vt 0.404812 0.020635
vt 0.388080 0.171076
vt 0.388080 0.120715
vt 0.389226 0.075268
vt 0.392490 0.036741
vt 0.397375 0.010998
vt 0.420402 0.182407
vt 0.412294 0.199541
vt 0.555407 0.020635
vt 0.555407 0.082315
vt 0.540038 0.169199
vt 0.539817 0.182407
vt 0.555407 0.007428
vt 0.404812 0.007428
vt 0.573999 0.171076
vt 0.570987 0.187877
vt 0.568792 0.187877
vt 0.557082 0.001958
vt 0.558941 0.001958
vt 0.564704 0.010998
vt 0.569589 0.036741
vt 0.572853 0.075268
vt 0.573999 0.120715
vt 0.555407 0.152690
vt 0.548793 0.187700
vt 0.558192 0.656581
vt 0.558420 0.283713
vt 0.570987 0.656581
vt 0.559869 0.187877
vt 0.555430 0.240046
vt 0.556949 0.288506
vt 0.309031 0.673779
vt 0.309252 0.660572
vt 0.318007 0.679073
vt 0.317140 0.690914
vt 0.098923 0.668910
vt 0.100293 0.660572
vt 0.100881 0.663943
vt 0.099766 0.674244
vt 0.091417 0.660572
vt 0.092787 0.668910
vt 0.091944 0.674244
vt 0.090829 0.663942
vt 0.001992 0.120715
vt 0.187912 0.120715
vt 0.187912 0.171076
vt 0.160811 0.187877
vt 0.029093 0.187877
vt 0.001992 0.171076
vt 0.001992 0.075268
vt 0.187912 0.075268
vt 0.179974 0.187877
vt 0.029093 0.656581
vt 0.160811 0.656581
vt 0.009930 0.187877
vt 0.001992 0.036741
vt 0.187912 0.036741
vt 0.187912 0.187877
vt 0.179974 0.656581
vt 0.009930 0.656581
vt 0.001992 0.187877
vt 0.001992 0.010998
vt 0.187912 0.010998
vt 0.187912 0.656581
vt 0.001992 0.656581
vt 0.001992 0.001958
vt 0.187912 0.001958
vt 0.932791 0.001958
vt 0.932791 0.346987
vt 0.801073 0.346987
vt 0.801073 0.001958
vt 0.936891 0.001958
vt 0.935955 0.348334
vt 0.773972 0.408824
vt 0.773972 0.363216
vt 0.939698 0.351124
vt 0.938589 0.408824
vt 0.781910 0.001958
vt 0.781910 0.355141
vt 0.949661 0.001958
vt 0.949017 0.356360
vt 0.953652 0.411656
vt 0.954067 0.361694
vt 0.773972 0.454092
vt 0.938589 0.454092
vt 0.773972 0.001958
vt 0.773972 0.374825
vt 0.953652 0.458997
vt 0.959892 0.418492
vt 0.959892 0.370032
vt 0.795275 0.470661
vt 0.773972 0.467243
vt 0.938589 0.470661
vt 0.953652 0.476132
vt 0.959892 0.470838
vt 0.780212 0.476132
vt 0.773972 0.489339
vt 0.839189 0.980711
vt 0.839189 0.635682
vt 0.970907 0.635682
vt 0.970907 0.980711
vt 0.820026 0.980711
vt 0.820026 0.627528
vt 0.974071 0.634335
vt 0.975007 0.980711
vt 0.812088 0.980711
vt 0.812088 0.607844
vt 0.987777 0.980711
vt 0.987133 0.626309
vt 0.977815 0.631545
vt 0.992184 0.620975
vt 0.968948 0.635682
vt 0.975855 0.631545
vt 0.976705 0.573845
vt 0.991768 0.571013
vt 0.974746 0.573845
vt 0.976705 0.528577
vt 0.991768 0.523672
vt 0.998008 0.564177
vt 0.998008 0.612637
vt 0.974746 0.528577
vt 0.989809 0.523672
vt 0.998008 0.511831
vt 0.810129 0.573845
vt 0.810129 0.528577
vt 0.974746 0.512008
vt 0.989809 0.506537
vt 0.996049 0.511831
vt 0.810129 0.515426
vt 0.831432 0.512008
vt 0.998008 0.493330
vt 0.996049 0.493330
vt 0.739845 0.001958
vt 0.739845 0.470661
vt 0.608127 0.470661
vt 0.608127 0.001958
vt 0.759008 0.470661
vt 0.759008 0.001958
vt 0.581026 0.487463
vt 0.766946 0.487463
vt 0.766946 0.537823
vt 0.581026 0.537823
vt 0.588963 0.470661
vt 0.588963 0.001958
vt 0.766946 0.470661
vt 0.766946 0.001958
vt 0.581026 0.583270
vt 0.766946 0.583270
vt 0.581026 0.470661
vt 0.581026 0.001958
vt 0.581026 0.621798
vt 0.766946 0.621798
vt 0.581026 0.647541
vt 0.766946 0.647541
vt 0.581026 0.656581
vt 0.766946 0.656581
vt 0.286667 0.687673
vt 0.302896 0.660572
vt 0.294742 0.679735
vt 0.121090 0.668648
vt 0.129027 0.660572
vt 0.121090 0.680257
vt 0.107017 0.672181
vt 0.107017 0.660572
vt 0.114954 0.680257
vt 0.803144 0.866198
vt 0.793763 0.866198
vt 0.793118 0.511795
vt 0.800702 0.501494
vt 0.803994 0.493330
vt 0.776752 0.493330
vt 0.786134 0.493330
vt 0.783691 0.858034
vt 0.776108 0.847733
vt 0.786983 0.866198
vt 0.433445 0.799198
vt 0.417216 0.826299
vt 0.371608 0.826299
vt 0.371608 0.661682
vt 0.429308 0.660572
vt 0.433445 0.667480
vt 0.084693 0.663943
vt 0.084693 0.668736
vt 0.081401 0.660572
vt 0.075266 0.665366
vt 0.071974 0.668736
vt 0.075266 0.660572
vt 0.209602 0.681875
vt 0.209602 0.660572
vt 0.215073 0.675636
vt 0.228280 0.681875
vt 0.203467 0.681875
vt 0.184789 0.681875
vt 0.197996 0.675636
vt 0.203467 0.660572
vt 0.159976 0.660572
vt 0.178654 0.660572
vt 0.165446 0.666812
vt 0.159976 0.681875
vt 0.153840 0.660572
vt 0.153840 0.681875
vt 0.148370 0.666812
vt 0.135163 0.660572
vt 0.234415 0.682668
vt 0.234415 0.660572
vt 0.240655 0.673779
vt 0.255718 0.679250
vt 0.326101 0.722409
vt 0.326101 0.767677
vt 0.324142 0.767677
vt 0.324142 0.722409
vt 0.326101 0.780828
vt 0.324142 0.780828
vt 0.326101 0.676802
vt 0.324142 0.676802
vt 0.347404 0.784246
vt 0.345445 0.784246
vt 0.353202 0.660572
vt 0.351243 0.660572
vt 0.261854 0.681875
vt 0.267324 0.666812
vt 0.267324 0.668771
vt 0.261854 0.683835
vt 0.280531 0.660572
vt 0.280531 0.662532
vt 0.614169 0.846492
vt 0.614169 0.660572
vt 0.616028 0.660572
vt 0.617703 0.681875
vt 0.617703 0.825189
vt 0.616028 0.846492
vt 0.768298 0.825189
vt 0.768298 0.681875
vt 0.617703 0.840253
vt 0.768298 0.840253
vt 0.617703 0.666812
vt 0.768298 0.666812
vt 0.769973 0.846492
vt 0.769973 0.660572
vt 0.559626 0.818949
vt 0.560438 0.834013
vt 0.439581 0.834013
vt 0.440393 0.818949
vt 0.440393 0.675636
vt 0.559626 0.675636
vt 0.559717 0.660572
vt 0.440302 0.660572
vt 0.592227 0.661421
vt 0.605021 0.660572
vt 0.607151 0.668510
vt 0.608034 0.687673
vt 0.608034 0.819391
vt 0.607151 0.838554
vt 0.605021 0.846492
vt 0.592454 0.846492
vt 0.590324 0.838554
vt 0.589442 0.819391
vt 0.589442 0.687673
vt 0.589630 0.683573
vt 0.590579 0.670803
vt 0.583306 0.687673
vt 0.583306 0.819391
vt 0.582424 0.838554
vt 0.580293 0.846492
vt 0.569586 0.846492
vt 0.567456 0.838554
vt 0.566573 0.819391
vt 0.566573 0.687673
vt 0.567456 0.668510
vt 0.569586 0.660572
vt 0.580521 0.661421
vt 0.582169 0.670803
vt 0.583117 0.683573
vt 0.365473 0.803886
vt 0.365473 0.660572
vt 0.365473 0.662532
vt 0.365473 0.805845
vt 0.359338 0.660572
vt 0.359338 0.792290
vt 0.359338 0.794249
vt 0.359338 0.662532
vn 0.000000 -0.996650 -0.081787
vn 0.000000 -0.996650 -0.081787
vn 0.000000 -1.000000 0.000000
vn 0.041575 -0.999135 0.000477
vn -0.041575 -0.999135 0.000477
vn 0.000000 -1.000000 0.000000
vn 0.000000 0.124913 -0.992168
vn 0.000000 0.124913 -0.992168
vn 0.000001 0.000000 -1.000000
vn 0.037874 -0.000135 -0.999283
vn -0.037873 -0.000135 -0.999283
vn 0.000001 0.000000 -1.000000
vn -0.999530 -0.000110 -0.030658
vn -0.999509 0.000112 -0.031323
vn -1.000000 -0.000000 0.000000
vn -0.999959 0.000000 0.009096
vn -0.999959 0.000000 0.009096
vn -1.000000 -0.000000 0.000000
vn -0.038739 0.000139 -0.999249
vn 0.038739 0.000139 -0.999249
vn -0.052536 -0.998619 0.000000
vn 0.052536 -0.998619 0.000000
vn 0.997453 -0.071324 0.000610
vn 0.997663 -0.068327 0.001013
vn 0.999974 0.007243 0.000755
vn 0.997486 0.070860 0.000996
vn 0.011138 0.999938 -0.000000
vn 0.010433 0.997630 0.068013
vn -0.050063 0.996865 0.061268
vn -0.053076 0.998591 0.000000
vn -0.053076 -0.998591 0.000000
vn -0.065030 -0.997883 0.000000
vn 0.014027 -0.999902 0.000000
vn 0.011140 -0.999938 0.000000
vn 0.052536 0.998619 0.000000
vn 0.041575 0.999135 0.000477
vn -0.041575 0.999135 0.000477
vn -0.052536 0.998619 0.000000
vn -0.997913 0.064577 0.000000
vn -0.999146 0.041325 0.000474
vn -1.000000 -0.000000 0.000000
vn -0.999886 -0.015111 0.000000
vn -0.998653 -0.051881 0.000000
vn 0.000000 0.382684 -0.923879
vn 0.000000 0.382684 -0.923879
vn 0.000000 0.707104 -0.707109
vn 0.000000 0.707104 -0.707109
vn 0.000000 0.923878 -0.382687
vn 0.000000 0.923878 -0.382687
vn 0.000000 0.996650 -0.081786
vn 0.000000 0.996650 -0.081786
vn 0.000000 -0.923880 -0.382683
vn 0.000000 -0.923880 -0.382683
vn 0.000000 -0.707105 -0.707109
vn 0.000000 -0.707105 -0.707109
vn 0.000000 -0.382679 -0.923881
vn 0.000000 -0.382679 -0.923881
vn 0.000000 -0.177815 -0.984064
vn 0.000000 -0.177815 -0.984064
vn -1.000000 -0.000000 0.000000
vn -1.000000 -0.000000 0.000000
vn -1.000000 -0.000000 0.000000
vn -1.000000 -0.000000 0.000000
vn -1.000000 -0.000000 0.000000
vn -1.000000 -0.000000 0.000000
vn -1.000000 -0.000000 0.000000
vn 1.000000 0.000000 0.000000
vn 0.999501 0.000113 -0.031579
vn 1.000000 0.000000 0.000000
vn 1.000000 0.000000 0.000000
vn 1.000000 0.000000 0.000000
vn 1.000000 0.000000 0.000000
vn 1.000000 0.000000 0.000000
vn 1.000000 0.000000 0.000000
vn 0.998202 -0.059931 0.000959
vn 0.999981 -0.006173 0.000756
vn 0.999998 -0.002130 0.000566
vn 0.999222 0.039418 0.000933
vn 0.998111 0.061433 0.000726
vn -0.998142 0.060933 0.000000
vn -0.999845 0.017610 0.000000
vn -0.997618 -0.068974 0.000701
vn -0.997181 -0.075035 -0.000106
vn -1.000000 0.000000 0.000000
vn -1.000000 0.000000 0.000000
vn -1.000000 -0.000000 0.000000
vn -1.000000 0.000000 0.000000
vn -1.000000 -0.000000 0.000000
vn 1.000000 0.000000 0.000000
vn 1.000000 0.000000 0.000000
vn 1.000000 0.000000 0.000000
vn -1.000000 -0.000000 0.000000
vn -1.000000 -0.000000 0.000000
vn -1.000000 0.000000 0.000000
vn -1.000000 0.000000 0.000000
vn -1.000000 0.000000 0.000000
vn 1.000000 -0.000000 0.000000
vn 1.000000 0.000000 0.000000
vn -1.000000 -0.000000 0.000000
vn -1.000000 -0.000000 0.000000
vn -1.000000 -0.000000 0.000000
vn -1.000000 -0.000000 0.000000
vn -1.000000 -0.000000 0.000000
vn -1.000000 -0.000000 0.000000
vn 1.000000 0.000000 0.000000
vn 0.999522 -0.000110 -0.030903
vn 1.000000 0.000000 0.000000
vn 1.000000 0.000000 0.000000
vn 1.000000 0.000000 0.000000
vn 1.000000 0.000000 0.000000
vn 1.000000 0.000000 0.000000
vn 1.000000 0.000000 0.000000
vn 0.000000 1.000000 0.000000
vn 0.000000 1.000000 0.000000
vn -1.000000 0.000000 0.000000
vn -0.928988 -0.369962 0.010470
vn -0.928943 -0.370222 -0.000522
vn -0.382661 -0.923827 0.010686
vn -0.382683 -0.923880 0.000000
vn 0.382661 -0.923827 0.010686
vn 0.382683 -0.923880 0.000000
vn 0.928988 -0.369962 0.010470
vn 0.928943 -0.370222 -0.000522
vn 0.923826 0.382663 0.010686
vn 0.923879 0.382685 0.000000
vn 0.382661 0.923827 0.010686
vn 0.382683 0.923880 0.000000
vn -0.382661 0.923827 0.010686
vn -0.382683 0.923880 0.000000
vn -0.923826 0.382663 0.010686
vn -0.923879 0.382685 0.000000
vn -0.382683 -0.923880 0.000000
vn -0.382683 -0.923880 0.000000
vn -0.923884 -0.382672 0.000000
vn -0.923884 -0.382672 0.000000
vn -0.923880 0.382683 0.000000
vn -0.923880 0.382683 0.000000
vn -0.382682 0.923880 0.000000
vn -0.382682 0.923880 0.000000
vn -0.336560 -0.812520 0.475961
vn -0.823077 -0.316072 0.471851
vn 0.823075 -0.316073 0.471853
vn 0.336560 -0.812519 0.475962
vn 0.336561 0.812523 0.475955
vn 0.812521 0.336557 0.475961
vn -0.812519 0.336559 0.475963
vn -0.336559 0.812518 0.475965
vn -0.508707 -0.270610 0.817305
vn -0.508707 -0.270610 0.817305
vn -0.508707 -0.270610 0.817305
vn -0.860984 0.194145 0.470122
vn -0.860984 0.194145 0.470122
vn -0.860984 0.194145 0.470122
vn -0.860986 -0.194145 0.470118
vn -0.860986 -0.194145 0.470118
vn -0.860986 -0.194145 0.470118
vn -0.508703 0.270607 0.817309
vn -0.508703 0.270607 0.817309
vn -0.508703 0.270606 0.817309
vn -1.000000 0.000000 0.000000
vn -0.923875 -0.003361 -0.382679
vn -0.923875 0.003361 -0.382679
vn -0.382691 -0.003361 -0.923870
vn -0.382691 0.003361 -0.923870
vn 0.382691 -0.003361 -0.923870
vn 0.382691 0.003361 -0.923870
vn 0.923875 -0.003361 -0.382679
vn 0.923875 0.003361 -0.382679
vn -0.048958 0.000000 0.998801
vn -0.382686 0.000000 0.923878
vn -0.382686 0.000000 0.923878
vn -0.044274 0.025574 0.998692
vn -0.923881 0.000000 0.382681
vn -0.923881 0.000000 0.382681
vn 0.999856 -0.000000 0.016951
vn 0.923880 0.000000 0.382683
vn 0.924172 0.006737 0.381916
vn 0.999836 0.000319 0.018091
vn 0.382682 0.000000 0.923880
vn 0.040531 0.000000 0.999178
vn 0.040351 0.018391 0.999016
vn 0.383358 0.015501 0.923470
vn 0.998951 0.023024 0.039589
vn 0.928446 0.186750 0.321110
vn 0.928820 0.313542 0.197447
vn 0.999055 0.036732 0.023241
vn 0.394113 0.460140 0.795580
vn 0.038981 0.501096 0.864513
vn 0.035626 0.863997 0.502235
vn 0.391506 0.787509 0.475976
vn 0.696210 -0.717837 0.001140
vn 0.750489 -0.660882 0.001365
vn 0.875363 -0.483465 0.000930
vn 0.505380 -0.862897 0.000418
vn 0.517194 -0.855868 0.000459
vn 0.505361 0.862908 0.000417
vn 0.696208 0.717839 0.001139
vn 0.750490 0.660881 0.001364
vn 0.517178 0.855878 0.000459
vn 0.875362 0.483468 0.000930
vn 0.000000 -0.707102 0.707112
vn 0.000000 -0.501557 0.865125
vn 0.020374 -0.490324 0.871302
vn 0.000000 -0.707102 0.707112
vn 0.000000 -0.258820 0.965926
vn 0.000000 -0.258820 0.965926
vn 0.036722 -0.258646 0.965274
vn 0.000001 0.501559 0.865124
vn 0.000000 0.707107 0.707107
vn 0.000001 0.965926 0.258819
vn 0.000001 0.965926 0.258819
vn 0.014011 0.965904 0.258522
vn 0.999676 -0.017992 0.017992
vn 0.999040 -0.037014 0.023419
vn 0.998109 0.059714 0.014610
vn 0.000000 -0.965927 0.258814
vn 0.000000 -0.965927 0.258814
vn 0.000000 -0.965927 0.258814
vn 0.000000 -0.965927 0.258814
vn 0.000000 -0.965927 0.258814
vn 0.000000 -0.965927 0.258814
vn 0.998068 -0.060346 0.014765
vn 0.818265 0.092498 0.567350
vn 0.860999 0.194136 0.470098
vn 0.821114 0.098219 0.562250
vn 0.637615 -0.138809 0.757746
vn 0.622497 -0.155931 0.766931
vn 0.508770 -0.270627 0.817260
vn 0.637619 0.138795 0.757746
vn 0.508729 0.270504 0.817327
vn 0.622494 0.155905 0.766939
vn 0.818266 -0.092502 0.567348
vn 0.821115 -0.098225 0.562247
vn 0.860984 -0.194145 0.470121
vn 0.000001 0.258820 0.965926
vn -0.336566 -0.475954 -0.812521
vn -0.812528 -0.475951 -0.336555
vn -0.812527 0.475951 -0.336557
vn -0.336568 0.475956 -0.812520
vn 0.812528 -0.475951 -0.336555
vn 0.336568 -0.475956 -0.812520
vn 0.336568 0.475956 -0.812520
vn 0.812527 0.475951 -0.336557
vn -0.860976 -0.470130 -0.194162
vn -0.860976 -0.470130 -0.194162
vn -0.860976 -0.470130 -0.194162
vn -0.508695 -0.817314 0.270607
vn -0.508695 -0.817314 0.270607
vn -0.508695 -0.817314 0.270607
vn -0.508713 0.817302 0.270606
vn -0.508713 0.817302 0.270606
vn -0.508713 0.817302 0.270606
vn -0.860986 0.470116 -0.194150
vn -0.860986 0.470116 -0.194150
vn -0.860986 0.470116 -0.194150
vn -0.000000 0.000000 1.000000
vn -0.000000 0.000000 1.000000
vn -0.000000 0.000000 1.000000
vn -0.000000 0.000000 1.000000
vn -0.000000 0.000000 1.000000
vn -0.000000 0.000000 1.000000
vn -0.000000 0.000000 1.000000
vn -0.000000 0.000000 1.000000
vn -0.000000 0.000000 1.000000
vn -0.000000 0.000000 1.000000
vn -0.000000 0.000000 1.000000
vn -0.000000 0.000000 1.000000
vn -0.000000 0.000000 1.000000
vn 0.000000 0.000000 1.000000
vn 0.000000 0.000000 1.000000
vn 0.000000 0.000000 1.000000
vn 0.000000 0.000000 1.000000
vn 0.000000 0.000000 1.000000
vn 0.000000 0.000000 1.000000
vn 0.000000 0.000000 1.000000
vn 0.000000 0.000000 1.000000
vn 0.000000 0.000000 1.000000
vn 0.000000 0.000000 1.000000
vn 0.000000 0.000000 1.000000
vn 0.000000 0.000000 1.000000
vn 0.000000 0.000000 1.000000
vn 0.382690 -0.239117 0.892396
vn 0.382690 -0.239117 0.892397
vn 0.923879 -0.099046 0.369644
vn 0.923879 -0.099046 0.369644
vn 0.923879 -0.099046 0.369644
vn 0.923879 -0.099046 0.369644
vn 0.391510 -0.786756 0.477216
vn 0.391505 -0.787508 0.475979
vn 0.376476 -0.896784 0.232476
vn 0.376476 -0.896784 0.232476
vn 0.928822 -0.313536 0.197446
vn 0.924260 -0.370826 0.090730
vn 0.923883 -0.270591 0.270592
vn 0.382677 -0.653281 0.653285
vn 0.382677 -0.653281 0.653285
vn 0.924258 0.370831 0.090731
vn 0.376477 0.896783 0.232477
vn 0.761169 0.003774 0.648542
vn 0.728801 -0.037849 0.683679
vn 0.761176 -0.003783 0.648535
vn 0.728806 0.037840 0.683674
vn 0.000000 0.707101 -0.707112
vn 0.000000 0.707101 -0.707112
vn 0.000000 0.707101 -0.707112
vn 0.000000 0.707101 -0.707112
vn 0.000000 -0.707103 0.707111
vn 0.000000 -0.707103 0.707111
vn 0.000000 -0.707103 0.707111
vn 0.000000 -0.707103 0.707111
vn 0.000000 0.258820 -0.965926
vn 0.000000 0.258820 -0.965926
vn 0.000000 0.258820 -0.965926
vn 0.000000 0.258820 -0.965926
vn 0.000000 0.258816 -0.965927
vn 0.000000 0.258816 -0.965927
vn 0.000000 0.258816 -0.965927
vn 0.000000 0.258816 -0.965927
vn 0.000000 0.000000 1.000000
vn 0.000000 0.000000 0.000000
vn 0.000000 0.000000 1.000000
vn 0.000000 0.000000 0.000000
vn 0.000000 0.965913 -0.258866
vn 0.000000 0.965913 -0.258866
vn 0.000000 0.965913 -0.258866
vn 0.000000 0.965913 -0.258866
vn 0.000000 0.965927 -0.258816
vn 0.000000 0.965927 -0.258816
vn 0.000000 0.965927 -0.258816
vn 0.000000 0.965927 -0.258816
vn 0.000000 -0.965927 0.258815
vn 0.000000 -0.965927 0.258815
vn 0.000000 -0.965927 0.258815
vn 0.000000 -0.965927 0.258815
vn 0.000000 -0.965950 0.258728
vn 0.000000 -0.965950 0.258728
vn 0.000000 -0.965950 0.258728
vn 0.000000 -0.965950 0.258728
vn 0.000000 0.000000 -0.000000
vn 0.000000 0.000000 -0.000000
vn 0.000000 0.000000 -0.000000
vn 0.000000 0.000000 -0.000000
vn 0.000000 0.991425 0.130676
vn 0.000000 0.991425 0.130676
vn 0.000000 0.991425 0.130676
vn 0.000000 0.991425 0.130676
vn 0.000000 -0.865913 -0.500195
vn 0.000000 -0.865913 -0.500195
vn 0.000000 -0.865913 -0.500195
vn 0.000000 -0.865913 -0.500195
vn 0.000000 0.991448 0.130505
vn 0.000000 0.991448 0.130505
vn 0.000000 0.991448 0.130505
vn 0.000000 0.991448 0.130505
vn 0.000000 -0.258820 0.965926
vn 0.000000 -0.258820 0.965926
vn 0.000000 -0.258820 0.965926
vn 0.000000 -0.258820 0.965926
vn 0.000000 -0.866030 -0.499992
vn 0.000000 -0.866030 -0.499992
vn 0.000000 -0.866030 -0.499992
vn 0.000000 -0.866030 -0.499992
s 1
g Mug Handle
usemtl lambert5SG
f 497/906/723 499/907/724 529/908/725 531/909/726 524/910/727 523/911/728
f 483/1088/729 488/1089/730 578/1090/731 581/1091/732 573/1092/733 572/1093/734
s 3
f 571/807/735 575/808/736 511/809/737 592/810/738 586/811/739 504/812/740
s 1
f 577/1094/741 573/1092/733 581/1091/732 583/1095/742
f 528/915/743 524/910/727 531/909/726 533/916/744
s 4
f 532/851/745 513/852/746 570/853/747 568/854/748
f 567/930/749 569/931/750 566/932/751 562/933/752
f 550/960/753 553/961/754 559/962/755 557/963/756
s 1
f 539/995/757 537/996/758 544/997/759 547/998/760
s 3
f 546/843/761 542/833/762 503/832/763 555/844/764 551/845/765
s 1
f 483/1017/729 487/1015/766 489/1016/767 488/1018/730
f 487/1015/766 486/1013/768 490/1014/769 489/1016/767
f 486/1013/768 485/1009/770 491/1010/771 490/1014/769
f 485/1009/770 484/1004/772 492/1003/773 491/1010/771
f 497/906/723 496/912/774 500/913/775 499/907/724
f 496/912/774 495/918/776 501/919/777 500/913/775
f 495/918/776 494/924/778 502/925/779 501/919/777
f 494/924/778 493/928/780 498/929/781 502/925/779
s 3
f 483/830/782 572/831/783 571/807/735 504/812/740 503/832/763 542/833/762 545/834/784 484/835/785 485/836/786 486/837/787 487/838/788
s 4
f 498/862/789 582/863/790 514/858/791 513/852/746 529/864/792 499/865/793 500/866/794 501/867/795 502/868/796
f 556/888/797 558/889/798 508/879/799 535/878/800 540/890/801
s 3
f 561/849/802 564/846/803 512/816/804 526/850/805
f 504/812/740 515/829/806 516/842/807 503/832/763
f 503/832/763 516/842/807 506/841/808 552/848/809 555/844/764
f 506/841/808 516/842/807 515/829/806 505/828/810
s 4
f 508/879/799 517/891/811 518/886/812 507/872/813
s 3
f 512/816/804 519/839/814 520/822/815 511/809/737
f 511/809/737 520/822/815 510/823/816 589/824/817 592/810/738
f 510/823/816 520/822/815 519/839/814 509/840/818
s 4
f 514/858/791 521/859/819 522/855/820 513/852/746
s 3
f 523/815/821 512/816/804 511/809/737 575/808/736 493/817/822 494/818/823 495/819/824 496/820/825 497/821/826
s 4
f 536/877/827 535/878/800 508/879/799 507/872/813 579/871/828 578/880/829 488/881/830 489/882/831 490/883/832 491/884/833 492/885/834
s 1
f 545/1001/835 544/997/759 537/996/758 536/1002/836 492/1003/773 484/1004/772
s 3
f 564/846/803 563/847/837 509/840/818 519/839/814 512/816/804
f 512/923/804 525/917/838 527/922/839 526/927/805
s 1
f 525/917/840 524/910/727 528/915/743 527/922/841
f 531/909/726 530/914/842 534/921/843 533/916/744
s 4
f 530/914/844 513/920/746 532/926/745 534/921/845
f 535/1007/800 538/999/846 541/1000/847 540/1008/801
s 1
f 538/999/848 537/996/758 539/995/757 541/1000/849
f 544/997/759 543/1005/850 548/1006/851 547/998/760
s 3
f 543/1005/852 542/1011/762 546/1012/761 548/1006/853
s 4
f 550/960/753 549/964/854 554/965/855 553/961/754
s 3
f 549/964/856 551/968/765 555/969/764 554/965/857
f 561/948/802 560/940/858 565/941/859 564/949/803
s 4
f 560/940/860 562/933/752 566/932/751 565/941/861
s 1
f 523/911/862 524/910/727 525/917/840
s 3
f 523/911/863 525/917/838 512/923/804
s 4
f 529/908/864 513/920/746 530/914/844
s 1
f 529/908/865 530/914/842 531/909/726
f 536/1002/866 537/996/758 538/999/848
s 4
f 536/1002/867 538/999/846 535/1007/800
s 3
f 545/1001/868 542/1011/762 543/1005/852
s 1
f 545/1001/869 543/1005/850 544/997/759
s off
f 552/1019/870 553/1020/871 554/1021/872
f 552/1022/873 554/1023/874 555/1024/875
f 563/1025/876 564/1026/877 565/1027/878
f 563/937/879 565/941/880 566/932/881
s 1
f 493/1100/780 577/1094/741 583/1095/742 498/1101/781
s 3
f 586/811/739 585/827/882 505/828/810 515/829/806 504/812/740
f 571/807/735 574/813/883 576/814/884 575/808/736
s 1
f 574/1096/885 573/1092/733 577/1094/741 576/1097/886
f 581/1091/732 580/1098/887 584/1099/888 583/1095/742
s 4
f 580/875/889 579/871/828 582/863/790 584/876/890
f 588/1102/891 587/1103/892 591/1104/893 590/1105/894
s 3
f 587/825/895 586/811/739 592/810/738 591/826/896
s 4
f 595/873/897 594/874/898 597/869/899 596/861/900
f 594/1108/901 593/1107/902 598/1106/903 597/1109/904
f 610/957/905 609/950/906 612/944/907 611/951/908
f 609/950/909 608/947/910 613/939/911 612/944/912
f 556/1028/797 618/1029/913 620/1030/914 619/1031/915
f 618/970/913 617/967/916 621/966/917 620/971/914
f 623/934/918 622/942/919 625/943/920 624/935/921
f 622/1033/919 568/1034/748 626/1035/922 625/1036/920
f 588/1102/891 590/1105/894 598/1106/903 593/1107/902
f 596/861/900 514/858/791 582/863/790 579/871/828 507/872/813 595/873/897
s 17
f 627/986/923 628/987/924 629/983/925 630/978/926
f 628/987/924 631/991/927 632/992/928 633/988/929 629/983/925
s 4
f 510/946/930 509/936/931 613/939/911 608/947/910
f 509/936/932 563/937/933 566/932/751 569/931/750 616/938/934 613/939/911
f 507/872/813 518/886/812 607/887/935 595/873/897
f 607/887/935 518/886/812 517/891/811 601/892/936
f 596/861/900 610/860/905 521/859/819 514/858/791
f 513/852/746 522/855/820 611/856/908 614/857/937 570/853/747
f 611/856/908 522/855/820 521/859/819 610/860/905
s off
f 635/1038/938 634/1039/939 627/1040/940 630/1041/941 636/1042/942 637/1043/943
s 4
f 558/889/798 604/893/944 601/892/936 517/891/811 508/879/799
f 556/1028/797 619/1031/915 558/1032/798
f 621/966/917 617/967/916 557/963/756 559/962/755
f 567/930/749 623/934/918 624/935/921 569/931/750
f 626/1035/922 568/1034/748 570/1037/747
s 18
f 604/1044/945 558/1045/946 619/1046/947
f 602/972/948 621/966/949 559/962/950
s 20
f 616/938/951 569/931/952 624/935/953
f 614/1047/954 626/1048/955 570/1049/956
s 4
f 590/953/894 589/954/957 510/946/930 608/947/910 598/955/903
s 1
f 572/1050/958 573/1051/733 574/1052/885
s 3
f 572/1050/959 574/1052/883 571/1053/735
f 493/1054/960 575/1055/736 576/1056/884
s 1
f 493/1054/961 576/1056/886 577/1057/741
s 4
f 578/1058/962 579/1059/828 580/1060/889
s 1
f 578/1058/963 580/1060/887 581/1061/732
f 498/1062/964 583/1063/742 584/1064/888
s 4
f 498/1062/965 584/1064/890 582/1065/790
s off
f 585/1066/966 586/1067/967 587/1068/968
f 585/1066/969 587/1068/970 588/1069/971
f 589/954/972 590/953/973 591/958/974
f 589/954/975 591/958/976 592/959/977
f 556/1110/978 540/1111/979 541/1112/980 539/1113/981 547/1114/982 548/1115/983 546/1116/984 551/1117/985 549/1118/986 550/1119/987 557/1120/988 617/1121/989 618/1122/990
f 567/1123/991 562/1124/992 560/1125/993 561/1126/994 526/1127/995 527/1128/996 528/1129/997 533/1130/998 534/1131/999 532/1132/1000 568/1133/1001 622/1134/1002 623/1135/1003
s 17
f 633/988/929 638/989/1004 639/984/1005 629/983/925
s off
f 638/894/1006 640/895/1007 641/896/1008 639/897/1009
s 22
f 599/976/1010 600/977/1011 603/973/1012 602/972/1013
s 4
f 600/977/1014 601/981/936 604/982/944 603/973/1015
f 601/981/936 600/977/1014 606/980/1016 607/985/935
s 22
f 600/977/1011 599/976/1010 605/979/1017 606/980/1018
s 4
f 596/861/900 597/869/899 609/870/906 610/860/905
f 597/956/904 598/955/903 608/947/910 609/950/909
f 611/951/908 612/944/907 615/945/1019 614/952/937
f 612/944/912 613/939/911 616/938/934 615/945/1020
s 18
f 602/972/948 603/973/1021 620/971/1022 621/966/949
f 603/898/1021 604/899/945 619/900/947 620/901/1022
s 20
f 614/902/954 615/903/1023 625/904/1024 626/905/955
f 615/945/1023 616/938/951 624/935/953 625/943/1024
s off
f 506/1070/1025 505/1071/1026 628/1072/1027 627/1073/1028
f 605/979/1029 599/976/1030 630/978/1031 629/983/1032
f 505/1071/1033 585/1074/1034 631/1075/1035 628/1072/1036
f 585/1074/1037 588/1078/1038 632/1079/1039 631/1075/1040
f 588/1136/1041 593/1137/1042 633/1138/1043 632/1139/1044
f 553/1080/1045 552/1076/1046 634/1077/1047 635/1081/1048
f 552/1076/1049 506/1070/1050 627/1073/1051 634/1077/1052
f 599/976/1053 602/972/1054 636/975/1055 630/978/1056
f 602/972/1057 559/962/1058 637/974/1059 636/975/1060
f 559/1140/1061 553/1141/1062 635/1142/1063 637/1143/1064
f 593/1082/1065 594/1083/1066 638/1084/1067 633/1085/1068
f 606/980/1069 605/979/1070 629/983/1071 639/984/1072
f 594/1083/1073 595/1086/1074 640/1087/1075 638/1084/1076
f 595/993/1077 607/985/1078 641/990/1079 640/994/1080
f 607/985/1081 606/980/1082 639/984/1083 641/990/1084
