# This file uses centimeters as units for non-parametric coordinates.

mtllib Rock Golum.mtl
g default
v -0.246359 2.220744 0.375446
v -0.249994 2.227879 0.375446
v -0.260219 2.220450 0.372412
v -0.258379 2.216838 0.372412
v -0.255657 2.233542 0.375446
v -0.263086 2.223317 0.372412
v -0.262792 2.237177 0.375446
v -0.266698 2.225157 0.372412
v -0.270702 2.238430 0.375446
v -0.270702 2.225792 0.372412
v -0.278612 2.237177 0.375446
v -0.274706 2.225157 0.372412
v -0.285747 2.233542 0.375446
v -0.278318 2.223317 0.372412
v -0.291410 2.227879 0.375446
v -0.281185 2.220450 0.372412
v -0.295046 2.220744 0.375446
v -0.283026 2.216838 0.372412
v -0.296298 2.212834 0.375446
v -0.283660 2.212834 0.372412
v -0.295046 2.204924 0.375446
v -0.283026 2.208830 0.372412
v -0.291410 2.197789 0.375446
v -0.281185 2.205218 0.372412
v -0.285747 2.192126 0.375446
v -0.278318 2.202351 0.372412
v -0.278612 2.188490 0.375446
v -0.274706 2.200510 0.372412
v -0.270702 2.187238 0.375446
v -0.270702 2.199876 0.372412
v -0.262792 2.188490 0.375446
v -0.266698 2.200510 0.372412
v -0.255657 2.192126 0.375446
v -0.263086 2.202351 0.372412
v -0.249994 2.197789 0.375446
v -0.260219 2.205218 0.372412
v -0.246359 2.204924 0.375446
v -0.258379 2.208830 0.372412
v -0.245106 2.212834 0.375446
v -0.257744 2.212834 0.372412
v -0.234938 2.224454 0.380420
v -0.240279 2.234937 0.380420
v -0.248599 2.243257 0.380420
v -0.259082 2.248598 0.380420
v -0.270702 2.250439 0.380420
v -0.282323 2.248598 0.380420
v -0.292806 2.243257 0.380420
v -0.301125 2.234937 0.380420
v -0.306466 2.224454 0.380420
v -0.308307 2.212834 0.380420
v -0.306466 2.201213 0.380420
v -0.301125 2.190730 0.380420
v -0.292806 2.182411 0.380420
v -0.282323 2.177070 0.380420
v -0.270702 2.175229 0.380420
v -0.259082 2.177070 0.380420
v -0.248599 2.182411 0.380420
v -0.240279 2.190730 0.380420
v -0.234938 2.201213 0.380420
v -0.233098 2.212834 0.380420
v -0.224398 2.227879 0.387211
v -0.231313 2.241451 0.387211
v -0.242085 2.252223 0.387211
v -0.255657 2.259138 0.387211
v -0.270702 2.261521 0.387211
v -0.285747 2.259138 0.387211
v -0.299320 2.252223 0.387211
v -0.310091 2.241451 0.387211
v -0.317006 2.227879 0.387211
v -0.319389 2.212834 0.387211
v -0.317006 2.197789 0.387211
v -0.310091 2.184216 0.387211
v -0.299320 2.173445 0.387211
v -0.285747 2.166530 0.387211
v -0.270702 2.164147 0.387211
v -0.255657 2.166530 0.387211
v -0.242085 2.173445 0.387211
v -0.231314 2.184216 0.387211
v -0.224398 2.197789 0.387211
v -0.222015 2.212834 0.387211
v -0.214998 2.230933 0.395653
v -0.223318 2.247261 0.395653
v -0.236275 2.260219 0.395653
v -0.252603 2.268538 0.395653
v -0.270702 2.271405 0.395653
v -0.288801 2.268538 0.395653
v -0.305129 2.260219 0.395653
v -0.318087 2.247261 0.395653
v -0.326406 2.230933 0.395653
v -0.329273 2.212834 0.395653
v -0.326406 2.194735 0.395653
v -0.318087 2.178407 0.395653
v -0.305129 2.165449 0.395653
v -0.288801 2.157130 0.395653
v -0.270702 2.154263 0.395653
v -0.252603 2.157130 0.395653
v -0.236275 2.165449 0.395653
v -0.223318 2.178407 0.395653
v -0.214998 2.194735 0.395653
v -0.212132 2.212834 0.395653
v -0.206970 2.233542 0.405536
v -0.216488 2.252223 0.405536
v -0.231313 2.267048 0.405536
v -0.249994 2.276566 0.405536
v -0.270702 2.279846 0.405536
v -0.291410 2.276566 0.405536
v -0.310091 2.267048 0.405536
v -0.324916 2.252223 0.405536
v -0.334434 2.233542 0.405536
v -0.337714 2.212834 0.405536
v -0.334434 2.192126 0.405536
v -0.324916 2.173445 0.405536
v -0.310091 2.158620 0.405536
v -0.291410 2.149102 0.405536
v -0.270702 2.145822 0.405536
v -0.249994 2.149102 0.405536
v -0.231314 2.158620 0.405536
v -0.216488 2.173445 0.405536
v -0.206970 2.192126 0.405536
v -0.203690 2.212834 0.405536
v -0.200511 2.235640 0.416619
v -0.210994 2.256214 0.416619
v -0.227322 2.272542 0.416619
v -0.247896 2.283025 0.416619
v -0.270702 2.286637 0.416619
v -0.293509 2.283025 0.416619
v -0.314083 2.272542 0.416619
v -0.330410 2.256214 0.416619
v -0.340893 2.235640 0.416619
v -0.344505 2.212834 0.416619
v -0.340893 2.190027 0.416619
v -0.330410 2.169453 0.416619
v -0.314083 2.153126 0.416619
v -0.293509 2.142643 0.416619
v -0.270702 2.139031 0.416619
v -0.247896 2.142643 0.416619
v -0.227322 2.153126 0.416619
v -0.210994 2.169453 0.416619
v -0.200511 2.190027 0.416619
v -0.196899 2.212834 0.416619
v -0.195780 2.237177 0.428627
v -0.206970 2.259138 0.428627
v -0.224398 2.276566 0.428627
v -0.246359 2.287756 0.428627
v -0.270702 2.291611 0.428627
v -0.295046 2.287756 0.428627
v -0.317006 2.276566 0.428627
v -0.334434 2.259138 0.428627
v -0.345624 2.237177 0.428627
v -0.349479 2.212834 0.428627
v -0.345624 2.188490 0.428627
v -0.334434 2.166530 0.428627
v -0.317006 2.149102 0.428627
v -0.295046 2.137912 0.428627
v -0.270702 2.134057 0.428627
v -0.246359 2.137912 0.428627
v -0.224398 2.149102 0.428627
v -0.206970 2.166530 0.428627
v -0.195781 2.188490 0.428627
v -0.191925 2.212834 0.428627
v -0.192895 2.238115 0.441266
v -0.204515 2.260922 0.441266
v -0.222615 2.279021 0.441266
v -0.245421 2.290641 0.441266
v -0.270702 2.294646 0.441266
v -0.295983 2.290641 0.441266
v -0.318790 2.279021 0.441266
v -0.336889 2.260922 0.441266
v -0.348510 2.238115 0.441266
v -0.352514 2.212834 0.441266
v -0.348510 2.187553 0.441266
v -0.336889 2.164746 0.441266
v -0.318790 2.146647 0.441266
v -0.295983 2.135027 0.441266
v -0.270702 2.131022 0.441266
v -0.245421 2.135027 0.441266
v -0.222615 2.146647 0.441266
v -0.204515 2.164746 0.441266
v -0.192895 2.187553 0.441266
v -0.188891 2.212834 0.441266
v -0.191925 2.238430 0.454223
v -0.203690 2.261521 0.454223
v -0.222015 2.279846 0.454223
v -0.245106 2.291611 0.454223
v -0.270702 2.295665 0.454223
v -0.296298 2.291611 0.454223
v -0.319389 2.279846 0.454223
v -0.337714 2.261521 0.454223
v -0.349479 2.238430 0.454223
v -0.353534 2.212834 0.454223
v -0.349479 2.187238 0.454223
v -0.337714 2.164147 0.454223
v -0.319389 2.145822 0.454223
v -0.296298 2.134057 0.454223
v -0.270702 2.130003 0.454223
v -0.245106 2.134057 0.454223
v -0.222015 2.145822 0.454223
v -0.203690 2.164147 0.454223
v -0.191925 2.187238 0.454223
v -0.187871 2.212834 0.454223
v -0.192895 2.238115 0.467181
v -0.204515 2.260922 0.467181
v -0.222615 2.279021 0.467181
v -0.245421 2.290641 0.467181
v -0.270702 2.294646 0.467181
v -0.295983 2.290641 0.467181
v -0.318790 2.279021 0.467181
v -0.336889 2.260922 0.467181
v -0.348510 2.238115 0.467181
v -0.352514 2.212834 0.467181
v -0.348510 2.187553 0.467181
v -0.336889 2.164746 0.467181
v -0.318790 2.146647 0.467181
v -0.295983 2.135027 0.467181
v -0.270702 2.131022 0.467181
v -0.245421 2.135027 0.467181
v -0.222615 2.146647 0.467181
v -0.204515 2.164746 0.467181
v -0.192895 2.187553 0.467181
v -0.188891 2.212834 0.467181
v -0.195780 2.237177 0.479820
v -0.206970 2.259138 0.479820
v -0.224398 2.276566 0.479820
v -0.246359 2.287756 0.479820
v -0.270702 2.291611 0.479820
v -0.295046 2.287756 0.479820
v -0.317006 2.276566 0.479820
v -0.334434 2.259138 0.479820
v -0.345624 2.237177 0.479820
v -0.349479 2.212834 0.479820
v -0.345624 2.188490 0.479820
v -0.334434 2.166530 0.479820
v -0.317006 2.149102 0.479820
v -0.295046 2.137912 0.479820
v -0.270702 2.134057 0.479820
v -0.246359 2.137912 0.479820
v -0.224398 2.149102 0.479820
v -0.206970 2.166530 0.479820
v -0.195781 2.188490 0.479820
v -0.191925 2.212834 0.479820
v -0.200511 2.235640 0.491828
v -0.210994 2.256214 0.491828
v -0.227322 2.272542 0.491828
v -0.247896 2.283025 0.491828
v -0.270702 2.286637 0.491828
v -0.293509 2.283025 0.491828
v -0.314083 2.272542 0.491828
v -0.330410 2.256214 0.491828
v -0.340893 2.235640 0.491828
v -0.344505 2.212834 0.491828
v -0.340893 2.190027 0.491828
v -0.330410 2.169453 0.491828
v -0.314083 2.153126 0.491828
v -0.293509 2.142643 0.491828
v -0.270702 2.139031 0.491828
v -0.247896 2.142643 0.491828
v -0.227322 2.153126 0.491828
v -0.210994 2.169453 0.491828
v -0.200511 2.190027 0.491828
v -0.196899 2.212834 0.491828
v -0.206970 2.233542 0.502910
v -0.216488 2.252223 0.502910
v -0.231313 2.267048 0.502910
v -0.249994 2.276566 0.502910
v -0.270702 2.279846 0.502910
v -0.291410 2.276566 0.502910
v -0.310091 2.267048 0.502910
v -0.324916 2.252223 0.502910
v -0.334434 2.233542 0.502910
v -0.337714 2.212834 0.502910
v -0.334434 2.192126 0.502910
v -0.324916 2.173445 0.502910
v -0.310091 2.158620 0.502910
v -0.291410 2.149102 0.502910
v -0.270702 2.145822 0.502910
v -0.249994 2.149102 0.502910
v -0.231314 2.158620 0.502910
v -0.216488 2.173445 0.502910
v -0.206970 2.192126 0.502910
v -0.203690 2.212834 0.502910
v -0.214998 2.230933 0.512794
v -0.223318 2.247261 0.512794
v -0.236275 2.260219 0.512794
v -0.252603 2.268538 0.512794
v -0.270702 2.271405 0.512794
v -0.288801 2.268538 0.512794
v -0.305129 2.260219 0.512794
v -0.318087 2.247261 0.512794
v -0.326406 2.230933 0.512794
v -0.329273 2.212834 0.512794
v -0.326406 2.194735 0.512794
v -0.318087 2.178407 0.512794
v -0.305129 2.165449 0.512794
v -0.288801 2.157130 0.512794
v -0.270702 2.154263 0.512794
v -0.252603 2.157130 0.512794
v -0.236275 2.165449 0.512794
v -0.223318 2.178407 0.512794
v -0.214998 2.194735 0.512794
v -0.212132 2.212834 0.512794
v -0.224398 2.227879 0.521235
v -0.231313 2.241451 0.521235
v -0.242085 2.252223 0.521235
v -0.255657 2.259138 0.521235
v -0.270702 2.261521 0.521235
v -0.285747 2.259138 0.521235
v -0.299320 2.252223 0.521235
v -0.310091 2.241451 0.521235
v -0.317006 2.227879 0.521235
v -0.319389 2.212834 0.521235
v -0.317006 2.197789 0.521235
v -0.310091 2.184216 0.521235
v -0.299320 2.173445 0.521235
v -0.285747 2.166530 0.521235
v -0.270702 2.164147 0.521235
v -0.255657 2.166530 0.521235
v -0.242085 2.173445 0.521235
v -0.231314 2.184216 0.521235
v -0.224398 2.197789 0.521235
v -0.222015 2.212834 0.521235
v -0.234938 2.224454 0.528027
v -0.240279 2.234937 0.528027
v -0.248599 2.243257 0.528027
v -0.259082 2.248598 0.528027
v -0.270702 2.250439 0.528027
v -0.282323 2.248598 0.528027
v -0.292806 2.243257 0.528027
v -0.301125 2.234937 0.528027
v -0.306466 2.224454 0.528027
v -0.308307 2.212834 0.528027
v -0.306466 2.201213 0.528027
v -0.301125 2.190730 0.528027
v -0.292806 2.182411 0.528027
v -0.282323 2.177070 0.528027
v -0.270702 2.175229 0.528027
v -0.259082 2.177070 0.528027
v -0.248599 2.182411 0.528027
v -0.240279 2.190730 0.528027
v -0.234938 2.201213 0.528027
v -0.233098 2.212834 0.528027
v -0.246359 2.220744 0.533001
v -0.249994 2.227879 0.533001
v -0.255657 2.233542 0.533001
v -0.262792 2.237177 0.533001
v -0.270702 2.238430 0.533001
v -0.278612 2.237177 0.533001
v -0.285747 2.233542 0.533001
v -0.291410 2.227879 0.533001
v -0.295046 2.220744 0.533001
v -0.296298 2.212834 0.533001
v -0.295046 2.204924 0.533001
v -0.291410 2.197789 0.533001
v -0.285747 2.192126 0.533001
v -0.278612 2.188490 0.533001
v -0.270702 2.187238 0.533001
v -0.262792 2.188490 0.533001
v -0.255657 2.192126 0.533001
v -0.249994 2.197789 0.533001
v -0.246359 2.204924 0.533001
v -0.245106 2.212834 0.533001
v -0.258379 2.216838 0.536035
v -0.260219 2.220450 0.536035
v -0.263086 2.223317 0.536035
v -0.266698 2.225157 0.536035
v -0.270702 2.225792 0.536035
v -0.274706 2.225157 0.536035
v -0.278318 2.223317 0.536035
v -0.281185 2.220450 0.536035
v -0.283026 2.216838 0.536035
v -0.283660 2.212834 0.536035
v -0.283026 2.208830 0.536035
v -0.281185 2.205218 0.536035
v -0.278318 2.202351 0.536035
v -0.274706 2.200510 0.536035
v -0.270702 2.199876 0.536035
v -0.266698 2.200510 0.536035
v -0.263086 2.202351 0.536035
v -0.260219 2.205218 0.536035
v -0.258379 2.208830 0.536035
v -0.257744 2.212834 0.536035
v -0.270702 2.212834 0.371392
v -0.270702 2.212834 0.537055
vt 0.032997 0.030119
vt 0.032359 0.031372
vt 0.035905 0.033948
vt 0.037165 0.031474
vt 0.031365 0.032366
vt 0.033941 0.035912
vt 0.030112 0.033004
vt 0.031467 0.037172
vt 0.028724 0.033224
vt 0.028724 0.037607
vt 0.027335 0.033004
vt 0.025981 0.037172
vt 0.026083 0.032366
vt 0.023507 0.035912
vt 0.025089 0.031372
vt 0.021543 0.033948
vt 0.024450 0.030119
vt 0.020282 0.031474
vt 0.024230 0.028731
vt 0.019848 0.028731
vt 0.024450 0.027342
vt 0.020282 0.025988
vt 0.025089 0.026090
vt 0.021543 0.023513
vt 0.026083 0.025095
vt 0.023507 0.021550
vt 0.027335 0.024457
vt 0.025981 0.020289
vt 0.028724 0.024237
vt 0.028724 0.019855
vt 0.030112 0.024457
vt 0.031467 0.020289
vt 0.031365 0.025095
vt 0.033941 0.021550
vt 0.032359 0.026090
vt 0.035905 0.023513
vt 0.032997 0.027342
vt 0.037165 0.025988
vt 0.033217 0.028731
vt 0.037600 0.028731
vt 0.039274 0.036395
vt 0.041126 0.032760
vt 0.036388 0.039280
vt 0.032753 0.041133
vt 0.028724 0.041771
vt 0.024694 0.041133
vt 0.021059 0.039280
vt 0.018174 0.036395
vt 0.016322 0.032760
vt 0.015683 0.028731
vt 0.016322 0.024701
vt 0.018174 0.021066
vt 0.021059 0.018181
vt 0.024694 0.016329
vt 0.028724 0.015690
vt 0.032753 0.016329
vt 0.036388 0.018181
vt 0.039274 0.021066
vt 0.041126 0.024701
vt 0.041764 0.028731
vt 0.042383 0.038654
vt 0.044781 0.033948
vt 0.038647 0.042390
vt 0.033941 0.044788
vt 0.028724 0.045614
vt 0.023507 0.044788
vt 0.018800 0.042390
vt 0.015065 0.038654
vt 0.012667 0.033948
vt 0.011841 0.028731
vt 0.012667 0.023513
vt 0.015065 0.018807
vt 0.018800 0.015072
vt 0.023507 0.012674
vt 0.028724 0.011847
vt 0.033941 0.012674
vt 0.038647 0.015072
vt 0.042382 0.018807
vt 0.044781 0.023513
vt 0.045607 0.028731
vt 0.045155 0.040669
vt 0.048040 0.035007
vt 0.040662 0.045162
vt 0.035000 0.048047
vt 0.028724 0.049041
vt 0.022448 0.048047
vt 0.016785 0.045162
vt 0.012292 0.040669
vt 0.009407 0.035007
vt 0.008413 0.028731
vt 0.009407 0.022454
vt 0.012292 0.016792
vt 0.016785 0.012299
vt 0.022448 0.009414
vt 0.028724 0.008420
vt 0.035000 0.009414
vt 0.040662 0.012299
vt 0.045155 0.016792
vt 0.048040 0.022454
vt 0.049034 0.028731
vt 0.047524 0.042390
vt 0.050824 0.035912
vt 0.042383 0.047531
vt 0.035905 0.050831
vt 0.028724 0.051968
vt 0.021543 0.050831
vt 0.015065 0.047531
vt 0.009924 0.042390
vt 0.006623 0.035912
vt 0.005486 0.028731
vt 0.006623 0.021550
vt 0.009924 0.015072
vt 0.015065 0.009931
vt 0.021543 0.006630
vt 0.028724 0.005493
vt 0.035905 0.006630
vt 0.042382 0.009931
vt 0.047524 0.015072
vt 0.050824 0.021550
vt 0.051962 0.028731
vt 0.049429 0.043774
vt 0.053064 0.036639
vt 0.043767 0.049436
vt 0.036632 0.053071
vt 0.028724 0.054324
vt 0.020815 0.053071
vt 0.013680 0.049436
vt 0.008019 0.043774
vt 0.004384 0.036639
vt 0.003131 0.028731
vt 0.004384 0.020822
vt 0.008019 0.013687
vt 0.013680 0.008025
vt 0.020815 0.004390
vt 0.028724 0.003138
vt 0.036632 0.004390
vt 0.043767 0.008025
vt 0.049429 0.013687
vt 0.053064 0.020822
vt 0.054317 0.028731
vt 0.050824 0.044788
vt 0.054705 0.037172
vt 0.044781 0.050831
vt 0.037165 0.054712
vt 0.028724 0.056048
vt 0.020282 0.054712
vt 0.012667 0.050831
vt 0.006623 0.044788
vt 0.002743 0.037172
vt 0.001406 0.028731
vt 0.002743 0.020289
vt 0.006623 0.012674
vt 0.012667 0.006630
vt 0.020282 0.002750
vt 0.028724 0.001413
vt 0.037165 0.002750
vt 0.044781 0.006630
vt 0.050824 0.012674
vt 0.054704 0.020289
vt 0.056041 0.028731
vt 0.051675 0.045406
vt 0.055705 0.037497
vt 0.045399 0.051682
vt 0.037490 0.055712
vt 0.028724 0.057101
vt 0.019957 0.055712
vt 0.012048 0.051682
vt 0.005772 0.045406
vt 0.001742 0.037497
vt 0.000354 0.028731
vt 0.001742 0.019964
vt 0.005772 0.012055
vt 0.012048 0.005779
vt 0.019957 0.001749
vt 0.028724 0.000360
vt 0.037490 0.001749
vt 0.045399 0.005779
vt 0.051675 0.012055
vt 0.055705 0.019964
vt 0.057094 0.028731
vt 0.051962 0.045614
vt 0.056041 0.037607
vt 0.045607 0.051968
vt 0.037600 0.056048
vt 0.028724 0.057454
vt 0.019848 0.056048
vt 0.011841 0.051968
vt 0.005486 0.045614
vt 0.001406 0.037607
vt 0.000000 0.028731
vt 0.001406 0.019855
vt 0.005486 0.011847
vt 0.011841 0.005493
vt 0.019848 0.001413
vt 0.028724 0.000007
vt 0.037600 0.001413
vt 0.045607 0.005493
vt 0.051962 0.011847
vt 0.056041 0.019855
vt 0.057447 0.028731
vt 0.051675 0.045406
vt 0.055705 0.037497
vt 0.045399 0.051682
vt 0.037490 0.055712
vt 0.028724 0.057101
vt 0.019957 0.055712
vt 0.012048 0.051682
vt 0.005772 0.045406
vt 0.001742 0.037497
vt 0.000354 0.028731
vt 0.001742 0.019964
vt 0.005772 0.012055
vt 0.012048 0.005779
vt 0.019957 0.001749
vt 0.028724 0.000360
vt 0.037490 0.001749
vt 0.045399 0.005779
vt 0.051675 0.012055
vt 0.055705 0.019964
vt 0.057094 0.028731
vt 0.050824 0.044788
vt 0.054705 0.037172
vt 0.044781 0.050831
vt 0.037165 0.054712
vt 0.028724 0.056048
vt 0.020282 0.054712
vt 0.012667 0.050831
vt 0.006623 0.044788
vt 0.002743 0.037172
vt 0.001406 0.028731
vt 0.002743 0.020289
vt 0.006623 0.012674
vt 0.012667 0.006630
vt 0.020282 0.002750
vt 0.028724 0.001413
vt 0.037165 0.002750
vt 0.044781 0.006630
vt 0.050824 0.012674
vt 0.054704 0.020289
vt 0.056041 0.028731
vt 0.049429 0.043774
vt 0.053064 0.036639
vt 0.043767 0.049436
vt 0.036632 0.053071
vt 0.028724 0.054324
vt 0.020815 0.053071
vt 0.013680 0.049436
vt 0.008019 0.043774
vt 0.004384 0.036639
vt 0.003131 0.028731
vt 0.004384 0.020822
vt 0.008019 0.013687
vt 0.013680 0.008025
vt 0.020815 0.004390
vt 0.028724 0.003138
vt 0.036632 0.004390
vt 0.043767 0.008025
vt 0.049429 0.013687
vt 0.053064 0.020822
vt 0.054317 0.028731
vt 0.047524 0.042390
vt 0.050824 0.035912
vt 0.042383 0.047531
vt 0.035905 0.050831
vt 0.028724 0.051968
vt 0.021543 0.050831
vt 0.015065 0.047531
vt 0.009924 0.042390
vt 0.006623 0.035912
vt 0.005486 0.028731
vt 0.006623 0.021550
vt 0.009924 0.015072
vt 0.015065 0.009931
vt 0.021543 0.006630
vt 0.028724 0.005493
vt 0.035905 0.006630
vt 0.042382 0.009931
vt 0.047524 0.015072
vt 0.050824 0.021550
vt 0.051962 0.028731
vt 0.045155 0.040669
vt 0.048040 0.035007
vt 0.040662 0.045162
vt 0.035000 0.048047
vt 0.028724 0.049041
vt 0.022448 0.048047
vt 0.016785 0.045162
vt 0.012292 0.040669
vt 0.009407 0.035007
vt 0.008413 0.028731
vt 0.009407 0.022454
vt 0.012292 0.016792
vt 0.016785 0.012299
vt 0.022448 0.009414
vt 0.028724 0.008420
vt 0.035000 0.009414
vt 0.040662 0.012299
vt 0.045155 0.016792
vt 0.048040 0.022454
vt 0.049034 0.028731
vt 0.042383 0.038654
vt 0.044781 0.033948
vt 0.038647 0.042390
vt 0.033941 0.044788
vt 0.028724 0.045614
vt 0.023507 0.044788
vt 0.018800 0.042390
vt 0.015065 0.038654
vt 0.012667 0.033948
vt 0.011841 0.028731
vt 0.012667 0.023513
vt 0.015065 0.018807
vt 0.018800 0.015072
vt 0.023507 0.012674
vt 0.028724 0.011847
vt 0.033941 0.012674
vt 0.038647 0.015072
vt 0.042382 0.018807
vt 0.044781 0.023513
vt 0.045607 0.028731
vt 0.039274 0.036395
vt 0.041126 0.032760
vt 0.036388 0.039280
vt 0.032753 0.041133
vt 0.028724 0.041771
vt 0.024694 0.041133
vt 0.021059 0.039280
vt 0.018174 0.036395
vt 0.016322 0.032760
vt 0.015683 0.028731
vt 0.016322 0.024701
vt 0.018174 0.021066
vt 0.021059 0.018181
vt 0.024694 0.016329
vt 0.028724 0.015690
vt 0.032753 0.016329
vt 0.036388 0.018181
vt 0.039274 0.021066
vt 0.041126 0.024701
vt 0.041764 0.028731
vt 0.035905 0.033948
vt 0.037165 0.031474
vt 0.033941 0.035912
vt 0.031467 0.037172
vt 0.028724 0.037607
vt 0.025981 0.037172
vt 0.023507 0.035912
vt 0.021543 0.033948
vt 0.020282 0.031474
vt 0.019848 0.028731
vt 0.020282 0.025988
vt 0.021543 0.023513
vt 0.023507 0.021550
vt 0.025981 0.020289
vt 0.028724 0.019855
vt 0.031467 0.020289
vt 0.033941 0.021550
vt 0.035905 0.023513
vt 0.037165 0.025988
vt 0.037600 0.028731
vt 0.032359 0.031372
vt 0.032997 0.030119
vt 0.031365 0.032366
vt 0.030112 0.033004
vt 0.028724 0.033224
vt 0.027335 0.033004
vt 0.026083 0.032366
vt 0.025089 0.031372
vt 0.024450 0.030119
vt 0.024230 0.028731
vt 0.024450 0.027342
vt 0.025089 0.026090
vt 0.026083 0.025095
vt 0.027335 0.024457
vt 0.028724 0.024237
vt 0.030112 0.024457
vt 0.031365 0.025095
vt 0.032359 0.026090
vt 0.032997 0.027342
vt 0.033217 0.028731
vt 0.028724 0.028731
vt 0.028724 0.028731
vn 0.190543 0.061911 -0.979725
vn 0.162091 0.117757 -0.979724
vn 0.269873 0.196070 -0.942722
vn 0.317251 0.103075 -0.942723
vn 0.117759 0.162087 -0.979725
vn 0.196070 0.269871 -0.942723
vn 0.061913 0.190543 -0.979725
vn 0.103084 0.317244 -0.942725
vn -0.000000 0.200357 -0.979723
vn 0.000000 0.333567 -0.942727
vn -0.061911 0.190541 -0.979725
vn -0.103078 0.317245 -0.942725
vn -0.117753 0.162086 -0.979726
vn -0.196067 0.269865 -0.942725
vn -0.162077 0.117769 -0.979725
vn -0.269866 0.196073 -0.942724
vn -0.190547 0.061912 -0.979724
vn -0.317251 0.103080 -0.942723
vn -0.200359 -0.000000 -0.979723
vn -0.333572 -0.000000 -0.942725
vn -0.190542 -0.061911 -0.979725
vn -0.317249 -0.103076 -0.942724
vn -0.162073 -0.117764 -0.979726
vn -0.269855 -0.196065 -0.942728
vn -0.117772 -0.162079 -0.979725
vn -0.196067 -0.269854 -0.942728
vn -0.061915 -0.190545 -0.979724
vn -0.103075 -0.317249 -0.942724
vn -0.000000 -0.200351 -0.979724
vn 0.000000 -0.333572 -0.942725
vn 0.061914 -0.190545 -0.979724
vn 0.103079 -0.317249 -0.942724
vn 0.117768 -0.162078 -0.979725
vn 0.196068 -0.269860 -0.942726
vn 0.162082 -0.117754 -0.979726
vn 0.269861 -0.196062 -0.942727
vn 0.190540 -0.061912 -0.979725
vn 0.317247 -0.103070 -0.942725
vn 0.200360 -0.000000 -0.979722
vn 0.333573 -0.000000 -0.942724
vn 0.380836 0.276691 -0.882273
vn 0.447700 0.145454 -0.882275
vn 0.276693 0.380832 -0.882274
vn 0.145465 0.447693 -0.882276
vn 0.000000 0.470732 -0.882276
vn -0.145465 0.447697 -0.882274
vn -0.276700 0.380828 -0.882274
vn -0.380842 0.276683 -0.882273
vn -0.447699 0.145464 -0.882273
vn -0.470743 0.000000 -0.882271
vn -0.447702 -0.145466 -0.882271
vn -0.380837 -0.276688 -0.882274
vn -0.276690 -0.380836 -0.882273
vn -0.145464 -0.447704 -0.882271
vn 0.000000 -0.470747 -0.882268
vn 0.145466 -0.447703 -0.882271
vn 0.276690 -0.380841 -0.882271
vn 0.380840 -0.276701 -0.882268
vn 0.447705 -0.145462 -0.882271
vn 0.470732 -0.000000 -0.882276
vn 0.485148 0.352474 -0.800246
vn 0.570326 0.185307 -0.800243
vn 0.352476 0.485141 -0.800249
vn 0.185310 0.570323 -0.800245
vn 0.000000 0.599675 -0.800243
vn -0.185306 0.570328 -0.800242
vn -0.352481 0.485146 -0.800244
vn -0.485150 0.352464 -0.800249
vn -0.570321 0.185309 -0.800247
vn -0.599673 0.000000 -0.800245
vn -0.570328 -0.185305 -0.800242
vn -0.485157 -0.352473 -0.800241
vn -0.352475 -0.485155 -0.800241
vn -0.185305 -0.570329 -0.800242
vn 0.000000 -0.599672 -0.800246
vn 0.185310 -0.570323 -0.800245
vn 0.352475 -0.485148 -0.800246
vn 0.485151 -0.352485 -0.800239
vn 0.570331 -0.185313 -0.800239
vn 0.599678 -0.000000 -0.800241
vn 0.578706 0.420450 -0.698800
vn 0.680313 0.221042 -0.698795
vn 0.420455 0.578708 -0.698795
vn 0.221043 0.680321 -0.698787
vn -0.000000 0.715334 -0.698783
vn -0.221043 0.680323 -0.698785
vn -0.420450 0.578716 -0.698792
vn -0.578714 0.420448 -0.698795
vn -0.680318 0.221043 -0.698790
vn -0.715328 0.000000 -0.698789
vn -0.680319 -0.221043 -0.698789
vn -0.578720 -0.420450 -0.698788
vn -0.420450 -0.578721 -0.698787
vn -0.221044 -0.680321 -0.698787
vn 0.000000 -0.715325 -0.698792
vn 0.221045 -0.680317 -0.698790
vn 0.420459 -0.578712 -0.698790
vn 0.578708 -0.420453 -0.698797
vn 0.680311 -0.221044 -0.698797
vn 0.715325 -0.000000 -0.698792
vn 0.658817 0.478654 -0.580388
vn 0.774477 0.251644 -0.580397
vn 0.478661 0.658816 -0.580384
vn 0.251644 0.774484 -0.580388
vn 0.000000 0.814337 -0.580393
vn -0.251638 0.774480 -0.580396
vn -0.478653 0.658811 -0.580395
vn -0.658821 0.478653 -0.580385
vn -0.774487 0.251646 -0.580384
vn -0.814339 0.000000 -0.580390
vn -0.774480 -0.251640 -0.580395
vn -0.658814 -0.478647 -0.580398
vn -0.478649 -0.658813 -0.580397
vn -0.251641 -0.774482 -0.580392
vn -0.000000 -0.814340 -0.580388
vn 0.251650 -0.774483 -0.580386
vn 0.478649 -0.658819 -0.580390
vn 0.658804 -0.478654 -0.580403
vn 0.774472 -0.251637 -0.580407
vn 0.814332 -0.000000 -0.580400
vn 0.723298 0.525502 -0.447982
vn 0.850281 0.276271 -0.447992
vn 0.525504 0.723298 -0.447980
vn 0.276270 0.850282 -0.447990
vn 0.000000 0.894037 -0.447993
vn -0.276269 0.850280 -0.447994
vn -0.525515 0.723288 -0.447984
vn -0.723303 0.525496 -0.447980
vn -0.850281 0.276271 -0.447992
vn -0.894036 -0.000000 -0.447995
vn -0.850280 -0.276270 -0.447995
vn -0.723293 -0.525507 -0.447983
vn -0.525508 -0.723294 -0.447982
vn -0.276271 -0.850280 -0.447993
vn -0.000000 -0.894036 -0.447994
vn 0.276271 -0.850279 -0.447995
vn 0.525496 -0.723298 -0.447988
vn 0.723288 -0.525514 -0.447984
vn 0.850287 -0.276271 -0.447980
vn 0.894041 -0.000005 -0.447986
vn 0.770521 0.559819 -0.304796
vn 0.905809 0.294305 -0.304787
vn 0.559818 0.770523 -0.304792
vn 0.294313 0.905804 -0.304793
vn 0.000000 0.952418 -0.304795
vn -0.294314 0.905806 -0.304787
vn -0.559822 0.770522 -0.304787
vn -0.770521 0.559815 -0.304802
vn -0.905799 0.294309 -0.304812
vn -0.952413 -0.000000 -0.304811
vn -0.905801 -0.294315 -0.304801
vn -0.770521 -0.559822 -0.304791
vn -0.559819 -0.770526 -0.304783
vn -0.294314 -0.905806 -0.304786
vn -0.000000 -0.952419 -0.304792
vn 0.294313 -0.905806 -0.304788
vn 0.559816 -0.770527 -0.304785
vn 0.770524 -0.559820 -0.304785
vn 0.905809 -0.294313 -0.304779
vn 0.952424 -0.000010 -0.304776
vn 0.799334 0.580751 -0.154253
vn 0.939677 0.305313 -0.154243
vn 0.580740 0.799342 -0.154250
vn 0.305326 0.939673 -0.154241
vn 0.000000 0.988033 -0.154241
vn -0.305320 0.939676 -0.154239
vn -0.580748 0.799338 -0.154244
vn -0.799334 0.580752 -0.154248
vn -0.939672 0.305324 -0.154251
vn -0.988031 -0.000000 -0.154254
vn -0.939674 -0.305322 -0.154242
vn -0.799333 -0.580754 -0.154245
vn -0.580748 -0.799337 -0.154246
vn -0.305319 -0.939677 -0.154234
vn -0.000000 -0.988035 -0.154230
vn 0.305325 -0.939674 -0.154235
vn 0.580740 -0.799342 -0.154252
vn 0.799334 -0.580750 -0.154255
vn 0.939677 -0.305309 -0.154252
vn 0.988032 -0.000005 -0.154246
vn 0.809019 0.587783 -0.000000
vn 0.951060 0.309005 -0.000000
vn 0.587780 0.809021 0.000000
vn 0.309021 0.951055 0.000000
vn 0.000000 1.000000 0.000000
vn -0.309019 0.951056 0.000000
vn -0.587776 0.809024 0.000000
vn -0.809018 0.587783 0.000000
vn -0.951054 0.309026 0.000000
vn -1.000000 0.000000 0.000000
vn -0.951053 -0.309027 -0.000000
vn -0.809019 -0.587782 -0.000000
vn -0.587775 -0.809024 0.000000
vn -0.309016 -0.951057 0.000000
vn 0.000000 -1.000000 0.000000
vn 0.309019 -0.951056 0.000000
vn 0.587779 -0.809021 0.000000
vn 0.809019 -0.587782 0.000000
vn 0.951060 -0.309006 0.000000
vn 1.000000 -0.000000 0.000000
vn 0.799334 0.580752 0.154248
vn 0.939678 0.305313 0.154238
vn 0.580740 0.799343 0.154245
vn 0.305326 0.939674 0.154236
vn -0.000000 0.988034 0.154235
vn -0.305320 0.939676 0.154234
vn -0.580748 0.799339 0.154238
vn -0.799335 0.580753 0.154243
vn -0.939673 0.305324 0.154246
vn -0.988032 0.000000 0.154249
vn -0.939675 -0.305322 0.154236
vn -0.799333 -0.580755 0.154239
vn -0.580748 -0.799338 0.154241
vn -0.305319 -0.939678 0.154229
vn 0.000000 -0.988036 0.154225
vn 0.305325 -0.939675 0.154230
vn 0.580740 -0.799343 0.154246
vn 0.799334 -0.580751 0.154250
vn 0.939678 -0.305309 0.154247
vn 0.988033 -0.000005 0.154241
vn 0.770521 0.559820 0.304794
vn 0.905809 0.294305 0.304787
vn 0.559819 0.770523 0.304791
vn 0.294312 0.905805 0.304793
vn -0.000000 0.952418 0.304795
vn -0.294314 0.905806 0.304787
vn -0.559822 0.770523 0.304787
vn -0.770522 0.559815 0.304801
vn -0.905799 0.294309 0.304811
vn -0.952413 -0.000000 0.304810
vn -0.905801 -0.294315 0.304801
vn -0.770520 -0.559822 0.304791
vn -0.559819 -0.770526 0.304784
vn -0.294314 -0.905806 0.304786
vn 0.000000 -0.952419 0.304792
vn 0.294313 -0.905806 0.304788
vn 0.559816 -0.770527 0.304785
vn 0.770524 -0.559820 0.304785
vn 0.905809 -0.294313 0.304779
vn 0.952424 -0.000010 0.304777
vn 0.723293 0.525498 0.447994
vn 0.850275 0.276268 0.448005
vn 0.525500 0.723293 0.447993
vn 0.276267 0.850276 0.448003
vn 0.000000 0.894031 0.448006
vn -0.276267 0.850274 0.448008
vn -0.525511 0.723283 0.447996
vn -0.723298 0.525492 0.447993
vn -0.850275 0.276269 0.448005
vn -0.894029 -0.000000 0.448009
vn -0.850273 -0.276268 0.448009
vn -0.723287 -0.525503 0.447998
vn -0.525503 -0.723288 0.447997
vn -0.276268 -0.850274 0.448007
vn -0.000000 -0.894030 0.448008
vn 0.276269 -0.850273 0.448008
vn 0.525491 -0.723293 0.448002
vn 0.723283 -0.525510 0.447998
vn 0.850281 -0.276269 0.447993
vn 0.894034 -0.000005 0.447999
vn 0.658813 0.478651 0.580395
vn 0.774473 0.251641 0.580403
vn 0.478657 0.658814 0.580389
vn 0.251643 0.774481 0.580392
vn 0.000000 0.814333 0.580398
vn -0.251637 0.774477 0.580400
vn -0.478652 0.658811 0.580397
vn -0.658818 0.478652 0.580389
vn -0.774482 0.251645 0.580390
vn -0.814334 -0.000000 0.580396
vn -0.774478 -0.251639 0.580398
vn -0.658811 -0.478645 0.580403
vn -0.478645 -0.658810 0.580403
vn -0.251639 -0.774478 0.580397
vn -0.000000 -0.814336 0.580393
vn 0.251648 -0.774480 0.580391
vn 0.478645 -0.658816 0.580396
vn 0.658801 -0.478652 0.580408
vn 0.774469 -0.251637 0.580411
vn 0.814328 -0.000000 0.580405
vn 0.578710 0.420453 0.698794
vn 0.680320 0.221043 0.698788
vn 0.420459 0.578714 0.698788
vn 0.221046 0.680329 0.698778
vn 0.000000 0.715340 0.698776
vn -0.221046 0.680330 0.698777
vn -0.420456 0.578723 0.698783
vn -0.578719 0.420452 0.698788
vn -0.680323 0.221044 0.698784
vn -0.715334 -0.000000 0.698783
vn -0.680324 -0.221044 0.698783
vn -0.578724 -0.420453 0.698783
vn -0.420453 -0.578725 0.698782
vn -0.221045 -0.680326 0.698782
vn 0.000000 -0.715331 0.698786
vn 0.221048 -0.680322 0.698785
vn 0.420462 -0.578715 0.698785
vn 0.578712 -0.420457 0.698791
vn 0.680317 -0.221047 0.698789
vn 0.715331 0.000000 0.698786
vn 0.485141 0.352469 0.800252
vn 0.570318 0.185304 0.800250
vn 0.352472 0.485135 0.800254
vn 0.185307 0.570315 0.800251
vn 0.000000 0.599665 0.800251
vn -0.185303 0.570319 0.800249
vn -0.352477 0.485139 0.800250
vn -0.485143 0.352458 0.800256
vn -0.570312 0.185305 0.800254
vn -0.599665 -0.000000 0.800251
vn -0.570317 -0.185301 0.800251
vn -0.485145 -0.352464 0.800252
vn -0.352467 -0.485145 0.800251
vn -0.185302 -0.570318 0.800250
vn 0.000000 -0.599664 0.800252
vn 0.185307 -0.570315 0.800251
vn 0.352469 -0.485140 0.800253
vn 0.485143 -0.352479 0.800247
vn 0.570323 -0.185310 0.800245
vn 0.599670 0.000000 0.800247
vn 0.380866 0.276713 0.882253
vn 0.447735 0.145465 0.882255
vn 0.276716 0.380864 0.882253
vn 0.145477 0.447729 0.882256
vn 0.000000 0.470767 0.882258
vn -0.145475 0.447731 0.882255
vn -0.276721 0.380859 0.882254
vn -0.380874 0.276705 0.882252
vn -0.447738 0.145477 0.882251
vn -0.470783 -0.000000 0.882249
vn -0.447738 -0.145477 0.882251
vn -0.380865 -0.276709 0.882255
vn -0.276711 -0.380866 0.882254
vn -0.145477 -0.447739 0.882250
vn -0.000000 -0.470786 0.882248
vn 0.145478 -0.447740 0.882250
vn 0.276711 -0.380873 0.882251
vn 0.380868 -0.276724 0.882249
vn 0.447740 -0.145474 0.882251
vn 0.470771 0.000000 0.882255
vn 0.269869 0.196068 0.942724
vn 0.317247 0.103073 0.942725
vn 0.196069 0.269871 0.942723
vn 0.103082 0.317243 0.942725
vn -0.000000 0.333565 0.942727
vn -0.103076 0.317242 0.942726
vn -0.196065 0.269861 0.942726
vn -0.269867 0.196072 0.942724
vn -0.317252 0.103082 0.942722
vn -0.333571 -0.000000 0.942725
vn -0.317249 -0.103078 0.942724
vn -0.269857 -0.196068 0.942727
vn -0.196070 -0.269856 0.942727
vn -0.103078 -0.317250 0.942723
vn -0.000000 -0.333572 0.942725
vn 0.103079 -0.317249 0.942724
vn 0.196069 -0.269862 0.942726
vn 0.269860 -0.196064 0.942727
vn 0.317246 -0.103071 0.942725
vn 0.333573 0.000000 0.942724
vn 0.162090 0.117757 0.979725
vn 0.190541 0.061911 0.979725
vn 0.117754 0.162087 0.979725
vn 0.061909 0.190542 0.979725
vn -0.000000 0.200356 0.979723
vn -0.061909 0.190541 0.979725
vn -0.117754 0.162084 0.979726
vn -0.162080 0.117768 0.979725
vn -0.190546 0.061912 0.979724
vn -0.200359 -0.000001 0.979723
vn -0.190546 -0.061912 0.979724
vn -0.162074 -0.117765 0.979726
vn -0.117772 -0.162079 0.979725
vn -0.061915 -0.190544 0.979724
vn -0.000000 -0.200350 0.979724
vn 0.061912 -0.190545 0.979724
vn 0.117770 -0.162078 0.979725
vn 0.162087 -0.117754 0.979725
vn 0.190544 -0.061912 0.979724
vn 0.200360 0.000000 0.979722
vn -0.000000 -0.000001 -1.000000
vn -0.000001 0.000000 1.000000
s 1
g RightEyeMesh
usemtl lambert2SG
f 4/1/1 3/2/2 2/3/3 1/4/4
f 3/2/2 6/5/5 5/6/6 2/3/3
f 6/5/5 8/7/7 7/8/8 5/6/6
f 8/7/7 10/9/9 9/10/10 7/8/8
f 10/9/9 12/11/11 11/12/12 9/10/10
f 12/11/11 14/13/13 13/14/14 11/12/12
f 14/13/13 16/15/15 15/16/16 13/14/14
f 16/15/15 18/17/17 17/18/18 15/16/16
f 18/17/17 20/19/19 19/20/20 17/18/18
f 20/19/19 22/21/21 21/22/22 19/20/20
f 22/21/21 24/23/23 23/24/24 21/22/22
f 24/23/23 26/25/25 25/26/26 23/24/24
f 26/25/25 28/27/27 27/28/28 25/26/26
f 28/27/27 30/29/29 29/30/30 27/28/28
f 30/29/29 32/31/31 31/32/32 29/30/30
f 32/31/31 34/33/33 33/34/34 31/32/32
f 34/33/33 36/35/35 35/36/36 33/34/34
f 36/35/35 38/37/37 37/38/38 35/36/36
f 38/37/37 40/39/39 39/40/40 37/38/38
f 40/39/39 4/1/1 1/4/4 39/40/40
f 1/4/4 2/3/3 42/41/41 41/42/42
f 2/3/3 5/6/6 43/43/43 42/41/41
f 5/6/6 7/8/8 44/44/44 43/43/43
f 7/8/8 9/10/10 45/45/45 44/44/44
f 9/10/10 11/12/12 46/46/46 45/45/45
f 11/12/12 13/14/14 47/47/47 46/46/46
f 13/14/14 15/16/16 48/48/48 47/47/47
f 15/16/16 17/18/18 49/49/49 48/48/48
f 17/18/18 19/20/20 50/50/50 49/49/49
f 19/20/20 21/22/22 51/51/51 50/50/50
f 21/22/22 23/24/24 52/52/52 51/51/51
f 23/24/24 25/26/26 53/53/53 52/52/52
f 25/26/26 27/28/28 54/54/54 53/53/53
f 27/28/28 29/30/30 55/55/55 54/54/54
f 29/30/30 31/32/32 56/56/56 55/55/55
f 31/32/32 33/34/34 57/57/57 56/56/56
f 33/34/34 35/36/36 58/58/58 57/57/57
f 35/36/36 37/38/38 59/59/59 58/58/58
f 37/38/38 39/40/40 60/60/60 59/59/59
f 39/40/40 1/4/4 41/42/42 60/60/60
f 41/42/42 42/41/41 62/61/61 61/62/62
f 42/41/41 43/43/43 63/63/63 62/61/61
f 43/43/43 44/44/44 64/64/64 63/63/63
f 44/44/44 45/45/45 65/65/65 64/64/64
f 45/45/45 46/46/46 66/66/66 65/65/65
f 46/46/46 47/47/47 67/67/67 66/66/66
f 47/47/47 48/48/48 68/68/68 67/67/67
f 48/48/48 49/49/49 69/69/69 68/68/68
f 49/49/49 50/50/50 70/70/70 69/69/69
f 50/50/50 51/51/51 71/71/71 70/70/70
f 51/51/51 52/52/52 72/72/72 71/71/71
f 52/52/52 53/53/53 73/73/73 72/72/72
f 53/53/53 54/54/54 74/74/74 73/73/73
f 54/54/54 55/55/55 75/75/75 74/74/74
f 55/55/55 56/56/56 76/76/76 75/75/75
f 56/56/56 57/57/57 77/77/77 76/76/76
f 57/57/57 58/58/58 78/78/78 77/77/77
f 58/58/58 59/59/59 79/79/79 78/78/78
f 59/59/59 60/60/60 80/80/80 79/79/79
f 60/60/60 41/42/42 61/62/62 80/80/80
f 61/62/62 62/61/61 82/81/81 81/82/82
f 62/61/61 63/63/63 83/83/83 82/81/81
f 63/63/63 64/64/64 84/84/84 83/83/83
f 64/64/64 65/65/65 85/85/85 84/84/84
f 65/65/65 66/66/66 86/86/86 85/85/85
f 66/66/66 67/67/67 87/87/87 86/86/86
f 67/67/67 68/68/68 88/88/88 87/87/87
f 68/68/68 69/69/69 89/89/89 88/88/88
f 69/69/69 70/70/70 90/90/90 89/89/89
f 70/70/70 71/71/71 91/91/91 90/90/90
f 71/71/71 72/72/72 92/92/92 91/91/91
f 72/72/72 73/73/73 93/93/93 92/92/92
f 73/73/73 74/74/74 94/94/94 93/93/93
f 74/74/74 75/75/75 95/95/95 94/94/94
f 75/75/75 76/76/76 96/96/96 95/95/95
f 76/76/76 77/77/77 97/97/97 96/96/96
f 77/77/77 78/78/78 98/98/98 97/97/97
f 78/78/78 79/79/79 99/99/99 98/98/98
f 79/79/79 80/80/80 100/100/100 99/99/99
f 80/80/80 61/62/62 81/82/82 100/100/100
f 81/82/82 82/81/81 102/101/101 101/102/102
f 82/81/81 83/83/83 103/103/103 102/101/101
f 83/83/83 84/84/84 104/104/104 103/103/103
f 84/84/84 85/85/85 105/105/105 104/104/104
f 85/85/85 86/86/86 106/106/106 105/105/105
f 86/86/86 87/87/87 107/107/107 106/106/106
f 87/87/87 88/88/88 108/108/108 107/107/107
f 88/88/88 89/89/89 109/109/109 108/108/108
f 89/89/89 90/90/90 110/110/110 109/109/109
f 90/90/90 91/91/91 111/111/111 110/110/110
f 91/91/91 92/92/92 112/112/112 111/111/111
f 92/92/92 93/93/93 113/113/113 112/112/112
f 93/93/93 94/94/94 114/114/114 113/113/113
f 94/94/94 95/95/95 115/115/115 114/114/114
f 95/95/95 96/96/96 116/116/116 115/115/115
f 96/96/96 97/97/97 117/117/117 116/116/116
f 97/97/97 98/98/98 118/118/118 117/117/117
f 98/98/98 99/99/99 119/119/119 118/118/118
f 99/99/99 100/100/100 120/120/120 119/119/119
f 100/100/100 81/82/82 101/102/102 120/120/120
f 101/102/102 102/101/101 122/121/121 121/122/122
f 102/101/101 103/103/103 123/123/123 122/121/121
f 103/103/103 104/104/104 124/124/124 123/123/123
f 104/104/104 105/105/105 125/125/125 124/124/124
f 105/105/105 106/106/106 126/126/126 125/125/125
f 106/106/106 107/107/107 127/127/127 126/126/126
f 107/107/107 108/108/108 128/128/128 127/127/127
f 108/108/108 109/109/109 129/129/129 128/128/128
f 109/109/109 110/110/110 130/130/130 129/129/129
f 110/110/110 111/111/111 131/131/131 130/130/130
f 111/111/111 112/112/112 132/132/132 131/131/131
f 112/112/112 113/113/113 133/133/133 132/132/132
f 113/113/113 114/114/114 134/134/134 133/133/133
f 114/114/114 115/115/115 135/135/135 134/134/134
f 115/115/115 116/116/116 136/136/136 135/135/135
f 116/116/116 117/117/117 137/137/137 136/136/136
f 117/117/117 118/118/118 138/138/138 137/137/137
f 118/118/118 119/119/119 139/139/139 138/138/138
f 119/119/119 120/120/120 140/140/140 139/139/139
f 120/120/120 101/102/102 121/122/122 140/140/140
f 121/122/122 122/121/121 142/141/141 141/142/142
f 122/121/121 123/123/123 143/143/143 142/141/141
f 123/123/123 124/124/124 144/144/144 143/143/143
f 124/124/124 125/125/125 145/145/145 144/144/144
f 125/125/125 126/126/126 146/146/146 145/145/145
f 126/126/126 127/127/127 147/147/147 146/146/146
f 127/127/127 128/128/128 148/148/148 147/147/147
f 128/128/128 129/129/129 149/149/149 148/148/148
f 129/129/129 130/130/130 150/150/150 149/149/149
f 130/130/130 131/131/131 151/151/151 150/150/150
f 131/131/131 132/132/132 152/152/152 151/151/151
f 132/132/132 133/133/133 153/153/153 152/152/152
f 133/133/133 134/134/134 154/154/154 153/153/153
f 134/134/134 135/135/135 155/155/155 154/154/154
f 135/135/135 136/136/136 156/156/156 155/155/155
f 136/136/136 137/137/137 157/157/157 156/156/156
f 137/137/137 138/138/138 158/158/158 157/157/157
f 138/138/138 139/139/139 159/159/159 158/158/158
f 139/139/139 140/140/140 160/160/160 159/159/159
f 140/140/140 121/122/122 141/142/142 160/160/160
f 141/142/142 142/141/141 162/161/161 161/162/162
f 142/141/141 143/143/143 163/163/163 162/161/161
f 143/143/143 144/144/144 164/164/164 163/163/163
f 144/144/144 145/145/145 165/165/165 164/164/164
f 145/145/145 146/146/146 166/166/166 165/165/165
f 146/146/146 147/147/147 167/167/167 166/166/166
f 147/147/147 148/148/148 168/168/168 167/167/167
f 148/148/148 149/149/149 169/169/169 168/168/168
f 149/149/149 150/150/150 170/170/170 169/169/169
f 150/150/150 151/151/151 171/171/171 170/170/170
f 151/151/151 152/152/152 172/172/172 171/171/171
f 152/152/152 153/153/153 173/173/173 172/172/172
f 153/153/153 154/154/154 174/174/174 173/173/173
f 154/154/154 155/155/155 175/175/175 174/174/174
f 155/155/155 156/156/156 176/176/176 175/175/175
f 156/156/156 157/157/157 177/177/177 176/176/176
f 157/157/157 158/158/158 178/178/178 177/177/177
f 158/158/158 159/159/159 179/179/179 178/178/178
f 159/159/159 160/160/160 180/180/180 179/179/179
f 160/160/160 141/142/142 161/162/162 180/180/180
f 161/162/162 162/161/161 182/181/181 181/182/182
f 162/161/161 163/163/163 183/183/183 182/181/181
f 163/163/163 164/164/164 184/184/184 183/183/183
f 164/164/164 165/165/165 185/185/185 184/184/184
f 165/165/165 166/166/166 186/186/186 185/185/185
f 166/166/166 167/167/167 187/187/187 186/186/186
f 167/167/167 168/168/168 188/188/188 187/187/187
f 168/168/168 169/169/169 189/189/189 188/188/188
f 169/169/169 170/170/170 190/190/190 189/189/189
f 170/170/170 171/171/171 191/191/191 190/190/190
f 171/171/171 172/172/172 192/192/192 191/191/191
f 172/172/172 173/173/173 193/193/193 192/192/192
f 173/173/173 174/174/174 194/194/194 193/193/193
f 174/174/174 175/175/175 195/195/195 194/194/194
f 175/175/175 176/176/176 196/196/196 195/195/195
f 176/176/176 177/177/177 197/197/197 196/196/196
f 177/177/177 178/178/178 198/198/198 197/197/197
f 178/178/178 179/179/179 199/199/199 198/198/198
f 179/179/179 180/180/180 200/200/200 199/199/199
f 180/180/180 161/162/162 181/182/182 200/200/200
f 181/182/182 182/181/181 202/201/201 201/202/202
f 182/181/181 183/183/183 203/203/203 202/201/201
f 183/183/183 184/184/184 204/204/204 203/203/203
f 184/184/184 185/185/185 205/205/205 204/204/204
f 185/185/185 186/186/186 206/206/206 205/205/205
f 186/186/186 187/187/187 207/207/207 206/206/206
f 187/187/187 188/188/188 208/208/208 207/207/207
f 188/188/188 189/189/189 209/209/209 208/208/208
f 189/189/189 190/190/190 210/210/210 209/209/209
f 190/190/190 191/191/191 211/211/211 210/210/210
f 191/191/191 192/192/192 212/212/212 211/211/211
f 192/192/192 193/193/193 213/213/213 212/212/212
f 193/193/193 194/194/194 214/214/214 213/213/213
f 194/194/194 195/195/195 215/215/215 214/214/214
f 195/195/195 196/196/196 216/216/216 215/215/215
f 196/196/196 197/197/197 217/217/217 216/216/216
f 197/197/197 198/198/198 218/218/218 217/217/217
f 198/198/198 199/199/199 219/219/219 218/218/218
f 199/199/199 200/200/200 220/220/220 219/219/219
f 200/200/200 181/182/182 201/202/202 220/220/220
f 201/202/202 202/201/201 222/221/221 221/222/222
f 202/201/201 203/203/203 223/223/223 222/221/221
f 203/203/203 204/204/204 224/224/224 223/223/223
f 204/204/204 205/205/205 225/225/225 224/224/224
f 205/205/205 206/206/206 226/226/226 225/225/225
f 206/206/206 207/207/207 227/227/227 226/226/226
f 207/207/207 208/208/208 228/228/228 227/227/227
f 208/208/208 209/209/209 229/229/229 228/228/228
f 209/209/209 210/210/210 230/230/230 229/229/229
f 210/210/210 211/211/211 231/231/231 230/230/230
f 211/211/211 212/212/212 232/232/232 231/231/231
f 212/212/212 213/213/213 233/233/233 232/232/232
f 213/213/213 214/214/214 234/234/234 233/233/233
f 214/214/214 215/215/215 235/235/235 234/234/234
f 215/215/215 216/216/216 236/236/236 235/235/235
f 216/216/216 217/217/217 237/237/237 236/236/236
f 217/217/217 218/218/218 238/238/238 237/237/237
f 218/218/218 219/219/219 239/239/239 238/238/238
f 219/219/219 220/220/220 240/240/240 239/239/239
f 220/220/220 201/202/202 221/222/222 240/240/240
f 221/222/222 222/221/221 242/241/241 241/242/242
f 222/221/221 223/223/223 243/243/243 242/241/241
f 223/223/223 224/224/224 244/244/244 243/243/243
f 224/224/224 225/225/225 245/245/245 244/244/244
f 225/225/225 226/226/226 246/246/246 245/245/245
f 226/226/226 227/227/227 247/247/247 246/246/246
f 227/227/227 228/228/228 248/248/248 247/247/247
f 228/228/228 229/229/229 249/249/249 248/248/248
f 229/229/229 230/230/230 250/250/250 249/249/249
f 230/230/230 231/231/231 251/251/251 250/250/250
f 231/231/231 232/232/232 252/252/252 251/251/251
f 232/232/232 233/233/233 253/253/253 252/252/252
f 233/233/233 234/234/234 254/254/254 253/253/253
f 234/234/234 235/235/235 255/255/255 254/254/254
f 235/235/235 236/236/236 256/256/256 255/255/255
f 236/236/236 237/237/237 257/257/257 256/256/256
f 237/237/237 238/238/238 258/258/258 257/257/257
f 238/238/238 239/239/239 259/259/259 258/258/258
f 239/239/239 240/240/240 260/260/260 259/259/259
f 240/240/240 221/222/222 241/242/242 260/260/260
f 241/242/242 242/241/241 262/261/261 261/262/262
f 242/241/241 243/243/243 263/263/263 262/261/261
f 243/243/243 244/244/244 264/264/264 263/263/263
f 244/244/244 245/245/245 265/265/265 264/264/264
f 245/245/245 246/246/246 266/266/266 265/265/265
f 246/246/246 247/247/247 267/267/267 266/266/266
f 247/247/247 248/248/248 268/268/268 267/267/267
f 248/248/248 249/249/249 269/269/269 268/268/268
f 249/249/249 250/250/250 270/270/270 269/269/269
f 250/250/250 251/251/251 271/271/271 270/270/270
f 251/251/251 252/252/252 272/272/272 271/271/271
f 252/252/252 253/253/253 273/273/273 272/272/272
f 253/253/253 254/254/254 274/274/274 273/273/273
f 254/254/254 255/255/255 275/275/275 274/274/274
f 255/255/255 256/256/256 276/276/276 275/275/275
f 256/256/256 257/257/257 277/277/277 276/276/276
f 257/257/257 258/258/258 278/278/278 277/277/277
f 258/258/258 259/259/259 279/279/279 278/278/278
f 259/259/259 260/260/260 280/280/280 279/279/279
f 260/260/260 241/242/242 261/262/262 280/280/280
f 261/262/262 262/261/261 282/281/281 281/282/282
f 262/261/261 263/263/263 283/283/283 282/281/281
f 263/263/263 264/264/264 284/284/284 283/283/283
f 264/264/264 265/265/265 285/285/285 284/284/284
f 265/265/265 266/266/266 286/286/286 285/285/285
f 266/266/266 267/267/267 287/287/287 286/286/286
f 267/267/267 268/268/268 288/288/288 287/287/287
f 268/268/268 269/269/269 289/289/289 288/288/288
f 269/269/269 270/270/270 290/290/290 289/289/289
f 270/270/270 271/271/271 291/291/291 290/290/290
f 271/271/271 272/272/272 292/292/292 291/291/291
f 272/272/272 273/273/273 293/293/293 292/292/292
f 273/273/273 274/274/274 294/294/294 293/293/293
f 274/274/274 275/275/275 295/295/295 294/294/294
f 275/275/275 276/276/276 296/296/296 295/295/295
f 276/276/276 277/277/277 297/297/297 296/296/296
f 277/277/277 278/278/278 298/298/298 297/297/297
f 278/278/278 279/279/279 299/299/299 298/298/298
f 279/279/279 280/280/280 300/300/300 299/299/299
f 280/280/280 261/262/262 281/282/282 300/300/300
f 281/282/282 282/281/281 302/301/301 301/302/302
f 282/281/281 283/283/283 303/303/303 302/301/301
f 283/283/283 284/284/284 304/304/304 303/303/303
f 284/284/284 285/285/285 305/305/305 304/304/304
f 285/285/285 286/286/286 306/306/306 305/305/305
f 286/286/286 287/287/287 307/307/307 306/306/306
f 287/287/287 288/288/288 308/308/308 307/307/307
f 288/288/288 289/289/289 309/309/309 308/308/308
f 289/289/289 290/290/290 310/310/310 309/309/309
f 290/290/290 291/291/291 311/311/311 310/310/310
f 291/291/291 292/292/292 312/312/312 311/311/311
f 292/292/292 293/293/293 313/313/313 312/312/312
f 293/293/293 294/294/294 314/314/314 313/313/313
f 294/294/294 295/295/295 315/315/315 314/314/314
f 295/295/295 296/296/296 316/316/316 315/315/315
f 296/296/296 297/297/297 317/317/317 316/316/316
f 297/297/297 298/298/298 318/318/318 317/317/317
f 298/298/298 299/299/299 319/319/319 318/318/318
f 299/299/299 300/300/300 320/320/320 319/319/319
f 300/300/300 281/282/282 301/302/302 320/320/320
f 301/302/302 302/301/301 322/321/321 321/322/322
f 302/301/301 303/303/303 323/323/323 322/321/321
f 303/303/303 304/304/304 324/324/324 323/323/323
f 304/304/304 305/305/305 325/325/325 324/324/324
f 305/305/305 306/306/306 326/326/326 325/325/325
f 306/306/306 307/307/307 327/327/327 326/326/326
f 307/307/307 308/308/308 328/328/328 327/327/327
f 308/308/308 309/309/309 329/329/329 328/328/328
f 309/309/309 310/310/310 330/330/330 329/329/329
f 310/310/310 311/311/311 331/331/331 330/330/330
f 311/311/311 312/312/312 332/332/332 331/331/331
f 312/312/312 313/313/313 333/333/333 332/332/332
f 313/313/313 314/314/314 334/334/334 333/333/333
f 314/314/314 315/315/315 335/335/335 334/334/334
f 315/315/315 316/316/316 336/336/336 335/335/335
f 316/316/316 317/317/317 337/337/337 336/336/336
f 317/317/317 318/318/318 338/338/338 337/337/337
f 318/318/318 319/319/319 339/339/339 338/338/338
f 319/319/319 320/320/320 340/340/340 339/339/339
f 320/320/320 301/302/302 321/322/322 340/340/340
f 321/322/322 322/321/321 342/341/341 341/342/342
f 322/321/321 323/323/323 343/343/343 342/341/341
f 323/323/323 324/324/324 344/344/344 343/343/343
f 324/324/324 325/325/325 345/345/345 344/344/344
f 325/325/325 326/326/326 346/346/346 345/345/345
f 326/326/326 327/327/327 347/347/347 346/346/346
f 327/327/327 328/328/328 348/348/348 347/347/347
f 328/328/328 329/329/329 349/349/349 348/348/348
f 329/329/329 330/330/330 350/350/350 349/349/349
f 330/330/330 331/331/331 351/351/351 350/350/350
f 331/331/331 332/332/332 352/352/352 351/351/351
f 332/332/332 333/333/333 353/353/353 352/352/352
f 333/333/333 334/334/334 354/354/354 353/353/353
f 334/334/334 335/335/335 355/355/355 354/354/354
f 335/335/335 336/336/336 356/356/356 355/355/355
f 336/336/336 337/337/337 357/357/357 356/356/356
f 337/337/337 338/338/338 358/358/358 357/357/357
f 338/338/338 339/339/339 359/359/359 358/358/358
f 339/339/339 340/340/340 360/360/360 359/359/359
f 340/340/340 321/322/322 341/342/342 360/360/360
f 341/342/342 342/341/341 362/361/361 361/362/362
f 342/341/341 343/343/343 363/363/363 362/361/361
f 343/343/343 344/344/344 364/364/364 363/363/363
f 344/344/344 345/345/345 365/365/365 364/364/364
f 345/345/345 346/346/346 366/366/366 365/365/365
f 346/346/346 347/347/347 367/367/367 366/366/366
f 347/347/347 348/348/348 368/368/368 367/367/367
f 348/348/348 349/349/349 369/369/369 368/368/368
f 349/349/349 350/350/350 370/370/370 369/369/369
f 350/350/350 351/351/351 371/371/371 370/370/370
f 351/351/351 352/352/352 372/372/372 371/371/371
f 352/352/352 353/353/353 373/373/373 372/372/372
f 353/353/353 354/354/354 374/374/374 373/373/373
f 354/354/354 355/355/355 375/375/375 374/374/374
f 355/355/355 356/356/356 376/376/376 375/375/375
f 356/356/356 357/357/357 377/377/377 376/376/376
f 357/357/357 358/358/358 378/378/378 377/377/377
f 358/358/358 359/359/359 379/379/379 378/378/378
f 359/359/359 360/360/360 380/380/380 379/379/379
f 360/360/360 341/342/342 361/362/362 380/380/380
f 3/2/2 4/1/1 381/381/381
f 6/5/5 3/2/2 381/381/381
f 8/7/7 6/5/5 381/381/381
f 10/9/9 8/7/7 381/381/381
f 12/11/11 10/9/9 381/381/381
f 14/13/13 12/11/11 381/381/381
f 16/15/15 14/13/13 381/381/381
f 18/17/17 16/15/15 381/381/381
f 20/19/19 18/17/17 381/381/381
f 22/21/21 20/19/19 381/381/381
f 24/23/23 22/21/21 381/381/381
f 26/25/25 24/23/23 381/381/381
f 28/27/27 26/25/25 381/381/381
f 30/29/29 28/27/27 381/381/381
f 32/31/31 30/29/29 381/381/381
f 34/33/33 32/31/31 381/381/381
f 36/35/35 34/33/33 381/381/381
f 38/37/37 36/35/35 381/381/381
f 40/39/39 38/37/37 381/381/381
f 4/1/1 40/39/39 381/381/381
f 361/362/362 362/361/361 382/382/382
f 362/361/361 363/363/363 382/382/382
f 363/363/363 364/364/364 382/382/382
f 364/364/364 365/365/365 382/382/382
f 365/365/365 366/366/366 382/382/382
f 366/366/366 367/367/367 382/382/382
f 367/367/367 368/368/368 382/382/382
f 368/368/368 369/369/369 382/382/382
f 369/369/369 370/370/370 382/382/382
f 370/370/370 371/371/371 382/382/382
f 371/371/371 372/372/372 382/382/382
f 372/372/372 373/373/373 382/382/382
f 373/373/373 374/374/374 382/382/382
f 374/374/374 375/375/375 382/382/382
f 375/375/375 376/376/376 382/382/382
f 376/376/376 377/377/377 382/382/382
f 377/377/377 378/378/378 382/382/382
f 378/378/378 379/379/379 382/382/382
f 379/379/379 380/380/380 382/382/382
f 380/380/380 361/362/362 382/382/382
g default
v 0.171334 0.006769 -0.149940
v 0.171688 0.000000 -0.080409
v 0.245597 0.007723 -0.080870
v 0.227295 0.012740 -0.138986
v 0.171425 0.000000 0.017260
v 0.244965 0.007417 0.015400
v 0.103888 0.006354 -0.078618
v 0.100752 0.006806 0.017311
v 0.119490 0.011534 -0.134933
v 0.213576 0.584896 -0.110960
v 0.231239 0.584936 -0.070850
v 0.240242 0.712659 -0.082517
v 0.224260 0.709119 -0.131378
v 0.215902 0.584941 -0.028467
v 0.225944 0.708275 -0.030475
v 0.207064 0.442493 -0.053468
v 0.199841 0.440934 -0.021733
v 0.195140 0.442643 -0.078762
v 0.206141 0.302260 -0.110349
v 0.221567 0.302075 -0.074031
v 0.210273 0.301600 -0.033705
v 0.243039 0.212011 -0.082910
v 0.226504 0.214036 -0.029304
v 0.219793 0.211242 -0.132749
v 0.228294 0.160223 -0.141640
v 0.255202 0.164011 -0.083742
v 0.238749 0.176478 -0.017816
v 0.268249 0.126154 -0.082143
v 0.262839 0.150574 0.016508
v 0.237329 0.122709 -0.149856
v 0.243179 0.054596 -0.154864
v 0.278008 0.058080 -0.083743
v 0.282250 0.057595 0.013402
v 0.172590 0.584986 -0.008617
v 0.173900 0.712576 -0.016209
v 0.124370 0.584957 -0.020820
v 0.120211 0.708007 -0.027881
v 0.170162 0.438597 -0.004448
v 0.135535 0.437321 -0.012711
v 0.171073 0.301162 -0.017978
v 0.133231 0.301094 -0.033645
v 0.171904 0.215395 -0.011612
v 0.123431 0.211292 -0.035298
v 0.171499 0.193562 0.012434
v 0.108513 0.170498 -0.019744
v 0.171034 0.202029 0.051314
v 0.082358 0.147167 0.016678
v 0.269719 0.068911 0.222112
v 0.166977 0.077618 0.272991
v 0.168516 0.207650 0.217446
v 0.261164 0.189468 0.203993
v 0.070502 0.072440 0.215933
v 0.083287 0.182681 0.193614
v 0.169801 0.009856 0.201678
v 0.107354 0.016665 0.183721
v 0.233083 0.015536 0.184181
v 0.106101 0.584957 -0.068120
v 0.104894 0.712475 -0.081304
v 0.127617 0.584900 -0.111032
v 0.119576 0.708879 -0.131062
v 0.128357 0.437799 -0.047545
v 0.144290 0.439672 -0.075921
v 0.120845 0.301529 -0.072123
v 0.134789 0.302008 -0.109070
v 0.103261 0.210756 -0.082900
v 0.121062 0.211025 -0.131069
v 0.087689 0.161662 -0.083576
v 0.111436 0.160218 -0.141696
v 0.077063 0.124617 -0.080998
v 0.105125 0.122219 -0.148611
v 0.067738 0.053812 0.015724
v 0.076359 0.049822 -0.080229
v 0.104139 0.050503 -0.150046
v 0.170634 0.584890 -0.120916
v 0.171776 0.713769 -0.145830
v 0.170862 0.441941 -0.082942
v 0.170462 0.302510 -0.122250
v 0.169896 0.211202 -0.149136
v 0.170095 0.160290 -0.162618
v 0.170597 0.122557 -0.172551
v 0.171212 0.052255 -0.175761
v 0.274070 0.187640 0.117349
v 0.170623 0.221798 0.119917
v 0.071689 0.183418 0.114644
v 0.053428 0.067755 0.116785
v 0.098222 0.008722 0.116395
v 0.171005 0.000000 0.118927
v 0.245725 0.008201 0.115459
v 0.296400 0.064807 0.118575
v 0.276209 0.093823 -0.083089
v 0.242196 0.091962 -0.154118
v 0.281708 0.104450 0.014262
v 0.167158 0.147556 0.267858
v 0.278235 0.133027 0.225533
v 0.067750 0.130645 0.212970
v 0.074981 0.092003 -0.080421
v 0.066925 0.102699 0.015769
v 0.103341 0.091055 -0.150693
v 0.170990 0.091801 -0.176005
v 0.049250 0.124389 0.115560
v 0.301886 0.125619 0.118171
v -0.170855 0.006765 -0.149920
v -0.171209 0.000000 -0.080403
v -0.103414 0.006353 -0.078616
v -0.119016 0.011532 -0.134925
v -0.170947 0.000000 0.017267
v -0.100305 0.006795 0.017312
v -0.245120 0.007724 -0.080870
v -0.244513 0.007424 0.015402
v -0.226811 0.012737 -0.138974
v -0.127037 0.584901 -0.111124
v -0.105542 0.584955 -0.068140
v -0.104391 0.712420 -0.081308
v -0.119061 0.708838 -0.131090
v -0.123846 0.584955 -0.020786
v -0.119710 0.707981 -0.027869
v -0.127800 0.437784 -0.047570
v -0.135026 0.437310 -0.012679
v -0.143719 0.439648 -0.075988
v -0.134302 0.302006 -0.109076
v -0.120366 0.301527 -0.072131
v -0.132771 0.301094 -0.033663
v -0.102807 0.210748 -0.082901
v -0.122974 0.211275 -0.035326
v -0.120603 0.211017 -0.131051
v -0.110982 0.160207 -0.141675
v -0.087268 0.161633 -0.083574
v -0.108107 0.170419 -0.019800
v -0.076641 0.124495 -0.080996
v -0.082042 0.146910 0.016618
v -0.104654 0.122132 -0.148608
v -0.103659 0.050414 -0.150046
v -0.075897 0.049727 -0.080230
v -0.067398 0.053644 0.015710
v -0.172103 0.584986 -0.008561
v -0.173413 0.712574 -0.016196
v -0.215409 0.584941 -0.028445
v -0.225461 0.708301 -0.030468
v -0.169689 0.438582 -0.004368
v -0.199354 0.440924 -0.021688
v -0.170601 0.301157 -0.017985
v -0.209814 0.301597 -0.033676
v -0.171431 0.215366 -0.011668
v -0.226060 0.214055 -0.029289
v -0.171043 0.193552 0.012410
v -0.238352 0.176590 -0.017771
v -0.170602 0.202025 0.051306
v -0.262549 0.150718 0.016569
v -0.070218 0.072252 0.215735
v -0.166436 0.077429 0.273015
v -0.167962 0.207439 0.217472
v -0.082855 0.182181 0.193509
v -0.269322 0.068718 0.222270
v -0.260712 0.189361 0.204158
v -0.169319 0.009853 0.201689
v -0.232640 0.015522 0.184236
v -0.106962 0.016657 0.183642
v -0.230699 0.584936 -0.070815
v -0.239753 0.712713 -0.082510
v -0.213012 0.584895 -0.110896
v -0.223755 0.709158 -0.131361
v -0.206484 0.442497 -0.053403
v -0.194555 0.442651 -0.078668
v -0.221101 0.302075 -0.074014
v -0.205655 0.302262 -0.110337
v -0.242623 0.212027 -0.082921
v -0.219343 0.211252 -0.132781
v -0.254800 0.164062 -0.083756
v -0.227853 0.160245 -0.141679
v -0.267851 0.126126 -0.082157
v -0.236875 0.122649 -0.149877
v -0.281968 0.057552 0.013402
v -0.277590 0.058017 -0.083762
v -0.242711 0.054520 -0.154869
v -0.170109 0.584890 -0.120931
v -0.171279 0.713767 -0.145834
v -0.170322 0.441931 -0.082921
v -0.169977 0.302510 -0.122242
v -0.169423 0.211199 -0.149119
v -0.169624 0.160286 -0.162607
v -0.170122 0.122474 -0.172550
v -0.170735 0.052153 -0.175750
v -0.071348 0.182958 0.114559
v -0.170160 0.221790 0.119911
v -0.273734 0.187759 0.117443
v -0.296227 0.064663 0.118647
v -0.245319 0.008198 0.115480
v -0.170539 0.000000 0.118935
v -0.097835 0.008701 0.116373
v -0.053241 0.067471 0.116708
v -0.074513 0.091477 -0.080424
v -0.102843 0.090561 -0.150716
v -0.066562 0.102033 0.015727
v -0.166591 0.146531 0.268179
v -0.067357 0.129641 0.212917
v -0.277938 0.132174 0.225881
v -0.275882 0.093422 -0.083123
v -0.281549 0.103989 0.014271
v -0.241780 0.091564 -0.154170
v -0.170516 0.091326 -0.176040
v -0.301877 0.124907 0.118286
v -0.048983 0.123390 0.115488
v 0.172998 0.742151 -0.083762
v -0.172807 0.742151 -0.083761
v -0.171058 0.000000 -0.120016
v -0.139742 0.006614 -0.144369
v -0.101085 0.006411 -0.033325
v -0.132663 0.000000 0.017555
v -0.171131 0.000000 -0.033666
v -0.210110 0.000000 0.016487
v -0.245886 0.007555 -0.035251
v -0.210784 0.000000 -0.080559
v -0.237588 0.007512 -0.117594
v -0.203662 0.006932 -0.147243
v -0.107998 0.710179 -0.113521
v -0.091624 0.670134 -0.077102
v -0.112215 0.584926 -0.092575
v -0.114723 0.671384 -0.132263
v -0.108534 0.709870 -0.048471
v -0.114452 0.671137 -0.019725
v -0.109838 0.584955 -0.042182
v -0.130959 0.510476 -0.015338
v -0.127824 0.437340 -0.028689
v -0.119133 0.510476 -0.054726
v -0.133622 0.438585 -0.064012
v -0.137855 0.510476 -0.087982
v -0.126944 0.367305 -0.057380
v -0.124156 0.301757 -0.092419
v -0.141173 0.368185 -0.088293
v -0.135278 0.366723 -0.022105
v -0.123114 0.301278 -0.051427
v -0.128558 0.249364 -0.037398
v -0.108565 0.210626 -0.057446
v -0.111862 0.249813 -0.079797
v -0.107043 0.210884 -0.108998
v -0.127190 0.250246 -0.122516
v -0.094571 0.182916 -0.083966
v -0.093858 0.160531 -0.115586
v -0.115308 0.182429 -0.137120
v -0.116350 0.186569 -0.029463
v -0.091924 0.163946 -0.050107
v -0.097666 0.157996 -0.006331
v -0.075154 0.130390 -0.036119
v -0.081011 0.142215 -0.082305
v -0.085917 0.122308 -0.119321
v -0.107300 0.140077 -0.145666
v -0.074999 0.108304 -0.080482
v -0.084248 0.090357 -0.120220
v -0.103433 0.106463 -0.150013
v -0.069052 0.123492 0.015890
v -0.070512 0.095056 -0.033997
v -0.071350 0.050515 -0.034044
v -0.078917 0.027180 0.016495
v -0.084974 0.025412 -0.079255
v -0.085508 0.049805 -0.119736
v -0.110050 0.025948 -0.143711
v -0.140021 0.709960 -0.018907
v -0.173267 0.670045 -0.001890
v -0.146309 0.584974 -0.010039
v -0.206437 0.710097 -0.020258
v -0.229077 0.671260 -0.024273
v -0.196107 0.584965 -0.014976
v -0.204610 0.510476 -0.024840
v -0.186622 0.439734 -0.010399
v -0.170669 0.510476 -0.006494
v -0.150735 0.437748 -0.004850
v -0.169890 0.366814 -0.010867
v -0.149708 0.301063 -0.022193
v -0.202311 0.367545 -0.027220
v -0.192128 0.301348 -0.022006
v -0.218195 0.250603 -0.033295
v -0.200921 0.215216 -0.015123
v -0.171152 0.250145 -0.017721
v -0.144689 0.213454 -0.019235
v -0.171326 0.198403 -0.001422
v -0.136102 0.183998 0.002733
v -0.232013 0.191448 -0.024871
v -0.208067 0.187948 0.004147
v -0.247376 0.163294 -0.005717
v -0.219533 0.186575 0.042466
v -0.170789 0.195105 0.029222
v -0.122921 0.184087 0.042277
v -0.113732 0.197510 0.208862
v -0.167146 0.180448 0.248980
v -0.109648 0.139507 0.249923
v -0.070928 0.160408 0.205471
v -0.225691 0.203228 0.216666
v -0.274549 0.167135 0.219104
v -0.228116 0.141101 0.258468
v -0.223333 0.073721 0.258874
v -0.250710 0.034924 0.202822
v -0.205343 0.009361 0.194501
v -0.167780 0.039410 0.243061
v -0.111584 0.075763 0.254654
v -0.133503 0.009732 0.194631
v -0.088232 0.037479 0.200177
v -0.236460 0.710114 -0.050301
v -0.249293 0.670317 -0.078777
v -0.227096 0.584936 -0.048133
v -0.235454 0.710459 -0.114212
v -0.227127 0.671483 -0.132157
v -0.225748 0.584915 -0.093268
v -0.200887 0.510476 -0.089274
v -0.202507 0.442711 -0.068084
v -0.214823 0.510476 -0.059408
v -0.205704 0.441874 -0.036980
v -0.210500 0.368349 -0.061650
v -0.219183 0.301860 -0.052418
v -0.197817 0.368777 -0.090456
v -0.216432 0.302176 -0.094242
v -0.213052 0.250458 -0.124007
v -0.235327 0.211497 -0.110585
v -0.232519 0.250526 -0.080363
v -0.239747 0.212936 -0.053855
v -0.249281 0.184903 -0.083909
v -0.253075 0.168880 -0.049060
v -0.223863 0.182530 -0.137976
v -0.246093 0.161377 -0.115894
v -0.232552 0.140349 -0.145975
v -0.257159 0.123216 -0.120707
v -0.261489 0.144414 -0.082890
v -0.269902 0.133305 -0.036788
v -0.272388 0.109366 -0.082406
v -0.278894 0.097132 -0.036157
v -0.277357 0.126037 0.015115
v -0.239736 0.106953 -0.152395
v -0.263850 0.091893 -0.123614
v -0.265270 0.056587 -0.124310
v -0.236310 0.028659 -0.148706
v -0.266824 0.030897 -0.082363
v -0.280470 0.057480 -0.037078
v -0.268519 0.029694 0.014194
v -0.204361 0.711044 -0.142611
v -0.170553 0.671125 -0.148844
v -0.193258 0.584890 -0.119103
v -0.138417 0.710828 -0.142398
v -0.147185 0.584892 -0.119423
v -0.156522 0.440879 -0.081471
v -0.170157 0.510476 -0.094777
v -0.183413 0.442456 -0.082800
v -0.170231 0.368987 -0.097900
v -0.189246 0.302433 -0.119531
v -0.150619 0.302312 -0.118887
v -0.142818 0.211131 -0.144374
v -0.169654 0.250555 -0.138473
v -0.196153 0.211196 -0.145440
v -0.169444 0.182520 -0.156707
v -0.200981 0.160087 -0.157313
v -0.137931 0.160225 -0.157371
v -0.134523 0.122269 -0.166367
v -0.169866 0.140263 -0.168189
v -0.206051 0.122501 -0.167105
v -0.170340 0.106936 -0.174782
v -0.208652 0.091452 -0.171330
v -0.133422 0.090957 -0.169246
v -0.133825 0.051219 -0.168644
v -0.170776 0.027058 -0.167532
v -0.209114 0.053148 -0.171587
v -0.170521 0.213270 0.080953
v -0.114175 0.208929 0.117398
v -0.077076 0.166997 0.067855
v -0.267647 0.170679 0.068370
v -0.227702 0.211990 0.119089
v -0.273365 0.194052 0.170426
v -0.169137 0.220534 0.169933
v -0.071682 0.186631 0.162060
v -0.292506 0.114957 0.065146
v -0.295188 0.157330 0.117485
v -0.245629 0.007749 0.067227
v -0.275549 0.032792 0.116738
v -0.290143 0.060814 0.065339
v -0.239663 0.008434 0.155417
v -0.291453 0.066498 0.173243
v -0.299773 0.128711 0.175509
v -0.170778 0.000000 0.069469
v -0.209273 0.000000 0.117161
v -0.098309 0.007740 0.068700
v -0.132243 0.000000 0.117955
v -0.101614 0.009135 0.155867
v -0.170146 0.000000 0.161661
v -0.059571 0.060587 0.065919
v -0.070764 0.034803 0.116338
v -0.064645 0.078672 0.015560
v -0.056980 0.113348 0.065413
v -0.047476 0.095868 0.116339
v -0.049789 0.126545 0.166381
v -0.065190 0.101615 0.218160
v -0.053780 0.070424 0.168200
v -0.208793 0.734804 -0.083631
v -0.171882 0.735147 -0.118239
v -0.073611 0.071851 -0.080480
v -0.102087 0.071915 -0.151555
v -0.166198 0.112664 0.278789
v -0.277297 0.100252 0.228446
v -0.279112 0.077582 -0.083795
v -0.284698 0.081739 0.013564
v -0.243653 0.074788 -0.155842
v -0.170648 0.073320 -0.177475
v -0.303613 0.094693 0.118918
v -0.053279 0.153433 0.114409
v 0.209292 0.734733 -0.083636
v -0.136051 0.734623 -0.083001
v 0.172387 0.735149 -0.118239
v -0.172978 0.734861 -0.048021
v 0.238071 0.007512 -0.117601
v 0.211266 0.000000 -0.080564
v 0.171537 0.000000 -0.120029
v 0.204146 0.006935 -0.147261
v 0.246353 0.007550 -0.035250
v 0.210588 0.000000 0.016483
v 0.171611 0.000000 -0.033672
v 0.133136 0.000000 0.017550
v 0.101551 0.006415 -0.033328
v 0.134266 0.000000 -0.079382
v 0.110528 0.006390 -0.113967
v 0.140217 0.006617 -0.144384
v 0.235950 0.710413 -0.114223
v 0.249799 0.670320 -0.078794
v 0.226308 0.584915 -0.093325
v 0.227653 0.671477 -0.132190
v 0.236944 0.710067 -0.050305
v 0.229562 0.671260 -0.024283
v 0.227611 0.584936 -0.048155
v 0.205105 0.510476 -0.024876
v 0.206238 0.441876 -0.037028
v 0.215397 0.510476 -0.059464
v 0.203101 0.442702 -0.068170
v 0.201476 0.510476 -0.089364
v 0.211029 0.368349 -0.061694
v 0.216909 0.302174 -0.094255
v 0.198356 0.368774 -0.090515
v 0.202784 0.367551 -0.027261
v 0.219642 0.301862 -0.052445
v 0.218647 0.250601 -0.033312
v 0.240172 0.212914 -0.053866
v 0.232951 0.250521 -0.080362
v 0.235756 0.211484 -0.110557
v 0.213512 0.250454 -0.123990
v 0.249686 0.184868 -0.083895
v 0.246513 0.161345 -0.115858
v 0.224305 0.182512 -0.137936
v 0.232439 0.191386 -0.024899
v 0.253465 0.168787 -0.049084
v 0.247731 0.163140 -0.005770
v 0.270237 0.133263 -0.036810
v 0.261896 0.144363 -0.082877
v 0.257593 0.123269 -0.120682
v 0.233003 0.140333 -0.145948
v 0.272744 0.109615 -0.082381
v 0.264229 0.092285 -0.123567
v 0.240168 0.107215 -0.152356
v 0.277562 0.126251 0.015079
v 0.279147 0.097545 -0.036140
v 0.280828 0.057523 -0.037063
v 0.268896 0.029667 0.014194
v 0.267280 0.030894 -0.082354
v 0.265721 0.056657 -0.124295
v 0.236793 0.028665 -0.148716
v 0.206919 0.710078 -0.020267
v 0.173754 0.670046 -0.001920
v 0.196591 0.584965 -0.015015
v 0.140514 0.709981 -0.018919
v 0.114963 0.671133 -0.019746
v 0.146812 0.584974 -0.010090
v 0.131483 0.510476 -0.015378
v 0.151223 0.437762 -0.004913
v 0.171149 0.510476 -0.006572
v 0.187092 0.439748 -0.010464
v 0.170361 0.366817 -0.010909
v 0.192594 0.301353 -0.022018
v 0.135761 0.366724 -0.022113
v 0.150173 0.301066 -0.022177
v 0.129016 0.249369 -0.037373
v 0.145156 0.213482 -0.019184
v 0.171626 0.250164 -0.017679
v 0.201384 0.215222 -0.015102
v 0.171793 0.198426 -0.001378
v 0.208498 0.187886 0.004129
v 0.116789 0.186611 -0.029420
v 0.136537 0.184058 0.002784
v 0.098028 0.158124 -0.006273
v 0.123306 0.184214 0.042321
v 0.171230 0.195111 0.029236
v 0.219917 0.186451 0.042430
v 0.226227 0.203295 0.216559
v 0.167715 0.181152 0.248779
v 0.228587 0.142050 0.258083
v 0.274930 0.167606 0.218835
v 0.114229 0.197844 0.208931
v 0.071348 0.161197 0.205554
v 0.110159 0.140531 0.249792
v 0.112015 0.075941 0.254763
v 0.088566 0.037497 0.200326
v 0.133952 0.009734 0.194665
v 0.168290 0.039424 0.243073
v 0.223842 0.073917 0.258756
v 0.205816 0.009367 0.194463
v 0.251142 0.034956 0.202736
v 0.109034 0.709910 -0.048476
v 0.092151 0.670126 -0.077093
v 0.110380 0.584957 -0.042194
v 0.108505 0.710225 -0.113506
v 0.115262 0.671390 -0.132209
v 0.112793 0.584926 -0.092510
v 0.138444 0.510476 -0.087891
v 0.134193 0.438605 -0.063955
v 0.119703 0.510476 -0.054701
v 0.128359 0.437352 -0.028692
v 0.127463 0.367308 -0.057363
v 0.123581 0.301278 -0.051414
v 0.141702 0.368189 -0.088258
v 0.124641 0.301759 -0.092412
v 0.127656 0.250250 -0.122526
v 0.107498 0.210891 -0.109008
v 0.112325 0.249816 -0.079794
v 0.109019 0.210637 -0.057433
v 0.095008 0.182934 -0.083967
v 0.092329 0.164005 -0.050077
v 0.115762 0.182439 -0.137142
v 0.094295 0.160547 -0.115603
v 0.107760 0.140086 -0.145681
v 0.086372 0.122401 -0.119329
v 0.081426 0.142252 -0.082308
v 0.075521 0.130585 -0.036091
v 0.075445 0.108671 -0.080482
v 0.070934 0.095626 -0.033978
v 0.069391 0.124028 0.015944
v 0.103921 0.106793 -0.149999
v 0.084740 0.090860 -0.120210
v 0.085987 0.049891 -0.119735
v 0.110524 0.025953 -0.143717
v 0.085440 0.025417 -0.079255
v 0.071763 0.050636 -0.034040
v 0.079305 0.027223 0.016500
v 0.138919 0.710857 -0.142383
v 0.171060 0.671127 -0.148832
v 0.147735 0.584891 -0.119358
v 0.204858 0.711017 -0.142618
v 0.193799 0.584890 -0.119137
v 0.183973 0.442456 -0.082868
v 0.170697 0.510476 -0.094780
v 0.157074 0.440898 -0.081438
v 0.170746 0.368988 -0.097917
v 0.151105 0.302314 -0.118888
v 0.189733 0.302432 -0.119542
v 0.196619 0.211192 -0.145431
v 0.170128 0.250556 -0.138484
v 0.143286 0.211137 -0.144397
v 0.169915 0.182524 -0.156722
v 0.138398 0.160234 -0.157393
v 0.201441 0.160078 -0.157297
v 0.206518 0.122573 -0.167096
v 0.170339 0.140268 -0.168199
v 0.135000 0.122355 -0.166371
v 0.170814 0.107252 -0.174762
v 0.133914 0.091446 -0.169216
v 0.209100 0.091887 -0.171285
v 0.209590 0.053239 -0.171593
v 0.171254 0.027074 -0.167553
v 0.134305 0.051317 -0.168650
v 0.170959 0.213273 0.080956
v 0.228141 0.211826 0.119040
v 0.267940 0.170556 0.068297
v 0.077396 0.167386 0.067924
v 0.114588 0.209130 0.117452
v 0.072065 0.187080 0.162179
v 0.169647 0.220561 0.169953
v 0.273777 0.193968 0.170300
v 0.057279 0.114193 0.065470
v 0.053581 0.154254 0.114491
v 0.098724 0.007758 0.068706
v 0.071038 0.034890 0.116391
v 0.059820 0.060828 0.065953
v 0.102004 0.009149 0.155917
v 0.053981 0.070669 0.168359
v 0.050094 0.127568 0.166477
v 0.171250 0.000000 0.069462
v 0.132691 0.000000 0.117958
v 0.246054 0.007747 0.067218
v 0.209730 0.000000 0.117149
v 0.240083 0.008441 0.155379
v 0.170615 0.000000 0.161648
v 0.290343 0.060902 0.065310
v 0.275852 0.032805 0.116695
v 0.284895 0.082044 0.013564
v 0.292557 0.115539 0.065100
v 0.303659 0.095206 0.118820
v 0.299890 0.129499 0.175272
v 0.277624 0.100865 0.228168
v 0.291715 0.066676 0.173114
v 0.173478 0.734862 -0.048027
v 0.136557 0.734696 -0.083001
v 0.279474 0.077850 -0.083766
v 0.244090 0.075059 -0.155809
v 0.166755 0.113354 0.278591
v 0.065516 0.102274 0.218288
v 0.074079 0.072202 -0.080478
v 0.064993 0.079132 0.015588
v 0.102580 0.072247 -0.151539
v 0.171123 0.073650 -0.177458
v 0.047682 0.096572 0.116417
v 0.295337 0.157668 0.117370
v -0.110054 0.006389 -0.113962
v -0.133789 0.000000 -0.079377
v 0.207299 0.000000 -0.118839
v 0.211591 0.000000 -0.034335
v 0.133216 0.000000 -0.033331
v 0.137819 0.000000 -0.116819
v 0.243876 0.670851 -0.108258
v 0.244864 0.670927 -0.049283
v 0.213430 0.510476 -0.041305
v 0.211129 0.510476 -0.076605
v 0.206984 0.368591 -0.078089
v 0.209952 0.367979 -0.043619
v 0.230381 0.250594 -0.054874
v 0.227007 0.250464 -0.104561
v 0.241638 0.183260 -0.113793
v 0.247020 0.187560 -0.052382
v 0.262050 0.150849 -0.042634
v 0.252239 0.141296 -0.118341
v 0.261352 0.107423 -0.122318
v 0.275489 0.115549 -0.035387
v 0.269097 0.030201 -0.036345
v 0.256822 0.030049 -0.120667
v 0.204386 0.670675 -0.008349
v 0.142083 0.670583 -0.005436
v 0.149796 0.510476 -0.006938
v 0.190298 0.510476 -0.012925
v 0.188558 0.367135 -0.016018
v 0.151282 0.366679 -0.012950
v 0.148099 0.249695 -0.023720
v 0.197102 0.250462 -0.020895
v 0.204744 0.196391 -0.007093
v 0.141445 0.193340 -0.010171
v 0.130004 0.180423 0.019151
v 0.213965 0.183622 0.019558
v 0.227280 0.176489 0.243803
v 0.112428 0.172451 0.235040
v 0.123320 0.038936 0.230061
v 0.214051 0.037470 0.231641
v 0.097984 0.670746 -0.045701
v 0.098469 0.670698 -0.107713
v 0.126215 0.510476 -0.073897
v 0.121455 0.510476 -0.033246
v 0.128238 0.366954 -0.038365
v 0.132184 0.367728 -0.074762
v 0.116017 0.250054 -0.102996
v 0.116875 0.249498 -0.056992
v 0.100912 0.183715 -0.055073
v 0.100269 0.182549 -0.112940
v 0.089540 0.140405 -0.117805
v 0.083045 0.146779 -0.042612
v 0.072218 0.113971 -0.033932
v 0.085160 0.106811 -0.119959
v 0.094049 0.025558 -0.116232
v 0.081762 0.025662 -0.033677
v 0.140856 0.671381 -0.145225
v 0.201686 0.671462 -0.145101
v 0.187286 0.510476 -0.094372
v 0.153844 0.510476 -0.093736
v 0.155321 0.368670 -0.095542
v 0.185684 0.368964 -0.096683
v 0.193435 0.250522 -0.135171
v 0.146948 0.250442 -0.134313
v 0.140555 0.182484 -0.151722
v 0.199115 0.182400 -0.152187
v 0.204112 0.140161 -0.162622
v 0.136458 0.140142 -0.162516
v 0.134289 0.107022 -0.168239
v 0.208048 0.107238 -0.169652
v 0.206261 0.027740 -0.163931
v 0.137801 0.026468 -0.160819
v 0.225126 0.199226 0.075981
v 0.117902 0.197208 0.075690
v 0.114156 0.209706 0.165800
v 0.227511 0.214128 0.170436
v 0.060878 0.140160 0.065397
v 0.074359 0.031033 0.067276
v 0.073456 0.036597 0.161589
v 0.054401 0.158199 0.163291
v 0.132494 0.000000 0.069479
v 0.210570 0.000000 0.068524
v 0.206260 0.000000 0.157714
v 0.135126 0.000000 0.158492
v 0.273298 0.030987 0.066095
v 0.295227 0.088672 0.065019
v 0.300307 0.097882 0.176269
v 0.270105 0.033764 0.163332
v 0.138497 0.730247 -0.048598
v 0.266938 0.076382 -0.124744
v 0.282552 0.079087 -0.036847
v 0.228064 0.108318 0.265319
v 0.108824 0.109083 0.258853
v 0.069468 0.074236 -0.034077
v 0.083950 0.071772 -0.120598
v 0.133464 0.072927 -0.170401
v 0.210075 0.074254 -0.172988
v 0.055526 0.088148 0.065503
v 0.048073 0.099692 0.169077
v 0.286939 0.142747 0.065431
v 0.294475 0.163643 0.172597
v -0.137343 0.000000 -0.116809
v -0.132738 0.000000 -0.033326
v -0.211109 0.000000 -0.034332
v -0.206816 0.000000 -0.118827
v -0.097932 0.670704 -0.107751
v -0.097465 0.670751 -0.045692
v -0.120908 0.510476 -0.033237
v -0.125627 0.510476 -0.073967
v -0.131655 0.367723 -0.074794
v -0.127738 0.366952 -0.038371
v -0.116417 0.249496 -0.057005
v -0.115553 0.250051 -0.102991
v -0.099825 0.182536 -0.112926
v -0.100479 0.183684 -0.055094
v -0.082668 0.146687 -0.042643
v -0.089098 0.140391 -0.117790
v -0.084683 0.106472 -0.119961
v -0.071824 0.113541 -0.033956
v -0.081325 0.025642 -0.033677
v -0.093574 0.025557 -0.116230
v -0.141584 0.670586 -0.005407
v -0.203903 0.670670 -0.008329
v -0.189820 0.510476 -0.012866
v -0.149297 0.510476 -0.006871
v -0.150807 0.366678 -0.012924
v -0.188091 0.367130 -0.015974
v -0.196636 0.250452 -0.020907
v -0.147632 0.249682 -0.023761
v -0.140989 0.193299 -0.010225
v -0.204292 0.196415 -0.007097
v -0.213563 0.183716 0.019588
v -0.129598 0.180334 0.019103
v -0.111911 0.171693 0.235091
v -0.226773 0.175899 0.244075
v -0.213554 0.037445 0.231693
v -0.122886 0.038929 0.229964
v -0.244370 0.670920 -0.049274
v -0.243357 0.670854 -0.108230
v -0.210537 0.510476 -0.076524
v -0.212896 0.510476 -0.041267
v -0.209452 0.367975 -0.043578
v -0.206443 0.368594 -0.078034
v -0.226563 0.250469 -0.104575
v -0.229943 0.250599 -0.054858
v -0.246611 0.187617 -0.052366
v -0.241219 0.183285 -0.113829
v -0.251806 0.141320 -0.118370
v -0.261682 0.150966 -0.042607
v -0.275207 0.115328 -0.035384
v -0.260950 0.107167 -0.122356
v -0.256347 0.030046 -0.120668
v -0.268675 0.030220 -0.036353
v -0.201172 0.671468 -0.145085
v -0.140334 0.671373 -0.145265
v -0.153282 0.510476 -0.093793
v -0.186726 0.510476 -0.094315
v -0.185158 0.368966 -0.096639
v -0.154801 0.368666 -0.095556
v -0.146476 0.250438 -0.134298
v -0.192964 0.250524 -0.135174
v -0.198654 0.182407 -0.152201
v -0.140089 0.182475 -0.151697
v -0.135987 0.140134 -0.162500
v -0.203647 0.140166 -0.162631
v -0.207592 0.106949 -0.169683
v -0.133803 0.106696 -0.168256
v -0.137325 0.026457 -0.160805
v -0.205779 0.027727 -0.163913
v -0.117514 0.197037 0.075647
v -0.224727 0.199380 0.076025
v -0.227012 0.214265 0.170487
v -0.113701 0.209504 0.165717
v -0.286791 0.142483 0.065498
v -0.272974 0.030998 0.066113
v -0.269752 0.033736 0.163406
v -0.294231 0.163247 0.172797
v -0.210103 0.000000 0.068532
v -0.132035 0.000000 0.069481
v -0.134677 0.000000 0.158484
v -0.205801 0.000000 0.157737
v -0.074037 0.030959 0.067256
v -0.055265 0.087553 0.065457
v -0.047840 0.098994 0.168944
v -0.073177 0.036540 0.161473
v -0.206763 0.730729 -0.116724
v -0.083461 0.071436 -0.120606
v -0.069049 0.073850 -0.034088
v -0.108355 0.108410 0.258875
v -0.227578 0.107657 0.265600
v -0.282262 0.078817 -0.036867
v -0.266530 0.076118 -0.124778
v -0.209616 0.073954 -0.173012
v -0.132977 0.072591 -0.170417
v -0.295138 0.088267 0.065055
v -0.300154 0.097309 0.176467
v -0.060574 0.139465 0.065328
v -0.054057 0.157367 0.163183
v 0.208312 0.730247 -0.049473
v -0.137115 0.730485 -0.116311
v 0.207237 0.730678 -0.116728
v 0.137594 0.730539 -0.116306
v -0.207845 0.730306 -0.049468
v -0.138022 0.730197 -0.048592
v 0.240265 0.624321 -0.074713
v 0.234852 0.624388 -0.100587
v 0.220422 0.624490 -0.121285
v 0.197635 0.624283 -0.131764
v 0.170841 0.624104 -0.134492
v 0.144390 0.624320 -0.131938
v 0.121609 0.624535 -0.121331
v 0.105827 0.624424 -0.099904
v 0.099317 0.624343 -0.072484
v 0.104351 0.624578 -0.043899
v 0.119795 0.624740 -0.020298
v 0.144512 0.624545 -0.007826
v 0.173156 0.624372 -0.005360
v 0.200382 0.624530 -0.011773
v 0.222545 0.624706 -0.026432
v 0.236001 0.624557 -0.048704
v -0.239742 0.624316 -0.074687
v -0.234312 0.624383 -0.100545
v -0.219876 0.624485 -0.121236
v -0.197107 0.624279 -0.131738
v -0.170325 0.624104 -0.134505
v -0.143853 0.624323 -0.131991
v -0.121048 0.624540 -0.121404
v -0.105269 0.624428 -0.099955
v -0.098774 0.624348 -0.072498
v -0.103821 0.624582 -0.043889
v -0.119277 0.624742 -0.020270
v -0.144011 0.624546 -0.007786
v -0.172669 0.624372 -0.005317
v -0.199899 0.624531 -0.011743
v -0.222056 0.624703 -0.026416
v -0.235497 0.624551 -0.048688
v 0.210072 0.544690 -0.026528
v 0.219954 0.544690 -0.044456
v 0.222686 0.544690 -0.064702
v 0.218113 0.544690 -0.084297
v 0.207043 0.544690 -0.099299
v 0.190283 0.544690 -0.105766
v 0.170668 0.544690 -0.106805
v 0.151033 0.544690 -0.105524
v 0.133463 0.544690 -0.098538
v 0.120040 0.544690 -0.082460
v 0.113445 0.544690 -0.060874
v 0.116360 0.544690 -0.037363
v 0.128210 0.544690 -0.017882
v 0.148423 0.544690 -0.008388
v 0.171812 0.544690 -0.007513
v 0.193194 0.544690 -0.013887
v -0.209578 0.544690 -0.026499
v -0.219429 0.544690 -0.044426
v -0.222127 0.544690 -0.064656
v -0.217535 0.544690 -0.084227
v -0.206465 0.544690 -0.099222
v -0.189732 0.544690 -0.105719
v -0.170135 0.544690 -0.106810
v -0.150477 0.544690 -0.105584
v -0.132878 0.544690 -0.098629
v -0.119457 0.544690 -0.082528
v -0.112880 0.544690 -0.060897
v -0.115815 0.544690 -0.037352
v -0.127687 0.544690 -0.017845
v -0.147922 0.544690 -0.008328
v -0.171329 0.544690 -0.007445
v -0.192713 0.544690 -0.013837
v 0.202588 0.477218 -0.023373
v 0.209991 0.477669 -0.039260
v 0.211412 0.477964 -0.056596
v 0.207290 0.478064 -0.072571
v 0.198446 0.478035 -0.084293
v 0.185701 0.477946 -0.088870
v 0.170776 0.477700 -0.089119
v 0.155389 0.477201 -0.087855
v 0.141240 0.476614 -0.082166
v 0.130030 0.476104 -0.069143
v 0.123842 0.475719 -0.051278
v 0.124757 0.475505 -0.031069
v 0.133421 0.475490 -0.014103
v 0.150478 0.475701 -0.005970
v 0.170677 0.476101 -0.005556
v 0.188765 0.476651 -0.011748
v -0.202096 0.477214 -0.023333
v -0.209457 0.477668 -0.039217
v -0.210835 0.477966 -0.056536
v -0.206696 0.478068 -0.072488
v -0.197859 0.478039 -0.084201
v -0.185142 0.477946 -0.088808
v -0.170236 0.477695 -0.089107
v -0.154831 0.477192 -0.087900
v -0.140659 0.476603 -0.082246
v -0.129450 0.476095 -0.069206
v -0.123278 0.475712 -0.051304
v -0.124215 0.475499 -0.031062
v -0.132904 0.475485 -0.014066
v -0.149985 0.475695 -0.005904
v -0.170200 0.476093 -0.005477
v -0.188291 0.476644 -0.011686
v 0.209598 0.395105 -0.058726
v 0.205583 0.395335 -0.074510
v 0.197196 0.395430 -0.086274
v 0.185066 0.395485 -0.091697
v 0.170788 0.395314 -0.092513
v 0.155953 0.394734 -0.090453
v 0.142636 0.393984 -0.083806
v 0.132909 0.393305 -0.070862
v 0.127786 0.392746 -0.053820
v 0.128282 0.392358 -0.034874
v 0.135679 0.392200 -0.018720
v 0.151261 0.392330 -0.010050
v 0.170289 0.392720 -0.008577
v 0.188029 0.393338 -0.014014
v 0.201722 0.394032 -0.025266
v 0.208612 0.394645 -0.041241
v -0.209051 0.395106 -0.058674
v -0.205022 0.395340 -0.074444
v -0.196640 0.395435 -0.086202
v -0.184528 0.395486 -0.091645
v -0.170264 0.395310 -0.092495
v -0.155422 0.394725 -0.090474
v -0.142092 0.393973 -0.083853
v -0.132365 0.393295 -0.070904
v -0.127253 0.392738 -0.053840
v -0.127769 0.392353 -0.034877
v -0.135187 0.392195 -0.018703
v -0.150781 0.392324 -0.010010
v -0.169817 0.392712 -0.008522
v -0.187561 0.393330 -0.013963
v -0.201244 0.394025 -0.025224
v -0.208099 0.394643 -0.041197
vt 0.946650 0.150827
vt 0.940765 0.149660
vt 0.943699 0.141530
vt 0.953016 0.149809
vt 0.932110 0.148504
vt 0.934219 0.139121
vt 0.936411 0.128619
vt 0.946404 0.131894
vt 0.961879 0.149146
vt 0.922013 0.145750
vt 0.923160 0.136028
vt 0.910662 0.142290
vt 0.910865 0.132747
vt 0.911248 0.122437
vt 0.924464 0.125378
vt 0.925705 0.115301
vt 0.937962 0.118711
vt 0.911819 0.112495
vt 0.912489 0.103906
vt 0.804317 0.228556
vt 0.803556 0.240069
vt 0.947509 0.122572
vt 0.970488 0.148725
vt 0.802127 0.249259
vt 0.801448 0.255400
vt 0.976404 0.323180
vt 0.973610 0.321443
vt 0.973458 0.313956
vt 0.978216 0.316751
vt 0.968897 0.320321
vt 0.968149 0.312530
vt 0.966398 0.304830
vt 0.972561 0.305534
vt 0.978331 0.307249
vt 0.964010 0.319502
vt 0.962808 0.312728
vt 0.960642 0.320077
vt 0.957806 0.314259
vt 0.954710 0.307273
vt 0.960356 0.305440
vt 0.963876 0.298254
vt 0.957820 0.299230
vt 0.954144 0.292610
vt 0.959909 0.291210
vt 0.952061 0.301195
vt 0.948620 0.294698
vt 0.950424 0.286472
vt 0.945241 0.288632
vt 0.941740 0.282144
vt 0.946687 0.280026
vt 0.955780 0.284783
vt 0.951732 0.278223
vt 0.975854 0.298802
vt 0.970053 0.298204
vt 0.965718 0.290458
vt 0.971083 0.290170
vt 0.961088 0.283537
vt 0.956570 0.276763
vt 0.965892 0.282614
vt 0.960833 0.275599
vt 0.955226 0.267580
vt 0.951296 0.268982
vt 0.945644 0.257753
vt 0.949584 0.256299
vt 0.946773 0.270692
vt 0.941198 0.259613
vt 0.942822 0.251176
vt 0.938083 0.253140
vt 0.932355 0.236012
vt 0.938341 0.233804
vt 0.947124 0.249686
vt 0.943912 0.232171
vt 0.941950 0.272662
vt 0.936416 0.261800
vt 0.937230 0.274790
vt 0.931724 0.264168
vt 0.933071 0.255484
vt 0.928245 0.258038
vt 0.920088 0.241745
vt 0.926086 0.238708
vt 0.921684 0.224873
vt 0.929380 0.222025
vt 0.914193 0.228283
vt 0.911192 0.217755
vt 0.919748 0.213978
vt 0.928285 0.211116
vt 0.936719 0.219806
vt 0.943570 0.218219
vt 0.936422 0.209013
vt 0.944072 0.207548
vt 0.936569 0.201134
vt 0.944601 0.199703
vt 0.928123 0.203221
vt 0.928098 0.197021
vt 0.936757 0.194964
vt 0.944970 0.193586
vt 0.919307 0.206194
vt 0.910246 0.210565
vt 0.909570 0.205180
vt 0.918951 0.200122
vt 0.918208 0.193902
vt 0.928000 0.191083
vt 0.908439 0.199195
vt 0.906079 0.191429
vt 0.917767 0.187666
vt 0.928017 0.185501
vt 0.937008 0.189190
vt 0.945297 0.187989
vt 0.937263 0.183973
vt 0.945566 0.183012
vt 0.937518 0.179434
vt 0.945784 0.178783
vt 0.928312 0.180444
vt 0.928711 0.175715
vt 0.937772 0.175163
vt 0.945986 0.174666
vt 0.918219 0.181679
vt 0.908111 0.182113
vt 0.909244 0.175061
vt 0.918980 0.175892
vt 0.929696 0.165370
vt 0.920265 0.163565
vt 0.921084 0.154837
vt 0.930644 0.157185
vt 0.910386 0.160524
vt 0.910591 0.151437
vt 0.946432 0.164547
vt 0.938460 0.165337
vt 0.939184 0.157601
vt 0.946770 0.156973
vt 0.958135 0.322328
vt 0.953271 0.317005
vt 0.955562 0.326855
vt 0.949506 0.321108
vt 0.944904 0.314737
vt 0.949492 0.310295
vt 0.953693 0.331731
vt 0.947222 0.326619
vt 0.953362 0.335304
vt 0.946551 0.332586
vt 0.939107 0.326770
vt 0.941273 0.320438
vt 0.941557 0.308500
vt 0.937072 0.313840
vt 0.933291 0.306012
vt 0.938164 0.301360
vt 0.933719 0.319768
vt 0.929261 0.311057
vt 0.930253 0.298768
vt 0.926039 0.303028
vt 0.922711 0.294827
vt 0.927028 0.291236
vt 0.935203 0.294755
vt 0.931920 0.287673
vt 0.946604 0.304227
vt 0.943293 0.297561
vt 0.940181 0.291346
vt 0.936840 0.284651
vt 0.932577 0.277132
vt 0.927036 0.266751
vt 0.927902 0.279754
vt 0.922276 0.269683
vt 0.923489 0.260846
vt 0.918679 0.263936
vt 0.908228 0.249132
vt 0.914174 0.245244
vt 0.923247 0.282777
vt 0.917545 0.272793
vt 0.919116 0.285715
vt 0.913276 0.275734
vt 0.913930 0.267117
vt 0.909598 0.270108
vt 0.897559 0.256922
vt 0.902653 0.253077
vt 0.892057 0.242598
vt 0.898954 0.237552
vt 0.885972 0.247644
vt 0.875856 0.241882
vt 0.883406 0.235830
vt 0.892260 0.229577
vt 0.906638 0.232566
vt 0.902055 0.223146
vt 0.900045 0.217510
vt 0.888682 0.225297
vt 0.886372 0.222317
vt 0.898717 0.213806
vt 0.877707 0.232148
vt 0.868203 0.238515
vt 0.862236 0.235734
vt 0.873753 0.229387
vt 0.870109 0.226473
vt 0.883967 0.219085
vt 0.856423 0.232463
vt 0.849606 0.227227
vt 0.867000 0.221984
vt 0.881008 0.214932
vt 0.897151 0.209893
vt 0.893996 0.205686
vt 0.873895 0.176598
vt 0.868729 0.180222
vt 0.864805 0.173409
vt 0.872869 0.170626
vt 0.861193 0.185440
vt 0.856814 0.178384
vt 0.852729 0.171687
vt 0.861589 0.166427
vt 0.871192 0.163749
vt 0.853381 0.189808
vt 0.849077 0.183412
vt 0.848022 0.192770
vt 0.843218 0.189323
vt 0.838139 0.184811
vt 0.844549 0.177448
vt 0.845460 0.159080
vt 0.836317 0.166088
vt 0.830727 0.158419
vt 0.840686 0.150364
vt 0.829255 0.175450
vt 0.823128 0.168901
vt 0.818388 0.163430
vt 0.862403 0.111118
vt 0.860907 0.120686
vt 0.867423 0.150803
vt 0.855652 0.153351
vt 0.852287 0.144641
vt 0.865424 0.142479
vt 0.862954 0.129686
vt 0.864676 0.136033
vt 0.955518 0.339354
vt 0.947531 0.338922
vt 0.961123 0.344252
vt 0.950437 0.345401
vt 0.938413 0.341041
vt 0.938173 0.333686
vt 0.968872 0.347530
vt 0.955320 0.351334
vt 0.976547 0.346991
vt 0.992769 0.336908
vt 0.939817 0.355198
vt 0.939346 0.348258
vt 0.929374 0.333342
vt 0.927714 0.339973
vt 0.919190 0.327942
vt 0.922383 0.322521
vt 0.925473 0.345882
vt 0.915733 0.332444
vt 0.914318 0.316719
vt 0.910572 0.320090
vt 0.906893 0.309078
vt 0.910556 0.306200
vt 0.918108 0.312441
vt 0.914435 0.302634
vt 0.931216 0.326352
vt 0.925704 0.316612
vt 0.922079 0.307607
vt 0.918613 0.298614
vt 0.915119 0.288748
vt 0.909153 0.278593
vt 0.910954 0.292087
vt 0.904963 0.281665
vt 0.905400 0.273018
vt 0.901170 0.276186
vt 0.888344 0.264790
vt 0.892825 0.260749
vt 0.907221 0.295163
vt 0.901223 0.284580
vt 0.903948 0.297830
vt 0.897979 0.287289
vt 0.897419 0.279298
vt 0.894283 0.282298
vt 0.965149 0.230961
vt 0.884356 0.268872
vt 0.872163 0.263300
vt 0.876101 0.257956
vt 0.968931 0.217765
vt 0.972733 0.207365
vt 0.861642 0.260515
vt 0.865365 0.254148
vt 0.880701 0.252739
vt 0.869987 0.247977
vt 0.861645 0.245104
vt 0.856970 0.252013
vt 0.850411 0.250352
vt 0.855000 0.242698
vt 0.853409 0.259121
vt 0.975595 0.199447
vt 0.977711 0.193094
vt 0.846859 0.258153
vt 0.840863 0.257324
vt 0.844470 0.248761
vt 0.979345 0.187202
vt 0.980456 0.181922
vt 0.835590 0.256549
vt 0.839150 0.247363
vt 0.849010 0.239989
vt 0.843434 0.237563
vt 0.837968 0.236111
vt 0.840781 0.225810
vt 0.834374 0.246332
vt 0.829463 0.245356
vt 0.832189 0.234971
vt 0.834029 0.224380
vt 0.831125 0.255815
vt 0.981081 0.177380
vt 0.981429 0.172740
vt 0.826624 0.254985
vt 0.817510 0.242740
vt 0.815401 0.252381
vt 0.808682 0.250356
vt 0.810491 0.241200
vt 0.812704 0.260918
vt 0.978843 0.153656
vt 0.819730 0.220228
vt 0.818907 0.231882
vt 0.811527 0.230115
vt 0.811949 0.217657
vt 0.979997 0.340159
vt 0.989180 0.331452
vt 0.980031 0.332598
vt 0.986735 0.325453
vt 0.989040 0.312570
vt 0.994523 0.315890
vt 0.978453 0.326470
vt 0.982904 0.320347
vt 0.983658 0.309577
vt 0.986823 0.300847
vt 0.981164 0.299800
vt 0.976021 0.289744
vt 0.981159 0.289417
vt 0.970183 0.281714
vt 0.964575 0.274465
vt 0.974701 0.280695
vt 0.968535 0.273193
vt 0.992602 0.301866
vt 0.986386 0.288974
vt 0.979247 0.279580
vt 0.972500 0.271858
vt 0.966055 0.263974
vt 0.961177 0.253492
vt 0.962385 0.265261
vt 0.957181 0.254358
vt 0.959779 0.247472
vt 0.955438 0.248024
vt 0.954787 0.230690
vt 0.960151 0.230569
vt 0.958704 0.266454
vt 0.953254 0.255259
vt 0.951183 0.248721
vt 0.949308 0.231201
vt 0.950113 0.217334
vt 0.956678 0.216926
vt 0.951381 0.206700
vt 0.958709 0.206378
vt 0.963036 0.217053
vt 0.965959 0.206537
vt 0.968082 0.198679
vt 0.960199 0.198591
vt 0.961238 0.192514
vt 0.969589 0.192477
vt 0.952348 0.198919
vt 0.953017 0.192852
vt 0.953523 0.187364
vt 0.962049 0.187015
vt 0.953873 0.182526
vt 0.962599 0.182149
vt 0.970741 0.186812
vt 0.971553 0.181843
vt 0.972049 0.177610
vt 0.962940 0.178017
vt 0.963182 0.173878
vt 0.972333 0.173321
vt 0.954116 0.178389
vt 0.954301 0.174282
vt 0.963137 0.163295
vt 0.954458 0.163900
vt 0.954326 0.156647
vt 0.962630 0.156303
vt 0.972023 0.162379
vt 0.970926 0.155423
vt 0.888527 0.200620
vt 0.895969 0.189135
vt 0.877207 0.209403
vt 0.872530 0.202558
vt 0.881979 0.194632
vt 0.887740 0.184848
vt 0.864223 0.215134
vt 0.850811 0.216843
vt 0.850002 0.207819
vt 0.861158 0.207055
vt 0.857409 0.198063
vt 0.866721 0.193995
vt 0.848456 0.198949
vt 0.874756 0.187472
vt 0.879587 0.179628
vt 0.842010 0.215875
vt 0.834884 0.214051
vt 0.835212 0.203896
vt 0.842102 0.206424
vt 0.812839 0.204551
vt 0.820914 0.208533
vt 0.897685 0.101540
vt 0.883860 0.100642
vt 0.814826 0.191448
vt 0.822514 0.196908
vt 0.818350 0.179335
vt 0.825023 0.185490
vt 0.872602 0.101914
vt 0.841630 0.197199
vt 0.835405 0.193880
vt 0.897340 0.110421
vt 0.897295 0.120177
vt 0.883648 0.119305
vt 0.883668 0.109769
vt 0.897751 0.130076
vt 0.898569 0.139293
vt 0.886420 0.137029
vt 0.884727 0.128516
vt 0.873226 0.128077
vt 0.871801 0.119702
vt 0.874980 0.135514
vt 0.872455 0.110773
vt 0.899487 0.148479
vt 0.900161 0.157600
vt 0.889621 0.154520
vt 0.888113 0.145789
vt 0.909948 0.168000
vt 0.900323 0.165286
vt 0.899966 0.172759
vt 0.890789 0.169203
vt 0.890529 0.161920
vt 0.879983 0.158420
vt 0.878495 0.151628
vt 0.881040 0.165123
vt 0.869392 0.157354
vt 0.876622 0.143501
vt 0.961815 0.331234
vt 0.959803 0.336259
vt 0.968091 0.334116
vt 0.966078 0.339756
vt 0.938038 0.170741
vt 0.946169 0.170072
vt 0.929118 0.171011
vt 0.919631 0.170098
vt 0.858585 0.159964
vt 0.849084 0.165440
vt 0.840487 0.171794
vt 0.833815 0.180225
vt 0.825732 0.233517
vt 0.826956 0.222463
vt 0.823777 0.244134
vt 0.821325 0.253859
vt 0.981497 0.167179
vt 0.972397 0.168243
vt 0.963289 0.169024
vt 0.954412 0.169556
vt 0.827958 0.211589
vt 0.828813 0.200873
vt 0.830246 0.189940
vt 0.898781 0.180342
vt 0.890027 0.176820
vt 0.881128 0.172511
vt 0.725817 0.524008
vt 0.923733 0.486623
vt 0.730925 0.485093
vt 0.730519 0.519874
vt 0.916659 0.480587
vt 0.735653 0.475946
vt 0.743283 0.482453
vt 0.737834 0.491445
vt 0.737328 0.514594
vt 0.908579 0.472353
vt 0.742733 0.465375
vt 0.899921 0.462394
vt 0.751445 0.454204
vt 0.758352 0.461374
vt 0.750237 0.472214
vt 0.758161 0.479446
vt 0.751785 0.488995
vt 0.765354 0.468948
vt 0.771725 0.476064
vt 0.765364 0.486080
vt 0.759498 0.494743
vt 0.746162 0.496994
vt 0.744485 0.509334
vt 0.753684 0.501253
vt 0.749979 0.505968
vt 0.854484 0.674514
vt 0.860704 0.669954
vt 0.873508 0.664077
vt 0.873026 0.671738
vt 0.864505 0.662434
vt 0.873396 0.656389
vt 0.883717 0.651377
vt 0.879756 0.645269
vt 0.881673 0.633534
vt 0.887237 0.637516
vt 0.887853 0.656973
vt 0.892774 0.640567
vt 0.865610 0.655062
vt 0.871424 0.649564
vt 0.864637 0.650576
vt 0.868075 0.644098
vt 0.875179 0.639505
vt 0.869991 0.634837
vt 0.869569 0.626000
vt 0.875741 0.629398
vt 0.880003 0.620745
vt 0.873640 0.618393
vt 0.870571 0.609172
vt 0.876735 0.610281
vt 0.867327 0.616465
vt 0.864581 0.608250
vt 0.867383 0.600062
vt 0.861800 0.599835
vt 0.858626 0.590554
vt 0.863644 0.590269
vt 0.873177 0.600412
vt 0.868985 0.590105
vt 0.891506 0.623996
vt 0.885954 0.622809
vt 0.882401 0.611083
vt 0.887441 0.611218
vt 0.878449 0.600610
vt 0.873827 0.590018
vt 0.883105 0.600420
vt 0.878049 0.589918
vt 0.875742 0.577997
vt 0.871516 0.578050
vt 0.870973 0.571550
vt 0.799634 0.590370
vt 0.866775 0.578267
vt 0.866097 0.571626
vt 0.868430 0.554603
vt 0.874114 0.555107
vt 0.788072 0.578813
vt 0.861589 0.578654
vt 0.860820 0.571969
vt 0.856591 0.579159
vt 0.855734 0.572484
vt 0.856314 0.554620
vt 0.862399 0.554449
vt 0.866398 0.540463
vt 0.873282 0.541431
vt 0.859084 0.540022
vt 0.863021 0.529052
vt 0.871434 0.529865
vt 0.878954 0.531543
vt 0.879748 0.542925
vt 0.776619 0.571263
vt 0.885922 0.533952
vt 0.766967 0.565844
vt 0.891262 0.527527
vt 0.759643 0.561697
vt 0.883935 0.524450
vt 0.887831 0.518916
vt 0.895602 0.522523
vt 0.753903 0.558251
vt 0.875898 0.522247
vt 0.866644 0.521506
vt 0.869364 0.515502
vt 0.879376 0.516089
vt 0.882159 0.510127
vt 0.891303 0.513836
vt 0.871646 0.509229
vt 0.873423 0.500797
vt 0.884827 0.504631
vt 0.894443 0.509290
vt 0.899610 0.517987
vt 0.748828 0.554843
vt 0.903121 0.513944
vt 0.744532 0.551543
vt 0.906075 0.510423
vt 0.741051 0.548451
vt 0.897440 0.505337
vt 0.900554 0.501360
vt 0.908975 0.506822
vt 0.916629 0.511768
vt 0.888071 0.499908
vt 0.879244 0.493906
vt 0.883448 0.488383
vt 0.891732 0.495242
vt 0.907835 0.491688
vt 0.899706 0.484357
vt 0.904133 0.478231
vt 0.912139 0.485965
vt 0.891498 0.476042
vt 0.895704 0.469052
vt 0.730546 0.535761
vt 0.915714 0.497627
vt 0.919478 0.491729
vt 0.727384 0.529054
vt 0.862074 0.648067
vt 0.863704 0.639983
vt 0.857495 0.645556
vt 0.858400 0.637262
vt 0.864242 0.631413
vt 0.857787 0.629420
vt 0.856300 0.622491
vt 0.863174 0.623654
vt 0.852618 0.643809
vt 0.852879 0.636579
vt 0.849262 0.643728
vt 0.847652 0.637429
vt 0.851419 0.629007
vt 0.845491 0.630082
vt 0.843574 0.623724
vt 0.849691 0.622502
vt 0.854260 0.614842
vt 0.847893 0.615269
vt 0.846235 0.608512
vt 0.852234 0.607884
vt 0.841984 0.616535
vt 0.840625 0.609720
vt 0.844437 0.601242
vt 0.839084 0.602506
vt 0.837746 0.593982
vt 0.842804 0.592749
vt 0.850142 0.600356
vt 0.848063 0.591715
vt 0.860985 0.615231
vt 0.858606 0.607735
vt 0.856178 0.599899
vt 0.853569 0.590997
vt 0.851429 0.579692
vt 0.850493 0.573024
vt 0.845810 0.580396
vt 0.844815 0.573687
vt 0.843147 0.555632
vt 0.849945 0.555008
vt 0.840285 0.581253
vt 0.839149 0.574457
vt 0.835043 0.582327
vt 0.833711 0.575405
vt 0.829331 0.557720
vt 0.836099 0.556539
vt 0.833590 0.542000
vt 0.842672 0.540793
vt 0.825064 0.543658
vt 0.820502 0.533712
vt 0.830954 0.531863
vt 0.842581 0.530375
vt 0.851189 0.540144
vt 0.853365 0.529364
vt 0.855302 0.522851
vt 0.842521 0.524794
vt 0.842335 0.521023
vt 0.856506 0.518174
vt 0.828824 0.526281
vt 0.816551 0.527646
vt 0.813565 0.523125
vt 0.827424 0.522605
vt 0.826062 0.518616
vt 0.842052 0.517001
vt 0.810528 0.517849
vt 0.807249 0.510415
vt 0.825715 0.513367
vt 0.841591 0.511921
vt 0.857372 0.513584
vt 0.856807 0.508148
vt 0.852204 0.473568
vt 0.846204 0.474832
vt 0.845302 0.467088
vt 0.853608 0.467766
vt 0.837433 0.476609
vt 0.836144 0.468310
vt 0.834865 0.460500
vt 0.844837 0.459552
vt 0.854512 0.460979
vt 0.828314 0.477569
vt 0.826822 0.469752
vt 0.822016 0.478173
vt 0.818870 0.472914
vt 0.815632 0.466531
vt 0.824692 0.462287
vt 0.832190 0.446365
vt 0.820718 0.448639
vt 0.817602 0.439859
vt 0.830138 0.436666
vt 0.810111 0.454366
vt 0.806210 0.446764
vt 0.802577 0.441381
vt 0.799740 0.435434
vt 0.795427 0.427270
vt 0.855129 0.448245
vt 0.843679 0.445737
vt 0.842930 0.436305
vt 0.855512 0.439317
vt 0.788056 0.420993
vt 0.781397 0.416742
vt 0.846324 0.645461
vt 0.842851 0.639490
vt 0.843098 0.649196
vt 0.838643 0.642778
vt 0.840007 0.632335
vt 0.835009 0.635772
vt 0.832683 0.629120
vt 0.837921 0.625950
vt 0.840221 0.653102
vt 0.835507 0.647293
vt 0.839212 0.656235
vt 0.833675 0.652499
vt 0.830762 0.640288
vt 0.827456 0.645320
vt 0.823955 0.637292
vt 0.827958 0.633074
vt 0.831129 0.621167
vt 0.826205 0.624333
vt 0.825270 0.616075
vt 0.830116 0.613598
vt 0.821897 0.627554
vt 0.821014 0.618476
vt 0.824326 0.608000
vt 0.820329 0.609871
vt 0.819399 0.600149
vt 0.823294 0.598672
vt 0.828950 0.605985
vt 0.827840 0.597045
vt 0.836428 0.618514
vt 0.835285 0.611425
vt 0.833952 0.604095
vt 0.832782 0.595420
vt 0.829943 0.583568
vt 0.828386 0.576594
vt 0.824890 0.585005
vt 0.823055 0.578065
vt 0.816279 0.561332
vt 0.822798 0.559307
vt 0.820304 0.586474
vt 0.818178 0.579648
vt 0.816366 0.587925
vt 0.813940 0.581308
vt 0.804995 0.565927
vt 0.810292 0.563546
vt 0.802420 0.551866
vt 0.809444 0.548778
vt 0.796180 0.555117
vt 0.788857 0.547348
vt 0.795625 0.543483
vt 0.803181 0.539787
vt 0.817150 0.545937
vt 0.811536 0.536409
vt 0.806811 0.530219
vt 0.798168 0.533694
vt 0.794153 0.528976
vt 0.803135 0.525385
vt 0.790388 0.537603
vt 0.783352 0.541740
vt 0.779094 0.537338
vt 0.786231 0.533043
vt 0.782282 0.528824
vt 0.790362 0.524406
vt 0.775204 0.533302
vt 0.771747 0.529685
vt 0.778679 0.525015
vt 0.786699 0.520164
vt 0.799652 0.520185
vt 0.795906 0.515150
vt 0.791599 0.510844
vt 0.799551 0.504601
vt 0.783134 0.516470
vt 0.779721 0.513110
vt 0.787211 0.506907
vt 0.794046 0.499932
vt 0.775491 0.521694
vt 0.768792 0.526577
vt 0.765934 0.523555
vt 0.772492 0.518590
vt 0.772307 0.505967
vt 0.765634 0.511642
vt 0.760057 0.506251
vt 0.766267 0.500381
vt 0.759068 0.516226
vt 0.753891 0.510710
vt 0.783813 0.489731
vt 0.778293 0.498465
vt 0.771995 0.492379
vt 0.777746 0.482973
vt 0.839775 0.660071
vt 0.832414 0.658271
vt 0.842525 0.665776
vt 0.832782 0.664644
vt 0.824873 0.650528
vt 0.822695 0.656282
vt 0.816806 0.645894
vt 0.820424 0.641432
vt 0.847430 0.671528
vt 0.834777 0.670803
vt 0.820639 0.662356
vt 0.813055 0.650403
vt 0.813823 0.633531
vt 0.809524 0.636560
vt 0.808896 0.624805
vt 0.813086 0.622714
vt 0.809030 0.614574
vt 0.808825 0.604417
vt 0.812918 0.613022
vt 0.812455 0.603016
vt 0.817986 0.630487
vt 0.817182 0.620571
vt 0.816752 0.611428
vt 0.816025 0.601542
vt 0.812902 0.589514
vt 0.810228 0.583210
vt 0.809333 0.591375
vt 0.806543 0.585442
vt 0.795770 0.571872
vt 0.800264 0.568698
vt 0.805730 0.593310
vt 0.802883 0.587841
vt 0.791615 0.575267
vt 0.780634 0.566891
vt 0.785381 0.562660
vt 0.771573 0.560813
vt 0.776976 0.555978
vt 0.790634 0.558701
vt 0.782753 0.551457
vt 0.776957 0.546182
vt 0.770780 0.551038
vt 0.766037 0.547101
vt 0.772503 0.542012
vt 0.764849 0.556230
vt 0.759670 0.552502
vt 0.755110 0.548952
vt 0.761843 0.543454
vt 0.751243 0.545694
vt 0.758244 0.540104
vt 0.768548 0.538175
vt 0.765120 0.534717
vt 0.762204 0.531693
vt 0.755253 0.537145
vt 0.752350 0.534128
vt 0.759365 0.528666
vt 0.748066 0.542757
vt 0.745033 0.539651
vt 0.745568 0.526135
vt 0.738225 0.531220
vt 0.734544 0.525243
vt 0.741414 0.520514
vt 0.752552 0.520952
vt 0.747943 0.515376
vt 0.854458 0.501137
vt 0.865761 0.493682
vt 0.840877 0.505246
vt 0.839974 0.497004
vt 0.851527 0.493005
vt 0.860502 0.486298
vt 0.826571 0.505960
vt 0.813424 0.502091
vt 0.816885 0.493481
vt 0.827647 0.497152
vt 0.828470 0.487014
vt 0.838810 0.486723
vt 0.819682 0.484207
vt 0.848521 0.483737
vt 0.855894 0.478558
vt 0.805479 0.497191
vt 0.799586 0.492138
vt 0.804247 0.483457
vt 0.809839 0.488818
vt 0.784249 0.473501
vt 0.789669 0.480853
vt 0.778955 0.465918
vt 0.786708 0.456293
vt 0.791132 0.464056
vt 0.795664 0.471651
vt 0.798368 0.454834
vt 0.802231 0.462207
vt 0.794411 0.447696
vt 0.813807 0.479742
vt 0.809019 0.474002
vt 0.773570 0.458384
vt 0.767471 0.450574
vt 0.777264 0.441029
vt 0.782445 0.448722
vt 0.761086 0.443204
vt 0.890140 0.451641
vt 0.878821 0.441704
vt 0.771041 0.433810
vt 0.780206 0.427272
vt 0.786518 0.433617
vt 0.866832 0.434470
vt 0.790894 0.440903
vt 0.886505 0.459679
vt 0.882992 0.467920
vt 0.874211 0.460127
vt 0.876476 0.451021
vt 0.887520 0.482372
vt 0.879683 0.474745
vt 0.876077 0.481074
vt 0.869208 0.473558
vt 0.872048 0.467148
vt 0.863831 0.459789
vt 0.864875 0.453103
vt 0.862516 0.466079
vt 0.854787 0.454746
vt 0.865925 0.444126
vt 0.847763 0.654413
vt 0.844382 0.658292
vt 0.852630 0.659262
vt 0.848420 0.663735
vt 0.912228 0.502553
vt 0.734107 0.540971
vt 0.904035 0.496770
vt 0.895643 0.489980
vt 0.844227 0.452687
vt 0.833568 0.453458
vt 0.822780 0.455484
vt 0.812856 0.460548
vt 0.782979 0.502964
vt 0.788957 0.495064
vt 0.776378 0.509832
vt 0.769436 0.515432
vt 0.762830 0.520212
vt 0.756232 0.525174
vt 0.749140 0.530538
vt 0.741714 0.535865
vt 0.794495 0.486728
vt 0.799744 0.477790
vt 0.805489 0.468261
vt 0.871850 0.487151
vt 0.865622 0.480024
vt 0.859957 0.472710
vt 0.963405 0.325569
vt 0.968705 0.327387
vt 0.857824 0.662231
vt 0.853619 0.668186
vt 0.973794 0.328103
vt 0.974212 0.334825
vt 0.973119 0.341593
vt 0.855523 0.652888
vt 0.850745 0.649786
vt 0.860328 0.655464
vt 0.802294 0.595341
vt 0.805375 0.605696
vt 0.965109 0.252805
vt 0.963893 0.247284
vt 0.805255 0.615767
vt 0.804867 0.626372
vt 0.976145 0.270320
vt 0.969510 0.262709
vt 0.805233 0.638761
vt 0.808999 0.653961
vt 0.991081 0.287896
vt 0.983329 0.278170
vt 0.817928 0.667649
vt 0.835542 0.677286
vt 1.000000 0.318205
vt 0.997996 0.301985
vt 0.919936 0.507510
vt 0.737739 0.545116
vt 0.923324 0.502341
vt 0.774328 0.420662
vt 0.855552 0.432091
vt 0.764959 0.427023
vt 0.755048 0.436700
vt 0.745347 0.448128
vt 0.843828 0.426398
vt 0.827590 0.425477
vt 0.812122 0.431645
vt 0.926581 0.495782
vt 0.723732 0.486292
vt 0.928250 0.490837
vt 0.913701 0.515346
vt 0.910650 0.518781
vt 0.906907 0.522619
vt 0.902570 0.526810
vt 0.897855 0.531321
vt 0.892142 0.536993
vt 0.885522 0.544905
vt 0.879213 0.555984
vt 0.875307 0.571787
vt 0.742044 0.503307
vt 0.733647 0.498267
vt 0.736416 0.459721
vt 0.729377 0.470618
vt 0.727270 0.491777
vt 0.725307 0.479974
vt 0.818711 0.262643
vt 0.980810 0.160832
vt 0.824041 0.263722
vt 0.811357 0.172586
vt 0.864678 0.103543
vt 0.806954 0.185892
vt 0.804822 0.200814
vt 0.804397 0.215353
vt 0.805939 0.258061
vt 0.953748 0.118797
vt 0.976749 0.148804
vt 0.828547 0.264518
vt 0.833029 0.265124
vt 0.838344 0.265593
vt 0.844363 0.265947
vt 0.850875 0.266297
vt 0.858900 0.266876
vt 0.869068 0.268564
vt 0.881055 0.272857
vt 0.960646 0.356861
vt 0.851096 0.134840
vt 0.835332 0.140208
vt 0.823591 0.151471
vt 0.954638 0.125265
vt 0.954027 0.134344
vt 0.948437 0.115028
vt 0.939254 0.110579
vt 0.926817 0.106892
vt 0.950937 0.143639
vn 0.442820 -0.751526 -0.488998
vn 0.490419 -0.848719 -0.197904
vn 0.110662 -0.987863 -0.108994
vn 0.158960 -0.842525 -0.514668
vn 0.494986 -0.867138 -0.055319
vn 0.106437 -0.994286 -0.008116
vn 0.000000 -1.000000 0.000000
vn -0.002651 -0.995079 -0.099054
vn -0.017382 -0.851180 -0.524586
vn 0.468857 -0.883262 -0.004614
vn 0.101860 -0.994799 -0.000028
vn 0.449632 -0.893207 -0.003446
vn 0.100311 -0.994956 0.001065
vn 0.000000 -1.000000 0.000000
vn 0.000000 -1.000000 0.000000
vn -0.093101 -0.995656 -0.000983
vn -0.095149 -0.995431 -0.008049
vn -0.096814 -0.995302 0.001275
vn -0.452403 -0.891805 -0.003857
vn -0.452339 -0.891746 -0.013342
vn -0.471268 -0.880212 -0.055973
vn -0.106318 -0.988799 -0.104753
vn -0.186344 -0.846248 -0.499140
vn -0.478896 -0.858768 -0.182145
vn -0.461663 -0.757434 -0.461695
vn 0.631995 0.315236 -0.707961
vn 0.825139 0.459591 -0.328515
vn 0.930526 -0.055457 -0.362003
vn 0.651015 -0.125219 -0.748665
vn 0.845291 0.534118 -0.014213
vn 0.999822 -0.005245 -0.018137
vn 0.976757 -0.213418 -0.019946
vn 0.890971 -0.247640 -0.380586
vn 0.616966 -0.281703 -0.734845
vn 0.818937 0.498062 0.285090
vn 0.946546 0.003385 0.322550
vn 0.646189 0.419385 0.637617
vn 0.714433 0.008637 0.699650
vn 0.711257 -0.143220 0.688187
vn 0.922456 -0.179621 0.341776
vn 0.974949 -0.220150 -0.031766
vn 0.928814 -0.171326 0.328561
vn 0.937430 -0.148308 0.315008
vn 0.976331 -0.212356 -0.041018
vn 0.729204 -0.116935 0.674232
vn 0.746745 -0.075833 0.660773
vn 0.950053 -0.118745 0.288615
vn 0.768833 -0.056310 0.636965
vn 0.791838 -0.034119 0.609778
vn 0.963589 -0.084182 0.253792
vn 0.983162 -0.173238 -0.058140
vn 0.988725 -0.125582 -0.081563
vn 0.594690 -0.306416 -0.743272
vn 0.882203 -0.265109 -0.389146
vn 0.879398 -0.267178 -0.394051
vn 0.582084 -0.313903 -0.750096
vn 0.887392 -0.218929 -0.405716
vn 0.894414 -0.156531 -0.418954
vn 0.584202 -0.257263 -0.769756
vn 0.593543 -0.177588 -0.784964
vn 0.623788 0.008713 -0.781545
vn 0.910976 -0.010196 -0.412333
vn 0.904886 0.103274 -0.412935
vn 0.627209 0.151406 -0.763993
vn 0.996249 -0.018702 -0.084484
vn 0.993564 0.064127 -0.093370
vn 0.903741 0.194908 -0.381135
vn 0.987882 0.139849 -0.067324
vn 0.978160 0.195123 -0.071629
vn 0.889602 0.239929 -0.388641
vn 0.651131 0.256007 -0.714485
vn 0.645066 0.284940 -0.709013
vn 0.970454 -0.020819 0.240388
vn 0.973680 0.028315 0.226155
vn 0.797101 -0.023031 0.603407
vn 0.802586 -0.015223 0.596343
vn 0.962969 0.083187 0.256459
vn 0.767653 0.009195 0.640799
vn 0.750499 0.070734 0.657075
vn 0.954578 0.144174 0.260757
vn 0.937954 0.213727 0.273061
vn 0.968559 0.237700 -0.073438
vn 0.716069 0.171089 0.676738
vn 0.709792 0.270213 0.650523
vn 0.930114 0.257352 0.262027
vn 0.964223 0.250356 -0.087151
vn 0.881065 0.255315 -0.398170
vn 0.645273 0.272935 -0.713533
vn 0.876290 0.247768 -0.413190
vn 0.643889 0.251786 -0.722503
vn 0.874591 0.236175 -0.423452
vn 0.646967 0.237570 -0.724564
vn 0.960433 0.255233 -0.111467
vn 0.941696 0.305699 -0.140559
vn 0.866086 0.271587 -0.419687
vn 0.646053 0.270320 -0.713823
vn 0.926380 0.312779 0.209737
vn 0.729124 0.435519 0.527922
vn 0.715715 0.635114 0.290486
vn 0.899746 0.421768 0.112111
vn 0.869625 0.493684 0.005356
vn 0.927005 0.337934 -0.162672
vn 0.690807 0.722369 0.031111
vn 0.709911 0.669995 -0.217101
vn 0.897698 0.436629 -0.059116
vn 0.938494 0.299989 -0.170986
vn 0.858431 0.306009 -0.411649
vn 0.641249 0.302174 -0.705330
vn 0.867830 0.280366 -0.410201
vn 0.646360 0.268017 -0.714413
vn 0.880559 0.225054 -0.417093
vn 0.650192 0.198804 -0.733299
vn 0.956518 0.235876 -0.171567
vn 0.964221 0.201681 -0.172056
vn 0.882803 0.190317 -0.429463
vn 0.642588 0.157227 -0.749907
vn 0.955879 0.283034 -0.078661
vn 0.915312 0.355297 -0.189650
vn 0.973121 0.164625 -0.161041
vn 0.979591 0.187164 -0.073288
vn 0.956794 -0.245437 -0.155903
vn 0.962141 -0.269838 -0.038382
vn 0.822553 -0.568327 -0.020272
vn 0.838344 -0.532162 -0.118252
vn 0.948073 -0.309349 -0.073897
vn 0.794803 -0.606148 -0.029540
vn 0.640179 -0.210830 -0.738730
vn 0.881979 -0.225766 -0.413695
vn 0.802346 -0.491021 -0.339322
vn 0.591433 -0.448845 -0.669885
vn 0.295326 0.530389 0.794651
vn 0.349244 0.074430 0.934071
vn 0.021359 0.583729 0.811668
vn 0.045113 0.116732 0.992138
vn 0.068959 -0.078534 0.994524
vn 0.389807 -0.105135 0.914876
vn -0.245754 0.552716 0.796310
vn -0.264491 0.109137 0.958193
vn -0.605015 0.465079 0.646265
vn -0.675151 0.070282 0.734324
vn -0.665852 -0.085066 0.741219
vn -0.270860 -0.068382 0.960187
vn 0.096729 -0.032153 0.994791
vn -0.249429 -0.023730 0.968102
vn -0.231690 0.029631 0.972338
vn 0.119696 0.023764 0.992526
vn -0.666619 -0.055531 0.743327
vn -0.667987 -0.015990 0.744001
vn -0.221199 0.025908 0.974885
vn -0.678034 -0.015698 0.734863
vn -0.699765 -0.016860 0.714175
vn -0.225267 0.021425 0.974062
vn 0.139250 0.024426 0.989956
vn 0.147570 0.025271 0.988729
vn 0.417205 -0.064858 0.906495
vn 0.441542 -0.012348 0.897156
vn 0.466990 -0.003375 0.884256
vn 0.486776 0.006896 0.873500
vn 0.485978 -0.028659 0.873501
vn 0.479204 -0.058529 0.875750
vn 0.139494 -0.037450 0.989515
vn 0.120112 -0.089930 0.988679
vn 0.417935 -0.060001 0.906494
vn 0.052863 -0.102320 0.993346
vn 0.004434 -0.053746 0.998545
vn 0.378934 -0.006495 0.925401
vn -0.238202 -0.048210 0.970018
vn -0.267873 -0.107061 0.957487
vn -0.705781 -0.055714 0.706236
vn -0.731523 -0.086785 0.676271
vn -0.326172 -0.117889 0.937931
vn -0.727935 -0.083984 0.680483
vn -0.741799 -0.031468 0.669883
vn -0.374610 -0.068994 0.924612
vn -0.421161 0.063234 0.904779
vn -0.050109 0.078807 0.995630
vn -0.734732 0.081873 0.673399
vn -0.730681 0.241604 0.638539
vn -0.458148 0.268590 0.847325
vn -0.074078 0.294315 0.952833
vn 0.329117 0.115075 0.937251
vn 0.329506 0.284362 0.900313
vn 0.380584 0.602567 0.701476
vn -0.077660 0.712611 0.697248
vn -0.056589 0.982346 0.178309
vn 0.409730 0.866828 0.284130
vn -0.491712 0.617158 0.614277
vn -0.722935 0.482484 0.494544
vn -0.688800 0.682208 0.245249
vn -0.472391 0.857804 0.202533
vn -0.460108 0.880546 -0.113751
vn -0.033783 0.984263 -0.173449
vn -0.670903 0.741482 -0.009659
vn -0.724777 0.651310 -0.224709
vn -0.418932 0.849825 -0.319832
vn -0.021168 0.940490 -0.339161
vn 0.430836 0.900749 -0.055056
vn 0.388730 0.869611 -0.304410
vn 0.533891 0.751137 0.388270
vn 0.222548 0.863289 0.452994
vn 0.289128 0.540767 0.789922
vn 0.705445 0.398113 0.586391
vn -0.064972 0.887772 0.455675
vn -0.074734 0.607736 0.790615
vn -0.064717 0.368084 0.927538
vn 0.363117 0.280228 0.888605
vn 0.756352 0.150737 0.636561
vn -0.343385 0.831560 0.436573
vn -0.422955 0.539862 0.727776
vn -0.609760 0.697498 0.376417
vn -0.757414 0.389394 0.524115
vn -0.801616 0.213790 0.558306
vn -0.479173 0.323783 0.815817
vn -0.040023 -0.401168 0.915130
vn -0.438419 -0.393106 0.808243
vn -0.329058 -0.674874 0.660505
vn -0.025253 -0.696622 0.716994
vn -0.741781 -0.390238 0.545414
vn -0.614647 -0.636890 0.465381
vn -0.457483 -0.808308 0.370605
vn -0.202477 -0.872806 0.444087
vn -0.009008 -0.880284 0.474362
vn 0.669649 -0.455385 0.586681
vn 0.356015 -0.431574 0.828853
vn 0.272502 -0.696234 0.664079
vn 0.549202 -0.679237 0.486842
vn 0.175384 -0.882511 0.436365
vn 0.406968 -0.833457 0.373801
vn -0.789947 0.537731 0.294667
vn -0.937275 0.068316 0.341832
vn -0.826040 0.563609 0.001753
vn -0.998638 0.051281 -0.009657
vn -0.985761 -0.166452 -0.023851
vn -0.923260 -0.120061 0.364933
vn -0.815427 0.487492 -0.312140
vn -0.930515 -0.015999 -0.365904
vn -0.635992 0.338471 -0.693506
vn -0.656876 -0.105396 -0.746596
vn -0.617153 -0.267864 -0.739845
vn -0.887900 -0.219211 -0.404450
vn -0.981691 -0.183315 -0.051761
vn -0.867160 -0.247732 -0.432045
vn -0.853856 -0.264273 -0.448431
vn -0.979080 -0.189685 -0.073633
vn -0.585926 -0.299773 -0.752879
vn -0.568618 -0.317273 -0.758954
vn -0.855318 -0.217554 -0.470214
vn -0.571186 -0.257858 -0.779266
vn -0.580820 -0.181051 -0.793643
vn -0.858621 -0.160855 -0.486720
vn -0.981556 -0.159935 -0.104736
vn -0.982442 -0.125830 -0.137749
vn -0.930251 -0.115572 0.348249
vn -0.938934 -0.101597 0.328757
vn -0.952052 -0.089261 0.292626
vn -0.966049 -0.076178 0.246873
vn -0.971576 -0.050194 0.231344
vn -0.977180 -0.025023 0.210932
vn -0.989779 -0.040640 -0.136696
vn -0.989912 0.033660 -0.137630
vn -0.962814 0.001390 0.270160
vn -0.993899 0.087860 -0.066675
vn -0.989953 0.136450 -0.037082
vn -0.953412 0.051706 0.297208
vn -0.883004 -0.022948 -0.468805
vn -0.887716 0.093537 -0.450789
vn -0.621898 0.002918 -0.783093
vn -0.636650 0.152378 -0.755948
vn -0.909956 0.171036 -0.377791
vn -0.669873 0.251828 -0.698465
vn -0.671901 0.278570 -0.686256
vn -0.909265 0.212114 -0.358113
vn -0.912272 0.233662 -0.336395
vn -0.981983 0.188816 0.007643
vn -0.681155 0.267479 -0.681530
vn -0.676513 0.268497 -0.685740
vn -0.903899 0.261604 -0.338422
vn -0.967908 0.250712 0.017238
vn -0.927468 0.132165 0.349764
vn -0.903186 0.238083 0.357171
vn -0.878528 0.376018 0.294615
vn -0.950001 0.312106 -0.009350
vn -0.939043 0.338489 -0.060198
vn -0.855554 0.488666 0.170979
vn -0.891367 0.283669 -0.353549
vn -0.666622 0.274085 -0.693176
vn -0.663875 0.267375 -0.698413
vn -0.887567 0.276142 -0.368742
vn -0.895622 0.232837 -0.379008
vn -0.947059 0.301609 -0.110054
vn -0.670911 0.236988 -0.702649
vn -0.686056 0.165913 -0.708379
vn -0.911851 0.150328 -0.382007
vn -0.971166 0.193730 -0.138946
vn -0.854183 0.518871 0.033821
vn -0.913939 0.403211 -0.046209
vn -0.981098 0.178401 -0.074967
vn -0.940885 0.289867 -0.175250
vn -0.985689 0.077004 -0.149957
vn -0.986376 0.046532 -0.157788
vn -0.993504 0.070019 -0.089709
vn -0.984075 0.090638 -0.152911
vn -0.923713 0.063512 -0.377783
vn -0.699362 0.082852 -0.709949
vn -0.705975 0.056565 -0.705974
vn -0.926945 0.042539 -0.372777
vn -0.959786 -0.235809 -0.152331
vn -0.904515 -0.227980 -0.360386
vn -0.815234 -0.491027 -0.307060
vn -0.839960 -0.529188 -0.120112
vn -0.690178 -0.224891 -0.687807
vn -0.629154 -0.458056 -0.627973
vn -0.956368 -0.280174 -0.082848
vn -0.965215 -0.251427 -0.071725
vn -0.828313 -0.558637 -0.042679
vn -0.813704 -0.580316 -0.033470
vn -0.281928 0.403801 -0.870323
vn -0.268783 -0.119971 -0.955700
vn -0.003012 0.450252 -0.892896
vn 0.000449 -0.117781 -0.993040
vn 0.003034 -0.299853 -0.953981
vn -0.250568 -0.292894 -0.922729
vn 0.275621 0.392930 -0.877291
vn 0.264158 -0.127652 -0.955994
vn 0.249241 -0.296406 -0.921967
vn 0.001704 -0.323465 -0.946239
vn 0.218471 -0.320347 -0.921764
vn 0.193209 -0.325446 -0.925611
vn -0.004880 -0.328176 -0.944604
vn 0.175178 -0.261030 -0.949303
vn 0.170805 -0.173777 -0.969859
vn -0.017034 -0.259446 -0.965607
vn -0.029473 -0.171424 -0.984756
vn -0.220814 -0.321319 -0.920867
vn -0.205219 -0.332410 -0.920537
vn -0.207077 -0.265688 -0.941557
vn -0.220969 -0.179413 -0.958636
vn -0.263159 0.025303 -0.964420
vn -0.291175 0.188219 -0.937972
vn -0.046338 0.032828 -0.998386
vn -0.049981 0.195538 -0.979422
vn -0.318474 0.297135 -0.900158
vn -0.030312 0.305615 -0.951673
vn -0.021866 0.318854 -0.947552
vn -0.326451 0.312207 -0.892164
vn 0.188154 0.028028 -0.981740
vn 0.212629 0.185059 -0.959449
vn 0.271207 0.294589 -0.916332
vn 0.289795 0.311170 -0.905092
vn 0.302204 0.280055 -0.911176
vn -0.018098 0.280752 -0.959610
vn 0.305642 0.254602 -0.917475
vn -0.016182 0.258247 -0.965943
vn -0.335746 0.279238 -0.899611
vn -0.334862 0.263841 -0.904575
vn -0.329066 0.263097 -0.906915
vn -0.008147 0.253478 -0.967307
vn -0.001422 0.261365 -0.965239
vn -0.326251 0.262884 -0.907993
vn 0.315465 0.243690 -0.917114
vn 0.322340 0.264333 -0.908969
vn 0.318560 0.278682 -0.906011
vn -0.003423 0.255803 -0.966723
vn 0.313097 0.231460 -0.921085
vn -0.010475 0.197399 -0.980267
vn -0.329847 0.244616 -0.911792
vn -0.338643 0.180005 -0.923536
vn -0.346597 0.097819 -0.932900
vn -0.019480 0.116246 -0.993030
vn -0.029024 0.083793 -0.996060
vn -0.351630 0.068296 -0.933645
vn 0.304078 0.153574 -0.940187
vn 0.290134 0.114886 -0.950065
vn -0.033507 -0.203126 -0.978579
vn 0.280855 -0.201419 -0.938377
vn 0.243374 -0.458734 -0.854595
vn -0.029868 -0.473432 -0.880324
vn -0.346633 -0.213778 -0.913315
vn -0.300136 -0.468431 -0.830958
vn 0.346885 0.880515 -0.323054
vn 0.608778 0.721533 -0.329818
vn -0.016713 0.953469 -0.301027
vn -0.022804 0.993260 -0.113643
vn 0.307746 0.939215 -0.152211
vn 0.617997 0.764185 -0.184668
vn -0.381429 0.866272 -0.322621
vn -0.639470 0.696812 -0.324855
vn -0.655080 0.736099 -0.170374
vn -0.355556 0.924079 -0.140206
vn -0.329735 0.937901 0.107783
vn -0.040721 0.991414 0.124257
vn -0.658952 0.747159 0.086807
vn 0.252893 0.963223 0.090812
vn 0.611595 0.788379 0.066408
vn -0.907071 0.340979 -0.246893
vn -0.977066 0.096848 -0.189638
vn -0.991367 0.102602 -0.081633
vn -0.926242 0.355357 -0.125690
vn -0.806833 -0.590119 -0.027920
vn -0.945288 -0.314022 -0.088441
vn -0.473803 -0.880628 0.002220
vn -0.500156 -0.865456 0.028793
vn -0.802230 -0.596631 0.021409
vn -0.939115 -0.343203 -0.016599
vn -0.776021 -0.607272 0.170326
vn -0.910379 -0.369402 0.186419
vn -0.497052 -0.856579 0.138611
vn -0.927334 0.345843 0.142985
vn -0.976074 0.127963 0.175801
vn -0.106783 -0.994278 0.002944
vn 0.000000 -1.000000 0.000000
vn 0.000000 -1.000000 0.000000
vn -0.118893 -0.992874 0.008068
vn 0.104004 -0.994575 0.001972
vn 0.448373 -0.893842 -0.002960
vn 0.459219 -0.887673 0.033979
vn 0.110896 -0.993794 0.008739
vn 0.119760 -0.985565 0.119666
vn -0.000296 -0.992005 0.126200
vn 0.449779 -0.880367 0.150509
vn -0.130547 -0.983908 0.121998
vn 0.771252 -0.635461 -0.036867
vn 0.930069 -0.354473 -0.096540
vn 0.918524 -0.395196 0.011556
vn 0.756163 -0.653293 0.037761
vn 0.991971 -0.000192 -0.126469
vn 0.985169 -0.044523 -0.165710
vn 0.967069 0.144078 -0.209809
vn 0.989378 0.124184 -0.075563
vn 0.995653 -0.086537 -0.034437
vn 0.962838 -0.123179 0.240355
vn 0.866928 -0.434143 0.244859
vn 0.972235 0.103421 0.209915
vn 0.757937 -0.106740 0.643535
vn 0.718064 -0.663326 0.210672
vn 0.004862 0.926298 0.376761
vn -0.312342 0.892281 0.326003
vn -0.000505 0.999994 0.003426
vn -0.378482 0.925577 0.007676
vn 0.897150 0.044137 -0.439516
vn 0.645738 0.029630 -0.762984
vn 0.984061 0.048047 -0.171219
vn 0.997803 0.034067 -0.056820
vn 0.398448 -0.013421 0.917093
vn -0.051954 0.062679 0.996680
vn -0.498089 0.049442 0.865716
vn -0.818032 -0.009273 0.575099
vn -0.995687 -0.022968 -0.089885
vn -0.990828 -0.029260 -0.131926
vn -0.986496 -0.029451 -0.161116
vn -0.928116 -0.031267 -0.370976
vn -0.709068 -0.025013 -0.704696
vn -0.354863 -0.015955 -0.934782
vn -0.034193 -0.004747 -0.999404
vn 0.284592 0.011030 -0.958585
vn -0.986512 -0.049631 -0.155981
vn -0.996162 -0.063257 -0.060495
vn -0.981768 -0.054623 0.182063
vn 0.880381 0.392012 -0.266937
vn 0.907363 0.397974 -0.135309
vn 0.915112 0.375415 0.147086
vn 0.461584 -0.757513 -0.461643
vn 0.478887 -0.858774 -0.182138
vn 0.106307 -0.988802 -0.104732
vn 0.186273 -0.846330 -0.499027
vn 0.471294 -0.880200 -0.055942
vn 0.095132 -0.995432 -0.008058
vn 0.000000 -1.000000 0.000000
vn 0.002647 -0.995083 -0.099014
vn 0.017354 -0.851280 -0.524425
vn 0.452362 -0.891736 -0.013260
vn 0.093047 -0.995661 -0.000989
vn 0.452409 -0.891803 -0.003706
vn 0.096708 -0.995312 0.001279
vn 0.000000 -1.000000 0.000000
vn 0.000000 -1.000000 0.000000
vn -0.101897 -0.994795 -0.000029
vn -0.106454 -0.994285 -0.008112
vn -0.100338 -0.994953 0.001031
vn -0.449262 -0.893392 -0.003725
vn -0.468660 -0.883366 -0.004753
vn -0.494832 -0.867221 -0.055391
vn -0.110654 -0.987867 -0.108968
vn -0.158917 -0.842612 -0.514539
vn -0.490266 -0.848798 -0.197943
vn -0.442666 -0.751643 -0.488958
vn 0.635674 0.339616 -0.693239
vn 0.815024 0.488443 -0.311703
vn 0.930697 -0.015320 -0.365469
vn 0.656804 -0.104780 -0.746746
vn 0.825583 0.564278 0.001842
vn 0.998614 0.051784 -0.009377
vn 0.888322 -0.218643 -0.403832
vn 0.985848 -0.166008 -0.023362
vn 0.981801 -0.182927 -0.051034
vn 0.867692 -0.247279 -0.431235
vn 0.617079 -0.267411 -0.740071
vn 0.585695 -0.299502 -0.753166
vn 0.789558 0.538419 0.294454
vn 0.937228 0.068669 0.341889
vn 0.604831 0.465777 0.645934
vn 0.675155 0.070572 0.734293
vn 0.923245 -0.119769 0.365067
vn 0.665899 -0.084827 0.741203
vn 0.666694 -0.055355 0.743273
vn 0.930186 -0.115336 0.348498
vn 0.979205 -0.189399 -0.072706
vn 0.938815 -0.101452 0.329142
vn 0.951879 -0.089226 0.293199
vn 0.981697 -0.159795 -0.103619
vn 0.668094 -0.015915 0.743907
vn 0.678187 -0.015747 0.734720
vn 0.965842 -0.076282 0.247650
vn 0.699917 -0.017041 0.714021
vn 0.705923 -0.056062 0.706066
vn 0.971347 -0.050595 0.232219
vn 0.982605 -0.125895 -0.136523
vn 0.989921 -0.041099 -0.135523
vn 0.568210 -0.317296 -0.759251
vn 0.854444 -0.264007 -0.447466
vn 0.855917 -0.217473 -0.469161
vn 0.570594 -0.258044 -0.779638
vn 0.859160 -0.161024 -0.485711
vn 0.883431 -0.023491 -0.467973
vn 0.580060 -0.181415 -0.794115
vn 0.621163 0.002409 -0.783678
vn 0.636046 0.151866 -0.756559
vn 0.888068 0.092810 -0.450245
vn 0.910210 0.170296 -0.377515
vn 0.669667 0.251284 -0.698858
vn 0.990073 0.032953 -0.136638
vn 0.994007 0.087131 -0.066021
vn 0.990043 0.135906 -0.036680
vn 0.909436 0.211541 -0.358017
vn 0.671826 0.278099 -0.686521
vn 0.976976 -0.025663 0.211799
vn 0.962636 0.000734 0.270797
vn 0.731582 -0.087313 0.676140
vn 0.727926 -0.084530 0.680425
vn 0.741711 -0.031892 0.669961
vn 0.953289 0.051231 0.297685
vn 0.927384 0.131946 0.350069
vn 0.982036 0.188533 0.007819
vn 0.734554 0.081654 0.673619
vn 0.730556 0.241065 0.638886
vn 0.903196 0.237562 0.357493
vn 0.968018 0.250279 0.017386
vn 0.912351 0.233326 -0.336415
vn 0.681172 0.267143 -0.681645
vn 0.903994 0.261260 -0.338434
vn 0.676576 0.268242 -0.685777
vn 0.891556 0.283263 -0.353399
vn 0.666758 0.273937 -0.693104
vn 0.950256 0.311342 -0.008963
vn 0.939325 0.337843 -0.059414
vn 0.887765 0.276041 -0.368341
vn 0.664032 0.267540 -0.698200
vn 0.878803 0.374825 0.295317
vn 0.723314 0.481123 0.495315
vn 0.689966 0.680492 0.246733
vn 0.856085 0.487282 0.172265
vn 0.855222 0.517035 0.035648
vn 0.947409 0.300903 -0.108965
vn 0.673106 0.739508 -0.007534
vn 0.728495 0.647999 -0.222246
vn 0.915306 0.400331 -0.044169
vn 0.971503 0.192847 -0.137814
vn 0.895876 0.232775 -0.378447
vn 0.671113 0.237083 -0.702424
vn 0.912164 0.149972 -0.381399
vn 0.686332 0.165468 -0.708215
vn 0.923885 0.063990 -0.377282
vn 0.699527 0.083008 -0.709769
vn 0.985783 0.077517 -0.149073
vn 0.986476 0.047093 -0.156993
vn 0.927087 0.042922 -0.372381
vn 0.706067 0.056708 -0.705871
vn 0.981299 0.177950 -0.073390
vn 0.941792 0.288189 -0.173135
vn 0.984292 0.090751 -0.151439
vn 0.993573 0.070557 -0.088515
vn 0.959484 -0.237459 -0.151669
vn 0.964920 -0.252848 -0.070695
vn 0.828138 -0.558935 -0.042179
vn 0.839635 -0.529783 -0.119764
vn 0.956075 -0.281560 -0.081511
vn 0.813685 -0.580378 -0.032834
vn 0.689788 -0.226964 -0.687517
vn 0.904171 -0.229866 -0.360052
vn 0.814820 -0.491882 -0.306792
vn 0.628736 -0.459088 -0.627638
vn 0.246005 0.553048 0.796002
vn 0.264543 0.109450 0.958143
vn -0.020975 0.583878 0.811571
vn -0.045199 0.117027 0.992100
vn 0.270980 -0.068126 0.960171
vn -0.069115 -0.078276 0.994533
vn -0.096908 -0.031884 0.994783
vn 0.249688 -0.023504 0.968041
vn -0.295074 0.530384 0.794748
vn -0.349495 0.074602 0.933964
vn -0.646366 0.418915 0.637747
vn -0.714632 0.008666 0.699447
vn -0.390240 -0.104975 0.914709
vn -0.711572 -0.143233 0.687859
vn -0.729708 -0.116965 0.673681
vn -0.417831 -0.064686 0.906219
vn -0.119861 0.024022 0.992500
vn -0.442342 -0.012178 0.896764
vn -0.467917 -0.003265 0.883767
vn -0.139356 0.024565 0.989938
vn -0.747466 -0.075877 0.659953
vn -0.769751 -0.056346 0.635852
vn -0.487726 0.006945 0.872969
vn -0.792868 -0.034126 0.608437
vn -0.798073 -0.022897 0.602126
vn -0.486738 -0.028733 0.873075
vn -0.147581 0.025283 0.988727
vn -0.139352 -0.037690 0.989525
vn 0.232117 0.029798 0.972231
vn 0.221850 0.025940 0.974736
vn 0.226102 0.021316 0.973870
vn 0.239104 -0.048523 0.969781
vn 0.268727 -0.107578 0.957190
vn 0.326717 -0.118472 0.937668
vn -0.119841 -0.090401 0.988669
vn -0.052328 -0.102931 0.993311
vn -0.003828 -0.054377 0.998513
vn 0.374866 -0.069524 0.924468
vn -0.479702 -0.058724 0.875464
vn -0.417651 -0.060397 0.906598
vn -0.803382 -0.014998 0.595275
vn -0.767879 0.009297 0.640528
vn -0.750353 0.070743 0.657241
vn -0.378199 -0.006975 0.925698
vn -0.327913 0.114671 0.937723
vn 0.050732 0.078309 0.995637
vn -0.715527 0.171081 0.677313
vn -0.709070 0.270836 0.651052
vn -0.328005 0.284706 0.900753
vn 0.074883 0.294260 0.952787
vn 0.421058 0.062873 0.904852
vn 0.458045 0.268221 0.847498
vn 0.492289 0.616376 0.614599
vn 0.079174 0.713164 0.696512
vn 0.058715 0.982311 0.177815
vn 0.473991 0.856681 0.203543
vn -0.378518 0.604579 0.700863
vn -0.728138 0.437482 0.527660
vn -0.714290 0.637303 0.289196
vn -0.407100 0.868570 0.282589
vn -0.428765 0.901688 -0.055846
vn 0.036055 0.984199 -0.173354
vn -0.689953 0.723235 0.029926
vn -0.711363 0.668358 -0.217396
vn -0.387448 0.870100 -0.304646
vn 0.023499 0.940483 -0.339027
vn 0.462597 0.879437 -0.112228
vn 0.422002 0.848804 -0.318504
vn 0.614330 0.692563 0.378096
vn 0.347102 0.828116 0.440165
vn 0.425793 0.536783 0.728398
vn 0.759598 0.386327 0.523223
vn 0.067951 0.884968 0.460667
vn 0.077107 0.604793 0.792641
vn 0.066811 0.367944 0.927445
vn 0.481776 0.323175 0.814524
vn 0.803191 0.212463 0.556546
vn -0.220797 0.860779 0.458593
vn -0.287402 0.538460 0.792124
vn -0.534638 0.747930 0.393400
vn -0.704280 0.397346 0.588308
vn -0.755193 0.151203 0.637826
vn -0.361624 0.280254 0.889205
vn 0.041798 -0.406672 0.912618
vn -0.353319 -0.437165 0.827075
vn -0.270745 -0.697862 0.663088
vn 0.026590 -0.697890 0.715711
vn -0.666297 -0.460948 0.586153
vn -0.546899 -0.681361 0.486466
vn -0.405944 -0.833963 0.373786
vn -0.174744 -0.882691 0.436259
vn 0.009698 -0.880281 0.474353
vn 0.741343 -0.393964 0.543327
vn 0.439382 -0.397858 0.805390
vn 0.330209 -0.675651 0.659134
vn 0.615079 -0.637115 0.464503
vn 0.203394 -0.872570 0.444131
vn 0.458520 -0.807639 0.370783
vn -0.819236 0.497581 0.285070
vn -0.946652 0.003162 0.322243
vn -0.845639 0.533560 -0.014445
vn -0.999812 -0.005648 -0.018571
vn -0.922595 -0.179850 0.341281
vn -0.976650 -0.213846 -0.020625
vn -0.974800 -0.220665 -0.032734
vn -0.929055 -0.171627 0.327720
vn -0.825406 0.458827 -0.328911
vn -0.930349 -0.055993 -0.362375
vn -0.632232 0.314379 -0.708130
vn -0.651164 -0.125673 -0.748460
vn -0.890630 -0.248150 -0.381051
vn -0.617196 -0.282089 -0.734503
vn -0.595115 -0.306816 -0.742767
vn -0.881788 -0.265666 -0.389706
vn -0.976154 -0.212920 -0.042301
vn -0.878949 -0.267714 -0.394687
vn -0.886988 -0.219289 -0.406406
vn -0.982990 -0.173657 -0.059774
vn -0.582732 -0.314236 -0.749453
vn -0.585109 -0.257461 -0.769000
vn -0.894086 -0.156633 -0.419614
vn -0.594647 -0.177603 -0.784125
vn -0.624818 0.009061 -0.780718
vn -0.910713 -0.009751 -0.412924
vn -0.988543 -0.125783 -0.083433
vn -0.996096 -0.018301 -0.086356
vn -0.937797 -0.148663 0.313745
vn -0.950554 -0.119031 0.286842
vn -0.964153 -0.084344 0.251587
vn -0.971018 -0.020519 0.238124
vn -0.974119 0.028939 0.224178
vn -0.963180 0.083836 0.255452
vn -0.993365 0.064939 -0.094914
vn -0.987685 0.140804 -0.068207
vn -0.977961 0.195951 -0.072085
vn -0.954606 0.144703 0.260363
vn -0.904604 0.104091 -0.413349
vn -0.903387 0.195933 -0.381447
vn -0.627949 0.152018 -0.763263
vn -0.651237 0.256820 -0.714097
vn -0.644861 0.285674 -0.708904
vn -0.889241 0.240836 -0.388907
vn -0.880742 0.255952 -0.398476
vn -0.968409 0.238260 -0.073591
vn -0.644782 0.273476 -0.713770
vn -0.643253 0.252213 -0.722921
vn -0.875985 0.248272 -0.413535
vn -0.964071 0.250892 -0.087291
vn -0.937836 0.214079 0.273190
vn -0.929912 0.257959 0.262145
vn -0.926075 0.313927 0.209368
vn -0.960245 0.255789 -0.111814
vn -0.941524 0.305900 -0.141270
vn -0.899335 0.422935 0.111008
vn -0.874313 0.236491 -0.423851
vn -0.646316 0.237811 -0.725066
vn -0.645566 0.269989 -0.714388
vn -0.865928 0.271319 -0.420184
vn -0.858465 0.305058 -0.412282
vn -0.927006 0.337431 -0.163705
vn -0.641014 0.301126 -0.705992
vn -0.646162 0.266552 -0.715140
vn -0.867897 0.279084 -0.410934
vn -0.938641 0.298863 -0.172145
vn -0.869531 0.493863 0.003861
vn -0.898465 0.434869 -0.060418
vn -0.956099 0.281934 -0.079924
vn -0.915723 0.353976 -0.190139
vn -0.956440 0.235300 -0.172791
vn -0.964055 0.201400 -0.173311
vn -0.979519 0.186918 -0.074865
vn -0.972852 0.164754 -0.162527
vn -0.880347 0.224492 -0.417843
vn -0.649770 0.198182 -0.733841
vn -0.642170 0.156942 -0.750325
vn -0.882500 0.190055 -0.430202
vn -0.955822 -0.248767 -0.156584
vn -0.881201 -0.228573 -0.413810
vn -0.801650 -0.492162 -0.339313
vn -0.837457 -0.533490 -0.118552
vn -0.639693 -0.213268 -0.738451
vn -0.590964 -0.449921 -0.669577
vn -0.946442 -0.314048 -0.074974
vn -0.960978 -0.273793 -0.039492
vn -0.821384 -0.569994 -0.020850
vn -0.793183 -0.608231 -0.030253
vn -0.275720 0.392737 -0.877346
vn -0.264948 -0.127838 -0.955751
vn 0.003054 0.450370 -0.892837
vn -0.001340 -0.117686 -0.993050
vn -0.250400 -0.296617 -0.921584
vn -0.004417 -0.299829 -0.953983
vn -0.003666 -0.323538 -0.946208
vn -0.220142 -0.320631 -0.921267
vn 0.281733 0.404289 -0.870159
vn 0.267941 -0.119592 -0.955984
vn 0.249359 -0.292632 -0.923140
vn 0.219080 -0.321186 -0.921327
vn 0.002337 -0.328375 -0.944545
vn 0.202953 -0.332496 -0.921009
vn 0.204271 -0.265858 -0.942122
vn 0.013878 -0.259659 -0.965601
vn 0.217830 -0.179695 -0.959302
vn 0.260182 0.024993 -0.965236
vn 0.025914 -0.171653 -0.984817
vn 0.043001 0.032735 -0.998539
vn -0.195394 -0.325768 -0.925039
vn -0.177901 -0.261305 -0.948721
vn -0.173873 -0.173957 -0.969282
vn -0.191047 0.028147 -0.981177
vn -0.214828 0.185399 -0.958893
vn -0.272105 0.295053 -0.915917
vn 0.047377 0.195604 -0.979538
vn 0.029113 0.305713 -0.951679
vn 0.021479 0.318885 -0.947550
vn -0.289918 0.311564 -0.904917
vn 0.288860 0.188008 -0.938729
vn 0.317379 0.296901 -0.900622
vn 0.325982 0.311950 -0.892425
vn 0.335745 0.278985 -0.899690
vn 0.018411 0.280686 -0.959623
vn 0.335006 0.263678 -0.904569
vn 0.016787 0.258212 -0.965943
vn -0.301605 0.280302 -0.911299
vn -0.304681 0.254799 -0.917740
vn -0.314421 0.243840 -0.917432
vn 0.008828 0.253553 -0.967281
vn 0.002009 0.261420 -0.965223
vn -0.321466 0.264158 -0.909330
vn 0.329267 0.263100 -0.906842
vn 0.326439 0.263083 -0.907868
vn 0.329991 0.244586 -0.911748
vn 0.003835 0.255453 -0.966814
vn 0.338772 0.179346 -0.923617
vn 0.010800 0.196450 -0.980454
vn -0.317959 0.277906 -0.906460
vn -0.312593 0.230151 -0.921583
vn -0.303552 0.153061 -0.940441
vn 0.019746 0.115965 -0.993057
vn 0.029183 0.083625 -0.996070
vn -0.289734 0.114632 -0.950218
vn 0.346651 0.097730 -0.932889
vn 0.351616 0.068248 -0.933653
vn 0.033415 -0.205228 -0.978144
vn 0.346321 -0.215879 -0.912939
vn 0.299828 -0.469445 -0.830497
vn 0.029790 -0.474414 -0.879798
vn -0.280673 -0.203611 -0.937958
vn -0.243191 -0.459728 -0.854113
vn 0.384828 0.865063 -0.321829
vn 0.643855 0.693567 -0.323133
vn 0.019305 0.953459 -0.300905
vn 0.025715 0.993211 -0.113448
vn 0.359343 0.922627 -0.140111
vn 0.659762 0.732011 -0.169923
vn -0.345842 0.880934 -0.323029
vn -0.610649 0.720225 -0.329218
vn -0.620255 0.762672 -0.183344
vn -0.306652 0.939652 -0.151718
vn -0.251486 0.963368 0.093149
vn 0.043787 0.991057 0.126051
vn -0.613651 0.786537 0.069226
vn 0.333661 0.936403 0.108722
vn 0.663867 0.742775 0.086985
vn -0.880961 0.391032 -0.266461
vn -0.966776 0.144817 -0.210647
vn -0.989291 0.125323 -0.074815
vn -0.907905 0.397271 -0.133732
vn -0.769202 -0.637910 -0.037414
vn -0.927955 -0.359848 -0.097001
vn -0.447723 -0.894167 -0.003288
vn -0.458356 -0.888125 0.033829
vn -0.753910 -0.655893 0.037743
vn -0.916023 -0.400944 0.012112
vn -0.715658 -0.665842 0.210920
vn -0.863822 -0.439841 0.245664
vn -0.448830 -0.880851 0.150510
vn -0.914928 0.374942 0.149418
vn -0.971716 0.104467 0.211789
vn -0.103975 -0.994578 0.001914
vn 0.000000 -1.000000 0.000000
vn 0.000000 -1.000000 0.000000
vn -0.110794 -0.993805 0.008698
vn 0.106623 -0.994295 0.002965
vn 0.473802 -0.880628 0.002433
vn 0.500257 -0.865390 0.029030
vn 0.118729 -0.992894 0.008099
vn 0.130621 -0.983891 0.122050
vn 0.000405 -0.992010 0.126160
vn 0.497464 -0.856295 0.138882
vn -0.119550 -0.985601 0.119574
vn 0.806834 -0.590149 -0.027265
vn 0.944817 -0.315802 -0.087121
vn 0.938250 -0.345589 -0.015945
vn 0.802167 -0.596699 0.021878
vn 0.991006 -0.030112 -0.130387
vn 0.986649 -0.051180 -0.154609
vn 0.977358 0.096199 -0.188458
vn 0.991517 0.101247 -0.081508
vn 0.996035 -0.065547 -0.060143
vn 0.981770 -0.057405 0.181200
vn 0.909277 -0.372331 0.185970
vn 0.976470 0.126335 0.174776
vn 0.819218 -0.012355 0.573349
vn 0.775963 -0.607325 0.170406
vn -0.380005 0.924983 -0.001725
vn -0.326986 0.881610 -0.340359
vn 0.001308 0.999993 0.003393
vn 0.005778 0.920151 -0.391521
vn 0.928218 -0.031948 -0.370661
vn 0.709070 -0.025933 -0.704662
vn 0.986606 -0.029959 -0.160349
vn 0.995783 -0.023475 -0.088685
vn 0.500557 0.046287 0.864466
vn 0.053971 0.059393 0.996775
vn -0.396839 -0.017161 0.917728
vn -0.756348 -0.110720 0.644731
vn -0.997790 0.031806 -0.058348
vn -0.991765 -0.002796 -0.128039
vn -0.983954 0.046006 -0.172390
vn -0.896895 0.042317 -0.440215
vn -0.645415 0.028048 -0.763317
vn -0.284346 0.009674 -0.958673
vn 0.034229 -0.005949 -0.999396
vn 0.354757 -0.017037 -0.934803
vn -0.984888 -0.047528 -0.166544
vn -0.995384 -0.089887 -0.033636
vn -0.961898 -0.126882 0.242183
vn 0.908608 0.338182 -0.245080
vn 0.927749 0.351598 -0.125144
vn 0.928827 0.342086 0.142326
vn 0.323429 0.889935 0.321573
vn 0.380035 0.924971 -0.001630
vn 0.378426 0.925600 0.007644
vn 0.332789 0.884018 -0.328275
vn 0.327124 0.881851 -0.339602
vn -0.003962 0.920133 -0.391586
vn -0.332749 0.883740 -0.329063
vn -0.003055 0.926311 0.376747
vn -0.323219 0.889769 0.322244
vn 0.312457 0.892515 0.325250
s 1
g LegsMesh
usemtl lambert2SG
f 386/383/383 787/384/384 987/385/385 790/1388/386
f 787/384/384 385/387/387 788/388/388 987/385/385
f 987/385/385 788/388/388 384/389/389 789/390/390
f 790/1388/386 987/385/385 789/390/390 383/1384/391
f 385/387/387 791/392/392 988/393/393 788/388/388
f 791/392/392 388/394/394 792/395/395 988/393/393
f 988/393/393 792/395/395 387/396/396 793/397/397
f 788/388/388 988/393/393 793/397/397 384/389/389
f 384/389/389 793/397/397 989/398/398 796/399/399
f 793/397/397 387/396/396 794/400/400 989/398/398
f 989/398/398 794/400/400 390/401/401 795/1387/402
f 796/399/399 989/398/398 795/1387/402 389/1386/403
f 383/1384/391 789/390/390 990/404/404 798/1383/405
f 789/390/390 384/389/389 796/399/399 990/404/404
f 990/404/404 796/399/399 389/1386/403 797/1385/406
f 798/1383/405 990/404/404 797/1385/406 391/1369/407
f 395/408/408 799/409/409 991/410/410 802/411/411
f 799/409/409 394/412/412 800/413/413 991/410/410
f 991/410/410 800/413/413 1187/414/414 1188/415/415
f 802/411/411 991/410/410 1188/415/415 1189/416/416
f 394/412/412 803/417/417 992/418/418 800/413/413
f 803/417/417 397/419/419 804/420/420 992/418/418
f 992/418/418 804/420/420 1201/421/421 1202/422/422
f 800/413/413 992/418/418 1202/422/422 1187/414/414
f 393/423/423 805/424/424 1220/425/425 1221/426/426
f 805/424/424 396/427/427 1219/428/428 1220/425/425
f 993/429/429 806/430/430 1251/431/431 1252/432/432
f 808/433/433 993/429/429 1252/432/432 1253/434/434
f 392/435/435 801/436/436 1222/437/437 1223/438/438
f 801/436/436 393/423/423 1221/426/426 1222/437/437
f 994/439/439 808/433/433 1253/434/434 1254/440/440
f 810/441/441 994/439/439 1254/440/440 1255/442/442
f 400/443/443 809/444/444 1284/445/445 1285/446/446
f 809/444/444 398/447/447 1283/448/448 1284/445/445
f 995/449/449 811/450/450 402/451/451 812/452/452
f 813/453/453 995/449/449 812/452/452 401/454/454
f 398/447/447 807/455/455 1298/456/456 1283/448/448
f 807/455/455 399/457/457 1297/458/458 1298/456/456
f 996/459/459 814/460/460 403/461/461 815/462/462
f 811/450/450 996/459/459 815/462/462 402/451/451
f 402/451/451 815/462/462 997/463/463 818/464/464
f 815/462/462 403/461/461 816/465/465 997/463/463
f 997/463/463 816/465/465 405/466/466 817/467/467
f 818/464/464 997/463/463 817/467/467 404/468/468
f 401/454/454 812/452/452 998/469/469 820/470/470
f 812/452/452 402/451/451 818/464/464 998/469/469
f 998/469/469 818/464/464 404/468/468 819/471/471
f 820/470/470 998/469/469 819/471/471 406/472/472
f 406/472/472 819/471/471 999/473/473 823/474/474
f 819/471/471 404/468/468 821/475/475 999/473/473
f 999/473/473 821/475/475 408/476/476 822/477/477
f 823/474/474 999/473/473 822/477/477 407/478/478
f 404/468/468 817/467/467 1000/479/479 821/475/475
f 817/467/467 405/466/466 824/480/480 1000/479/479
f 1000/479/479 824/480/480 409/481/481 825/482/482
f 821/475/475 1000/479/479 825/482/482 408/476/476
f 408/476/476 825/482/482 1001/483/483 828/484/484
f 825/482/482 409/481/481 826/485/485 1001/483/483
f 1001/483/483 826/485/485 411/486/486 827/487/487
f 828/484/484 1001/483/483 827/487/487 410/488/488
f 407/478/478 822/477/477 1002/489/489 830/490/490
f 822/477/477 408/476/476 828/484/484 1002/489/489
f 1002/489/489 828/484/484 410/488/488 829/491/491
f 830/490/490 1002/489/489 829/491/491 412/492/492
f 412/492/492 829/491/491 1003/493/493 833/494/494
f 829/491/491 410/488/488 831/495/495 1003/493/493
f 1003/493/493 831/495/495 472/496/496 832/497/497
f 833/494/494 1003/493/493 832/497/497 473/498/498
f 410/488/488 827/487/487 1004/499/499 831/495/495
f 827/487/487 411/486/486 834/500/500 1004/499/499
f 1004/499/499 834/500/500 474/501/501 835/502/502
f 831/495/495 1004/499/499 835/502/502 472/496/496
f 414/503/503 836/504/504 1005/505/505 838/506/506
f 836/504/504 415/507/507 837/508/508 1005/505/505
f 1005/505/505 837/508/508 388/394/394 791/392/392
f 838/506/506 1005/505/505 791/392/392 385/387/387
f 413/509/509 839/510/510 1006/511/511 840/512/512
f 839/510/510 414/503/503 838/506/506 1006/511/511
f 1006/511/511 838/506/506 385/387/387 787/384/384
f 840/512/512 1006/511/511 787/384/384 386/383/383
f 397/419/419 841/513/513 1007/514/514 804/420/420
f 841/513/513 417/515/515 842/516/516 1007/514/514
f 1007/514/514 842/516/516 1199/517/517 1200/518/518
f 804/420/420 1007/514/514 1200/518/518 1201/421/421
f 417/515/515 844/519/519 1008/520/520 842/516/516
f 844/519/519 419/521/521 845/522/522 1008/520/520
f 1008/520/520 845/522/522 1197/523/523 1198/524/524
f 842/516/516 1008/520/520 1198/524/524 1199/517/517
f 416/525/525 846/526/526 1232/527/527 1233/528/528
f 846/526/526 418/529/529 1231/530/530 1232/527/527
f 1009/531/531 847/532/532 1263/533/533 1264/534/534
f 849/535/535 1009/531/531 1264/534/534 1265/536/536
f 396/427/427 843/537/537 1234/538/538 1219/428/428
f 843/537/537 416/525/525 1233/528/528 1234/538/538
f 1010/539/539 849/535/535 1265/536/536 1266/540/540
f 806/430/430 1010/539/539 1266/540/540 1251/431/431
f 399/457/457 850/541/541 1296/542/542 1297/458/458
f 850/541/541 420/543/543 1295/544/544 1296/542/542
f 1011/545/545 851/546/546 422/547/547 852/548/548
f 814/460/460 1011/545/545 852/548/548 403/461/461
f 420/543/543 848/549/549 1294/550/550 1295/544/544
f 848/549/549 421/551/551 1293/552/552 1294/550/550
f 1012/553/553 853/554/554 423/555/555 854/556/556
f 851/546/546 1012/553/553 854/556/556 422/547/547
f 422/547/547 854/556/556 1013/557/557 857/558/558
f 854/556/556 423/555/555 855/559/559 1013/557/557
f 1013/557/557 855/559/559 425/560/560 856/561/561
f 857/558/558 1013/557/557 856/561/561 424/562/562
f 403/461/461 852/548/548 1014/563/563 816/465/465
f 852/548/548 422/547/547 857/558/558 1014/563/563
f 1014/563/563 857/558/558 424/562/562 858/564/564
f 816/465/465 1014/563/563 858/564/564 405/466/466
f 405/466/466 858/564/564 1015/565/565 824/480/480
f 858/564/564 424/562/562 859/566/566 1015/565/565
f 1015/565/565 859/566/566 426/567/567 860/568/568
f 824/480/480 1015/565/565 860/568/568 409/481/481
f 424/562/562 856/561/561 1016/569/569 859/566/566
f 856/561/561 425/560/560 861/570/570 1016/569/569
f 1016/569/569 861/570/570 427/571/571 862/572/572
f 859/566/566 1016/569/569 862/572/572 426/567/567
f 426/567/567 862/572/572 1017/573/573 865/574/574
f 862/572/572 427/571/571 863/575/575 1017/573/573
f 1017/573/573 863/575/575 429/576/576 864/577/577
f 865/574/574 1017/573/573 864/577/577 428/578/578
f 409/481/481 860/568/568 1018/579/579 826/485/485
f 860/568/568 426/567/567 865/574/574 1018/579/579
f 1018/579/579 865/574/574 428/578/578 866/580/580
f 826/485/485 1018/579/579 866/580/580 411/486/486
f 433/581/581 867/582/582 1019/583/583 870/584/584
f 867/582/582 432/585/585 868/586/586 1019/583/583
f 1019/583/583 868/586/586 475/587/587 869/588/588
f 870/584/584 1019/583/583 869/588/588 476/589/589
f 432/585/585 871/590/590 1020/591/591 868/586/586
f 871/590/590 435/592/592 872/593/593 1020/591/591
f 1020/591/591 872/593/593 477/594/594 873/595/595
f 868/586/586 1020/591/591 873/595/595 475/587/587
f 431/596/596 874/597/597 1021/598/598 877/599/599
f 874/597/597 434/600/600 875/601/601 1021/598/598
f 1021/598/598 875/601/601 437/602/602 876/1382/603
f 877/599/599 1021/598/598 876/1382/603 436/1381/604
f 430/605/605 878/606/606 1022/607/607 880/608/608
f 878/606/606 431/596/596 877/599/599 1022/607/607
f 1022/607/607 877/599/599 436/1381/604 879/1380/609
f 880/608/608 1022/607/607 879/1380/609 438/610/610
f 419/521/521 881/611/611 1023/612/612 845/522/522
f 881/611/611 440/613/613 882/614/614 1023/612/612
f 1023/612/612 882/614/614 1195/615/615 1196/616/616
f 845/522/522 1023/612/612 1196/616/616 1197/523/523
f 440/613/613 884/617/617 1024/618/618 882/614/614
f 884/617/617 442/619/619 885/1379/620 1024/618/618
f 1024/618/618 885/1379/620 1193/621/621 1194/622/622
f 882/614/614 1024/618/618 1194/622/622 1195/615/615
f 439/623/623 886/624/624 1228/625/625 1229/626/626
f 886/624/624 441/627/627 1227/628/628 1228/625/625
f 1025/629/629 887/630/630 1259/631/631 1260/632/632
f 889/633/633 1025/629/629 1260/632/632 1261/634/634
f 418/529/529 883/635/635 1230/636/636 1231/530/530
f 883/635/635 439/623/623 1229/626/626 1230/636/636
f 1026/637/637 889/633/633 1261/634/634 1262/638/638
f 847/532/532 1026/637/637 1262/638/638 1263/533/533
f 421/551/551 890/639/639 1292/640/640 1293/552/552
f 890/639/639 443/641/641 1291/642/642 1292/640/640
f 1027/643/643 891/644/644 445/645/645 892/646/646
f 853/554/554 1027/643/643 892/646/646 423/555/555
f 443/641/641 888/647/647 1290/648/648 1291/642/642
f 888/647/647 444/649/649 1289/650/650 1290/648/648
f 1028/651/651 893/652/652 446/1378/653 894/654/654
f 891/644/644 1028/651/651 894/654/654 445/645/645
f 445/645/645 894/654/654 1029/655/655 897/656/656
f 894/654/654 446/1378/653 895/1377/657 1029/655/655
f 1029/655/655 895/1377/657 448/1376/658 896/659/659
f 897/656/656 1029/655/655 896/659/659 447/660/660
f 423/555/555 892/646/646 1030/661/661 855/559/559
f 892/646/646 445/645/645 897/656/656 1030/661/661
f 1030/661/661 897/656/656 447/660/660 898/662/662
f 855/559/559 1030/661/661 898/662/662 425/560/560
f 425/560/560 898/662/662 1031/663/663 861/570/570
f 898/662/662 447/660/660 899/664/664 1031/663/663
f 1031/663/663 899/664/664 449/665/665 900/666/666
f 861/570/570 1031/663/663 900/666/666 427/571/571
f 447/660/660 896/659/659 1032/667/667 899/664/664
f 896/659/659 448/1376/658 901/1375/668 1032/667/667
f 1032/667/667 901/1375/668 450/1374/669 902/670/670
f 899/664/664 1032/667/667 902/670/670 449/665/665
f 449/665/665 902/670/670 1033/671/671 905/672/672
f 902/670/670 450/1374/669 903/1373/673 1033/671/671
f 1033/671/671 903/1373/673 452/1372/674 904/675/675
f 905/672/672 1033/671/671 904/675/675 451/676/676
f 427/571/571 900/666/666 1034/677/677 863/575/575
f 900/666/666 449/665/665 905/672/672 1034/677/677
f 1034/677/677 905/672/672 451/676/676 906/678/678
f 863/575/575 1034/677/677 906/678/678 429/576/576
f 429/576/576 906/678/678 1035/679/679 909/680/680
f 906/678/678 451/676/676 907/681/681 1035/679/679
f 1035/679/679 907/681/681 478/682/682 908/683/683
f 909/680/680 1035/679/679 908/683/683 479/684/684
f 451/676/676 904/675/675 1036/685/685 907/681/681
f 904/675/675 452/1372/674 910/1371/686 1036/685/685
f 1036/685/685 910/1371/686 480/1362/687 911/688/688
f 907/681/681 1036/685/685 911/688/688 478/682/682
f 454/689/689 912/690/690 1037/691/691 914/692/692
f 912/690/690 455/693/693 913/1368/694 1037/691/691
f 1037/691/691 913/1368/694 391/407/407 797/406/406
f 914/692/692 1037/691/691 797/406/406 389/403/403
f 453/695/695 915/696/696 1038/697/697 916/698/698
f 915/696/696 454/689/689 914/692/692 1038/697/697
f 1038/697/697 914/692/692 389/403/403 795/402/402
f 916/698/698 1038/697/697 795/402/402 390/1367/401
f 442/619/619 917/699/699 1039/700/700 885/620/620
f 917/699/699 457/701/701 918/702/702 1039/700/700
f 1039/700/700 918/702/702 1191/703/703 1192/704/704
f 885/620/620 1039/700/700 1192/704/704 1193/1329/621
f 457/701/701 920/705/705 1040/706/706 918/702/702
f 920/705/705 395/408/408 802/411/411 1040/706/706
f 1040/706/706 802/411/411 1189/416/416 1190/707/707
f 918/702/702 1040/706/706 1190/707/707 1191/703/703
f 456/708/708 921/709/709 1224/710/710 1225/711/711
f 921/709/709 392/435/435 1223/438/438 1224/710/710
f 1041/712/712 810/441/441 1255/442/442 1256/713/713
f 923/714/714 1041/712/712 1256/713/713 1257/715/715
f 441/1330/627 919/716/716 1226/717/717 1227/1325/628
f 919/716/716 456/708/708 1225/711/711 1226/717/717
f 1042/718/718 923/714/714 1257/715/715 1258/719/719
f 887/1326/630 1042/718/718 1258/719/719 1259/1321/631
f 444/1322/649 924/720/720 1288/721/721 1289/1317/650
f 924/720/720 458/722/722 1287/723/723 1288/721/721
f 1043/724/724 925/725/725 459/726/726 926/727/727
f 893/1318/652 1043/724/724 926/727/727 446/653/653
f 458/722/722 922/728/728 1286/729/729 1287/723/723
f 922/728/728 400/443/443 1285/446/446 1286/729/729
f 1044/730/730 813/453/453 401/454/454 927/731/731
f 925/725/725 1044/730/730 927/731/731 459/726/726
f 459/726/726 927/731/731 1045/732/732 929/733/733
f 927/731/731 401/454/454 820/470/470 1045/732/732
f 1045/732/732 820/470/470 406/472/472 928/734/734
f 929/733/733 1045/732/732 928/734/734 460/735/735
f 446/653/653 926/727/727 1046/736/736 895/657/657
f 926/727/727 459/726/726 929/733/733 1046/736/736
f 1046/736/736 929/733/733 460/735/735 930/737/737
f 895/657/657 1046/736/736 930/737/737 448/658/658
f 448/658/658 930/737/737 1047/738/738 901/668/668
f 930/737/737 460/735/735 931/739/739 1047/738/738
f 1047/738/738 931/739/739 461/740/740 932/741/741
f 901/668/668 1047/738/738 932/741/741 450/669/669
f 460/735/735 928/734/734 1048/742/742 931/739/739
f 928/734/734 406/472/472 823/474/474 1048/742/742
f 1048/742/742 823/474/474 407/478/478 933/743/743
f 931/739/739 1048/742/742 933/743/743 461/740/740
f 461/740/740 933/743/743 1049/744/744 935/745/745
f 933/743/743 407/478/478 830/490/490 1049/744/744
f 1049/744/744 830/490/490 412/492/492 934/746/746
f 935/745/745 1049/744/744 934/746/746 462/747/747
f 450/669/669 932/741/741 1050/748/748 903/673/673
f 932/741/741 461/740/740 935/745/745 1050/748/748
f 1050/748/748 935/745/745 462/747/747 936/749/749
f 903/673/673 1050/748/748 936/749/749 452/674/674
f 452/674/674 936/749/749 1051/750/750 910/686/686
f 936/749/749 462/747/747 937/751/751 1051/750/750
f 1051/750/750 937/751/751 481/752/752 938/753/753
f 910/686/686 1051/750/750 938/753/753 480/687/687
f 462/747/747 934/746/746 1052/754/754 937/751/751
f 934/746/746 412/492/492 833/494/494 1052/754/754
f 1052/754/754 833/494/494 473/498/498 939/755/755
f 937/751/751 1052/754/754 939/755/755 481/752/752
f 463/756/756 940/757/757 1053/758/758 941/759/759
f 940/757/757 413/509/509 840/512/512 1053/758/758
f 1053/758/758 840/512/512 386/383/383 790/386/386
f 941/759/759 1053/758/758 790/386/386 383/391/391
f 455/1361/693 942/760/760 1054/761/761 913/694/694
f 942/760/760 463/756/756 941/759/759 1054/761/761
f 1054/761/761 941/759/759 383/391/391 798/405/405
f 913/694/694 1054/761/761 798/405/405 391/1370/407
f 411/486/486 866/580/580 1055/762/762 945/763/763
f 866/580/580 428/578/578 943/764/764 1055/762/762
f 1055/762/762 943/764/764 465/765/765 944/766/766
f 945/763/763 1055/762/762 944/766/766 464/767/767
f 428/578/578 864/577/577 1056/768/768 943/764/764
f 864/577/577 429/576/576 946/769/769 1056/768/768
f 1056/768/768 946/769/769 466/770/770 947/771/771
f 943/764/764 1056/768/768 947/771/771 465/765/765
f 465/765/765 947/771/771 1057/772/772 949/773/773
f 947/771/771 466/770/770 948/774/774 1057/772/772
f 1057/772/772 948/774/774 435/592/592 871/590/590
f 949/773/773 1057/772/772 871/590/590 432/585/585
f 464/767/767 944/766/766 1058/775/775 950/776/776
f 944/766/766 465/765/765 949/773/773 1058/775/775
f 1058/775/775 949/773/773 432/585/585 867/582/582
f 950/776/776 1058/775/775 867/582/582 433/581/581
f 429/576/576 909/680/680 1059/777/777 946/769/769
f 909/680/680 479/684/684 951/778/778 1059/777/777
f 1059/777/777 951/778/778 482/779/779 952/780/780
f 946/769/769 1059/777/777 952/780/780 466/770/770
f 453/695/695 916/698/698 1060/781/781 955/782/782
f 916/698/698 390/1367/401 953/1366/783 1060/781/781
f 1060/781/781 953/1366/783 468/1365/784 954/785/785
f 955/782/782 1060/781/781 954/785/785 467/786/786
f 467/786/786 954/785/785 1061/787/787 957/788/788
f 954/785/785 468/1365/784 956/1363/789 1061/787/787
f 1061/787/787 956/1363/789 437/602/602 875/601/601
f 957/788/788 1061/787/787 875/601/601 434/600/600
f 466/770/770 952/780/780 1062/790/790 948/774/774
f 952/780/780 482/779/779 958/791/791 1062/790/790
f 1062/790/790 958/791/791 477/594/594 872/593/593
f 948/774/774 1062/790/790 872/593/593 435/592/592
f 390/401/401 794/400/400 1063/792/792 953/783/783
f 794/400/400 387/396/396 959/793/793 1063/792/792
f 1063/792/792 959/793/793 469/794/794 960/795/795
f 953/783/783 1063/792/792 960/795/795 468/784/784
f 387/396/396 792/395/395 1064/796/796 959/793/793
f 792/395/395 388/394/394 961/797/797 1064/796/796
f 1064/796/796 961/797/797 470/798/798 962/799/799
f 959/793/793 1064/796/796 962/799/799 469/794/794
f 469/794/794 962/799/799 1065/800/800 964/801/801
f 962/799/799 470/798/798 963/802/802 1065/800/800
f 1065/800/800 963/802/802 438/610/610 879/609/609
f 964/801/801 1065/800/800 879/609/609 436/604/604
f 468/784/784 960/795/795 1066/803/803 956/789/789
f 960/795/795 469/794/794 964/801/801 1066/803/803
f 1066/803/803 964/801/801 436/604/604 876/603/603
f 956/789/789 1066/803/803 876/603/603 437/1364/602
f 388/394/394 837/508/508 1067/804/804 961/797/797
f 837/508/508 415/507/507 965/805/805 1067/804/804
f 1067/804/804 965/805/805 471/806/806 966/807/807
f 961/797/797 1067/804/804 966/807/807 470/798/798
f 415/507/507 967/808/808 1068/809/809 965/805/805
f 967/808/808 474/501/501 968/810/810 1068/809/809
f 1068/809/809 968/810/810 483/811/811 969/812/812
f 965/805/805 1068/809/809 969/812/812 471/806/806
f 471/806/806 969/812/812 1069/813/813 972/814/814
f 969/812/812 483/811/811 970/815/815 1069/813/813
f 1069/813/813 970/815/815 476/589/589 971/816/816
f 972/814/814 1069/813/813 971/816/816 430/605/605
f 470/798/798 966/807/807 1070/817/817 963/802/802
f 966/807/807 471/806/806 972/814/814 1070/817/817
f 1070/817/817 972/814/814 430/605/605 880/608/608
f 963/802/802 1070/817/817 880/608/608 438/610/610
f 417/515/515 973/818/818 1071/819/819 844/519/519
f 973/818/818 585/820/820 974/821/821 1071/819/819
f 1071/819/819 974/821/821 440/613/613 881/611/611
f 844/519/519 1071/819/819 881/611/611 419/521/521
f 473/498/498 832/497/497 1072/822/822 976/823/823
f 832/497/497 472/496/496 975/824/824 1072/822/822
f 1072/822/822 975/824/824 414/503/503 839/510/510
f 976/823/823 1072/822/822 839/510/510 413/509/509
f 472/496/496 835/502/502 1073/825/825 975/824/824
f 835/502/502 474/501/501 967/808/808 1073/825/825
f 1073/825/825 967/808/808 415/507/507 836/504/504
f 975/824/824 1073/825/825 836/504/504 414/503/503
f 476/589/589 869/588/588 1074/826/826 971/816/816
f 869/588/588 475/587/587 977/827/827 1074/826/826
f 1074/826/826 977/827/827 431/596/596 878/606/606
f 971/816/816 1074/826/826 878/606/606 430/605/605
f 475/587/587 873/595/595 1075/828/828 977/827/827
f 873/595/595 477/594/594 978/829/829 1075/828/828
f 1075/828/828 978/829/829 434/600/600 874/597/597
f 977/827/827 1075/828/828 874/597/597 431/596/596
f 479/684/684 908/683/683 1076/830/830 980/831/831
f 908/683/683 478/682/682 979/832/832 1076/830/830
f 1076/830/830 979/832/832 454/689/689 915/696/696
f 980/831/831 1076/830/830 915/696/696 453/695/695
f 478/682/682 911/688/688 1077/833/833 979/832/832
f 911/688/688 480/1362/687 981/1360/834 1077/833/833
f 1077/833/833 981/1360/834 455/693/693 912/690/690
f 979/832/832 1077/833/833 912/690/690 454/689/689
f 480/687/687 938/753/753 1078/835/835 981/834/834
f 938/753/753 481/752/752 982/836/836 1078/835/835
f 1078/835/835 982/836/836 463/756/756 942/760/760
f 981/834/834 1078/835/835 942/760/760 455/1361/693
f 481/752/752 939/755/755 1079/837/837 982/836/836
f 939/755/755 473/498/498 976/823/823 1079/837/837
f 1079/837/837 976/823/823 413/509/509 940/757/757
f 982/836/836 1079/837/837 940/757/757 463/756/756
f 479/684/684 980/831/831 1080/838/838 951/778/778
f 980/831/831 453/695/695 955/782/782 1080/838/838
f 1080/838/838 955/782/782 467/786/786 983/839/839
f 951/778/778 1080/838/838 983/839/839 482/779/779
f 482/779/779 983/839/839 1081/840/840 958/791/791
f 983/839/839 467/786/786 957/788/788 1081/840/840
f 1081/840/840 957/788/788 434/600/600 978/829/829
f 958/791/791 1081/840/840 978/829/829 477/594/594
f 474/501/501 834/500/500 1082/841/841 968/810/810
f 834/500/500 411/486/486 945/763/763 1082/841/841
f 1082/841/841 945/763/763 464/767/767 984/842/842
f 968/810/810 1082/841/841 984/842/842 483/811/811
f 483/811/811 984/842/842 1083/843/843 970/815/815
f 984/842/842 464/767/767 950/776/776 1083/843/843
f 1083/843/843 950/776/776 433/581/581 870/584/584
f 970/815/815 1083/843/843 870/584/584 476/589/589
s 11
f 487/1343/844 985/1359/845 1084/846/846 588/1358/847
f 985/1359/845 486/1357/848 986/849/849 1084/846/846
f 1084/846/846 986/849/849 485/850/850 587/851/851
f 588/1358/847 1084/846/846 587/851/851 484/1355/852
f 486/1357/848 589/1356/853 1085/854/854 986/849/849
f 589/1356/853 489/1338/855 590/856/856 1085/854/854
f 1085/854/854 590/856/856 488/857/857 591/858/858
f 986/849/849 1085/854/854 591/858/858 485/850/850
f 485/850/850 591/858/858 1086/859/859 594/860/860
f 591/858/858 488/857/857 592/861/861 1086/859/859
f 1086/859/859 592/861/861 491/862/862 593/863/863
f 594/860/860 1086/859/859 593/863/863 490/864/864
f 484/1355/852 587/851/851 1087/865/865 596/1354/866
f 587/851/851 485/850/850 594/860/860 1087/865/865
f 1087/865/865 594/860/860 490/864/864 595/867/867
f 596/1354/866 1087/865/865 595/867/867 492/868/868
f 496/869/869 597/870/870 1088/871/871 600/872/872
f 597/870/870 495/873/873 598/874/874 1088/871/871
f 1210/875/875 1211/876/876 494/877/877 599/878/878
f 1209/879/879 1210/875/875 599/878/878 493/880/880
f 495/873/873 601/881/881 1089/882/882 598/874/874
f 601/881/881 498/883/883 602/884/884 1089/882/882
f 1212/885/885 1213/886/886 497/887/887 603/888/888
f 1211/876/876 1212/885/885 603/888/888 494/877/877
f 1245/889/889 1246/890/890 1090/891/891 606/892/892
f 1246/890/890 1247/893/893 604/894/894 1090/891/891
f 1278/895/895 1279/896/896 500/897/897 605/898/898
f 1277/899/899 1278/895/895 605/898/898 499/900/900
f 1243/901/901 1244/902/902 1091/903/903 608/904/904
f 1244/902/902 1245/889/889 606/892/892 1091/903/903
f 1276/905/905 1277/899/899 499/900/900 607/906/906
f 1275/907/907 1276/905/905 607/906/906 501/908/908
f 1305/909/909 1306/910/910 1092/911/911 611/1353/912
f 1306/910/910 1307/913/913 609/914/914 1092/911/911
f 1092/911/911 609/914/914 503/915/915 610/916/916
f 611/1353/912 1092/911/911 610/916/916 502/1352/917
f 1307/913/913 1308/918/918 1093/919/919 609/914/914
f 1308/918/918 1309/920/920 612/921/921 1093/919/919
f 1093/919/919 612/921/921 504/922/922 613/923/923
f 609/914/914 1093/919/919 613/923/923 503/915/915
f 503/915/915 613/923/923 1094/924/924 616/925/925
f 613/923/923 504/922/922 614/926/926 1094/924/924
f 1094/924/924 614/926/926 506/927/927 615/928/928
f 616/925/925 1094/924/924 615/928/928 505/929/929
f 502/1352/917 610/916/916 1095/930/930 618/1351/931
f 610/916/916 503/915/915 616/925/925 1095/930/930
f 1095/930/930 616/925/925 505/929/929 617/932/932
f 618/1351/931 1095/930/930 617/932/932 507/1350/933
f 507/1350/933 617/932/932 1096/934/934 621/1349/935
f 617/932/932 505/929/929 619/936/936 1096/934/934
f 1096/934/934 619/936/936 509/937/937 620/938/938
f 621/1349/935 1096/934/934 620/938/938 508/1348/939
f 505/929/929 615/928/928 1097/940/940 619/936/936
f 615/928/928 506/927/927 622/941/941 1097/940/940
f 1097/940/940 622/941/941 510/942/942 623/943/943
f 619/936/936 1097/940/940 623/943/943 509/937/937
f 509/937/937 623/943/943 1098/944/944 626/945/945
f 623/943/943 510/942/942 624/946/946 1098/944/944
f 1098/944/944 624/946/946 512/947/947 625/948/948
f 626/945/945 1098/944/944 625/948/948 511/949/949
f 508/1348/939 620/938/938 1099/950/950 628/1347/951
f 620/938/938 509/937/937 626/945/945 1099/950/950
f 1099/950/950 626/945/945 511/949/949 627/952/952
f 628/1347/951 1099/950/950 627/952/952 513/1346/953
f 513/1346/953 627/952/952 1100/954/954 631/1345/955
f 627/952/952 511/949/949 629/956/956 1100/954/954
f 1100/954/954 629/956/956 573/957/957 630/958/958
f 631/1345/955 1100/954/954 630/958/958 574/959/959
f 511/949/949 625/948/948 1101/960/960 629/956/956
f 625/948/948 512/947/947 632/961/961 1101/960/960
f 1101/960/960 632/961/961 575/962/962 633/963/963
f 629/956/956 1101/960/960 633/963/963 573/957/957
f 515/964/964 634/965/965 1102/966/966 636/967/967
f 634/965/965 516/968/968 635/969/969 1102/966/966
f 1102/966/966 635/969/969 489/855/855 589/853/853
f 636/967/967 1102/966/966 589/853/853 486/848/848
f 514/1333/970 637/971/971 1103/972/972 638/1342/973
f 637/971/971 515/964/964 636/967/967 1103/972/972
f 1103/972/972 636/967/967 486/848/848 985/845/845
f 638/1342/973 1103/972/972 985/845/845 487/1344/844
f 498/883/883 639/974/974 1104/975/975 602/884/884
f 639/974/974 518/976/976 640/977/977 1104/975/975
f 1214/978/978 1215/979/979 517/980/980 641/981/981
f 1213/886/886 1214/978/978 641/981/981 497/887/887
f 518/976/976 642/982/982 1105/983/983 640/977/977
f 642/982/982 520/984/984 643/985/985 1105/983/983
f 1216/986/986 1217/987/987 519/988/988 644/989/989
f 1215/979/979 1216/986/986 644/989/989 517/980/980
f 1249/990/990 1250/991/991 1106/992/992 647/993/993
f 1250/991/991 1235/994/994 645/995/995 1106/992/992
f 1282/996/996 1267/997/997 522/998/998 646/999/999
f 1281/1000/1000 1282/996/996 646/999/999 521/1001/1001
f 1247/893/893 1248/1002/1002 1107/1003/1003 604/894/894
f 1248/1002/1002 1249/990/990 647/993/993 1107/1003/1003
f 1280/1004/1004 1281/1000/1000 521/1001/1001 648/1005/1005
f 1279/896/896 1280/1004/1004 648/1005/1005 500/897/897
f 1309/920/920 1310/1006/1006 1108/1007/1007 612/921/921
f 1310/1006/1006 1311/1008/1008 649/1009/1009 1108/1007/1007
f 1108/1007/1007 649/1009/1009 523/1010/1010 650/1011/1011
f 612/921/921 1108/1007/1007 650/1011/1011 504/922/922
f 1311/1008/1008 1312/1012/1012 1109/1013/1013 649/1009/1009
f 1312/1012/1012 1313/1014/1014 651/1015/1015 1109/1013/1013
f 1109/1013/1013 651/1015/1015 524/1016/1016 652/1017/1017
f 649/1009/1009 1109/1013/1013 652/1017/1017 523/1010/1010
f 523/1010/1010 652/1017/1017 1110/1018/1018 655/1019/1019
f 652/1017/1017 524/1016/1016 653/1020/1020 1110/1018/1018
f 1110/1018/1018 653/1020/1020 526/1021/1021 654/1022/1022
f 655/1019/1019 1110/1018/1018 654/1022/1022 525/1023/1023
f 504/922/922 650/1011/1011 1111/1024/1024 614/926/926
f 650/1011/1011 523/1010/1010 655/1019/1019 1111/1024/1024
f 1111/1024/1024 655/1019/1019 525/1023/1023 656/1025/1025
f 614/926/926 1111/1024/1024 656/1025/1025 506/927/927
f 506/927/927 656/1025/1025 1112/1026/1026 622/941/941
f 656/1025/1025 525/1023/1023 657/1027/1027 1112/1026/1026
f 1112/1026/1026 657/1027/1027 527/1028/1028 658/1029/1029
f 622/941/941 1112/1026/1026 658/1029/1029 510/942/942
f 525/1023/1023 654/1022/1022 1113/1030/1030 657/1027/1027
f 654/1022/1022 526/1021/1021 659/1031/1031 1113/1030/1030
f 1113/1030/1030 659/1031/1031 528/1032/1032 660/1033/1033
f 657/1027/1027 1113/1030/1030 660/1033/1033 527/1028/1028
f 527/1028/1028 660/1033/1033 1114/1034/1034 663/1035/1035
f 660/1033/1033 528/1032/1032 661/1036/1036 1114/1034/1034
f 1114/1034/1034 661/1036/1036 530/1037/1037 662/1038/1038
f 663/1035/1035 1114/1034/1034 662/1038/1038 529/1039/1039
f 510/942/942 658/1029/1029 1115/1040/1040 624/946/946
f 658/1029/1029 527/1028/1028 663/1035/1035 1115/1040/1040
f 1115/1040/1040 663/1035/1035 529/1039/1039 664/1041/1041
f 624/946/946 1115/1040/1040 664/1041/1041 512/947/947
f 534/1042/1042 665/1043/1043 1116/1044/1044 668/1045/1045
f 665/1043/1043 533/1046/1046 666/1047/1047 1116/1044/1044
f 1116/1044/1044 666/1047/1047 576/1048/1048 667/1049/1049
f 668/1045/1045 1116/1044/1044 667/1049/1049 577/1050/1050
f 533/1046/1046 669/1051/1051 1117/1052/1052 666/1047/1047
f 669/1051/1051 536/1053/1053 670/1054/1054 1117/1052/1052
f 1117/1052/1052 670/1054/1054 578/1055/1055 671/1056/1056
f 666/1047/1047 1117/1052/1052 671/1056/1056 576/1048/1048
f 532/1057/1057 672/1058/1058 1118/1059/1059 675/1060/1060
f 672/1058/1058 535/1061/1061 673/1062/1062 1118/1059/1059
f 1118/1059/1059 673/1062/1062 538/1063/1063 674/1341/1064
f 675/1060/1060 1118/1059/1059 674/1341/1064 537/1340/1065
f 531/1066/1066 676/1067/1067 1119/1068/1068 678/1069/1069
f 676/1067/1067 532/1057/1057 675/1060/1060 1119/1068/1068
f 1119/1068/1068 675/1060/1060 537/1340/1065 677/1339/1070
f 678/1069/1069 1119/1068/1068 677/1339/1070 539/1335/1071
f 520/984/984 679/1072/1072 1120/1073/1073 643/985/985
f 679/1072/1072 541/1074/1074 680/1075/1075 1120/1073/1073
f 1218/1076/1076 1203/1077/1077 540/1078/1078 681/1079/1079
f 1217/987/987 1218/1076/1076 681/1079/1079 519/988/988
f 541/1074/1074 682/1080/1080 1121/1081/1081 680/1075/1075
f 682/1080/1080 543/1082/1082 683/1083/1083 1121/1081/1081
f 1204/1084/1084 1205/1085/1085 542/1086/1086 684/1087/1087
f 1203/1077/1077 1204/1084/1084 684/1087/1087 540/1078/1078
f 1237/1088/1088 1238/1089/1089 1122/1090/1090 687/1091/1091
f 1238/1089/1089 1239/1092/1092 685/1093/1093 1122/1090/1090
f 1270/1094/1094 1271/1095/1095 545/1096/1096 686/1097/1097
f 1269/1098/1098 1270/1094/1094 686/1097/1097 544/1099/1099
f 1235/994/994 1236/1100/1100 1123/1101/1101 645/995/995
f 1236/1100/1100 1237/1088/1088 687/1091/1091 1123/1101/1101
f 1268/1102/1102 1269/1098/1098 544/1099/1099 688/1103/1103
f 1267/997/997 1268/1102/1102 688/1103/1103 522/998/998
f 1313/1014/1014 1314/1104/1104 1124/1105/1105 651/1015/1015
f 1314/1104/1104 1299/1106/1106 689/1107/1107 1124/1105/1105
f 1124/1105/1105 689/1107/1107 546/1108/1108 690/1109/1109
f 651/1015/1015 1124/1105/1105 690/1109/1109 524/1016/1016
f 1299/1106/1106 1300/1110/1110 1125/1111/1111 689/1107/1107
f 1300/1110/1110 1301/1112/1112 691/1113/1113 1125/1111/1111
f 1125/1111/1111 691/1113/1113 547/1114/1114 692/1115/1115
f 689/1107/1107 1125/1111/1111 692/1115/1115 546/1108/1108
f 546/1108/1108 692/1115/1115 1126/1116/1116 695/1117/1117
f 692/1115/1115 547/1114/1114 693/1118/1118 1126/1116/1116
f 1126/1116/1116 693/1118/1118 549/1119/1119 694/1120/1120
f 695/1117/1117 1126/1116/1116 694/1120/1120 548/1121/1121
f 524/1016/1016 690/1109/1109 1127/1122/1122 653/1020/1020
f 690/1109/1109 546/1108/1108 695/1117/1117 1127/1122/1122
f 1127/1122/1122 695/1117/1117 548/1121/1121 696/1123/1123
f 653/1020/1020 1127/1122/1122 696/1123/1123 526/1021/1021
f 526/1021/1021 696/1123/1123 1128/1124/1124 659/1031/1031
f 696/1123/1123 548/1121/1121 697/1125/1125 1128/1124/1124
f 1128/1124/1124 697/1125/1125 550/1126/1126 698/1127/1127
f 659/1031/1031 1128/1124/1124 698/1127/1127 528/1032/1032
f 548/1121/1121 694/1120/1120 1129/1128/1128 697/1125/1125
f 694/1120/1120 549/1119/1119 699/1129/1129 1129/1128/1128
f 1129/1128/1128 699/1129/1129 551/1130/1130 700/1131/1131
f 697/1125/1125 1129/1128/1128 700/1131/1131 550/1126/1126
f 550/1126/1126 700/1131/1131 1130/1132/1132 703/1133/1133
f 700/1131/1131 551/1130/1130 701/1134/1134 1130/1132/1132
f 1130/1132/1132 701/1134/1134 553/1135/1135 702/1136/1136
f 703/1133/1133 1130/1132/1132 702/1136/1136 552/1137/1137
f 528/1032/1032 698/1127/1127 1131/1138/1138 661/1036/1036
f 698/1127/1127 550/1126/1126 703/1133/1133 1131/1138/1138
f 1131/1138/1138 703/1133/1133 552/1137/1137 704/1139/1139
f 661/1036/1036 1131/1138/1138 704/1139/1139 530/1037/1037
f 530/1037/1037 704/1139/1139 1132/1140/1140 707/1141/1141
f 704/1139/1139 552/1137/1137 705/1142/1142 1132/1140/1140
f 1132/1140/1140 705/1142/1142 579/1143/1143 706/1144/1144
f 707/1141/1141 1132/1140/1140 706/1144/1144 580/1145/1145
f 552/1137/1137 702/1136/1136 1133/1146/1146 705/1142/1142
f 702/1136/1136 553/1135/1135 708/1147/1147 1133/1146/1146
f 1133/1146/1146 708/1147/1147 581/1148/1148 709/1149/1149
f 705/1142/1142 1133/1146/1146 709/1149/1149 579/1143/1143
f 555/1150/1150 710/1151/1151 1134/1152/1152 712/1153/1153
f 710/1151/1151 556/1154/1154 711/1155/1155 1134/1152/1152
f 1134/1152/1152 711/1155/1155 492/868/868 595/867/867
f 712/1153/1153 1134/1152/1152 595/867/867 490/864/864
f 554/1156/1156 713/1157/1157 1135/1158/1158 714/1159/1159
f 713/1157/1157 555/1150/1150 712/1153/1153 1135/1158/1158
f 1135/1158/1158 712/1153/1153 490/864/864 593/863/863
f 714/1159/1159 1135/1158/1158 593/863/863 491/862/862
f 543/1082/1082 715/1160/1160 1136/1161/1161 683/1083/1083
f 715/1160/1160 558/1162/1162 716/1163/1163 1136/1161/1161
f 1206/1164/1164 1207/1165/1165 557/1166/1166 717/1167/1167
f 1205/1085/1085 1206/1164/1164 717/1167/1167 542/1086/1086
f 558/1162/1162 718/1168/1168 1137/1169/1169 716/1163/1163
f 718/1168/1168 496/869/869 600/1328/872 1137/1169/1169
f 1208/1170/1170 1209/1327/879 493/1324/880 719/1171/1171
f 1207/1165/1165 1208/1170/1170 719/1171/1171 557/1166/1166
f 1241/1172/1172 1242/1173/1173 1138/1174/1174 721/1175/1175
f 1242/1173/1173 1243/1323/901 608/1320/904 1138/1174/1174
f 1274/1176/1176 1275/1319/907 501/1316/908 720/1177/1177
f 1273/1178/1178 1274/1176/1176 720/1177/1177 559/1179/1179
f 1239/1092/1092 1240/1180/1180 1139/1181/1181 685/1093/1093
f 1240/1180/1180 1241/1172/1172 721/1175/1175 1139/1181/1181
f 1272/1182/1182 1273/1178/1178 559/1179/1179 722/1183/1183
f 1271/1095/1095 1272/1182/1182 722/1183/1183 545/1096/1096
f 1301/1112/1112 1302/1184/1184 1140/1185/1185 691/1113/1113
f 1302/1184/1184 1303/1186/1186 723/1187/1187 1140/1185/1185
f 1140/1185/1185 723/1187/1187 560/1188/1188 724/1189/1189
f 691/1113/1113 1140/1185/1185 724/1189/1189 547/1114/1114
f 1303/1186/1186 1304/1190/1190 1141/1191/1191 723/1187/1187
f 1304/1190/1190 1305/1315/909 611/912/912 1141/1191/1191
f 1141/1191/1191 611/912/912 502/917/917 725/1192/1192
f 723/1187/1187 1141/1191/1191 725/1192/1192 560/1188/1188
f 560/1188/1188 725/1192/1192 1142/1193/1193 727/1194/1194
f 725/1192/1192 502/917/917 618/931/931 1142/1193/1193
f 1142/1193/1193 618/931/931 507/933/933 726/1195/1195
f 727/1194/1194 1142/1193/1193 726/1195/1195 561/1196/1196
f 547/1114/1114 724/1189/1189 1143/1197/1197 693/1118/1118
f 724/1189/1189 560/1188/1188 727/1194/1194 1143/1197/1197
f 1143/1197/1197 727/1194/1194 561/1196/1196 728/1198/1198
f 693/1118/1118 1143/1197/1197 728/1198/1198 549/1119/1119
f 549/1119/1119 728/1198/1198 1144/1199/1199 699/1129/1129
f 728/1198/1198 561/1196/1196 729/1200/1200 1144/1199/1199
f 1144/1199/1199 729/1200/1200 562/1201/1201 730/1202/1202
f 699/1129/1129 1144/1199/1199 730/1202/1202 551/1130/1130
f 561/1196/1196 726/1195/1195 1145/1203/1203 729/1200/1200
f 726/1195/1195 507/933/933 621/935/935 1145/1203/1203
f 1145/1203/1203 621/935/935 508/939/939 731/1204/1204
f 729/1200/1200 1145/1203/1203 731/1204/1204 562/1201/1201
f 562/1201/1201 731/1204/1204 1146/1205/1205 733/1206/1206
f 731/1204/1204 508/939/939 628/951/951 1146/1205/1205
f 1146/1205/1205 628/951/951 513/953/953 732/1207/1207
f 733/1206/1206 1146/1205/1205 732/1207/1207 563/1208/1208
f 551/1130/1130 730/1202/1202 1147/1209/1209 701/1134/1134
f 730/1202/1202 562/1201/1201 733/1206/1206 1147/1209/1209
f 1147/1209/1209 733/1206/1206 563/1208/1208 734/1210/1210
f 701/1134/1134 1147/1209/1209 734/1210/1210 553/1135/1135
f 553/1135/1135 734/1210/1210 1148/1211/1211 708/1147/1147
f 734/1210/1210 563/1208/1208 735/1212/1212 1148/1211/1211
f 1148/1211/1211 735/1212/1212 582/1213/1213 736/1214/1214
f 708/1147/1147 1148/1211/1211 736/1214/1214 581/1148/1148
f 563/1208/1208 732/1207/1207 1149/1215/1215 735/1212/1212
f 732/1207/1207 513/953/953 631/955/955 1149/1215/1215
f 1149/1215/1215 631/955/955 574/1332/959 737/1216/1216
f 735/1212/1212 1149/1215/1215 737/1216/1216 582/1213/1213
f 564/1217/1217 738/1218/1218 1150/1219/1219 739/1220/1220
f 738/1218/1218 514/970/970 638/973/973 1150/1219/1219
f 1150/1219/1219 638/973/973 487/844/844 588/847/847
f 739/1220/1220 1150/1219/1219 588/847/847 484/852/852
f 556/1154/1154 740/1221/1221 1151/1222/1222 711/1155/1155
f 740/1221/1221 564/1217/1217 739/1220/1220 1151/1222/1222
f 1151/1222/1222 739/1220/1220 484/852/852 596/866/866
f 711/1155/1155 1151/1222/1222 596/866/866 492/868/868
f 512/947/947 664/1041/1041 1152/1223/1223 743/1224/1224
f 664/1041/1041 529/1039/1039 741/1225/1225 1152/1223/1223
f 1152/1223/1223 741/1225/1225 566/1226/1226 742/1227/1227
f 743/1224/1224 1152/1223/1223 742/1227/1227 565/1228/1228
f 529/1039/1039 662/1038/1038 1153/1229/1229 741/1225/1225
f 662/1038/1038 530/1037/1037 744/1230/1230 1153/1229/1229
f 1153/1229/1229 744/1230/1230 567/1231/1231 745/1232/1232
f 741/1225/1225 1153/1229/1229 745/1232/1232 566/1226/1226
f 566/1226/1226 745/1232/1232 1154/1233/1233 747/1234/1234
f 745/1232/1232 567/1231/1231 746/1235/1235 1154/1233/1233
f 1154/1233/1233 746/1235/1235 536/1053/1053 669/1051/1051
f 747/1234/1234 1154/1233/1233 669/1051/1051 533/1046/1046
f 565/1228/1228 742/1227/1227 1155/1236/1236 748/1237/1237
f 742/1227/1227 566/1226/1226 747/1234/1234 1155/1236/1236
f 1155/1236/1236 747/1234/1234 533/1046/1046 665/1043/1043
f 748/1237/1237 1155/1236/1236 665/1043/1043 534/1042/1042
f 530/1037/1037 707/1141/1141 1156/1238/1238 744/1230/1230
f 707/1141/1141 580/1145/1145 749/1239/1239 1156/1238/1238
f 1156/1238/1238 749/1239/1239 583/1240/1240 750/1241/1241
f 744/1230/1230 1156/1238/1238 750/1241/1241 567/1231/1231
f 554/1156/1156 714/1159/1159 1157/1242/1242 753/1243/1243
f 714/1159/1159 491/862/862 751/1244/1244 1157/1242/1242
f 1157/1242/1242 751/1244/1244 569/1245/1245 752/1246/1246
f 753/1243/1243 1157/1242/1242 752/1246/1246 568/1247/1247
f 568/1247/1247 752/1246/1246 1158/1248/1248 755/1249/1249
f 752/1246/1246 569/1245/1245 754/1250/1250 1158/1248/1248
f 1158/1248/1248 754/1250/1250 538/1063/1063 673/1062/1062
f 755/1249/1249 1158/1248/1248 673/1062/1062 535/1061/1061
f 567/1231/1231 750/1241/1241 1159/1251/1251 746/1235/1235
f 750/1241/1241 583/1240/1240 756/1252/1252 1159/1251/1251
f 1159/1251/1251 756/1252/1252 578/1055/1055 670/1054/1054
f 746/1235/1235 1159/1251/1251 670/1054/1054 536/1053/1053
f 491/862/862 592/861/861 1160/1253/1253 751/1244/1244
f 592/861/861 488/857/857 757/1254/1254 1160/1253/1253
f 1160/1253/1253 757/1254/1254 570/1255/1255 758/1256/1256
f 751/1244/1244 1160/1253/1253 758/1256/1256 569/1245/1245
f 488/857/857 590/856/856 1161/1257/1257 757/1254/1254
f 590/856/856 489/1338/855 759/1337/1258 1161/1257/1257
f 1161/1257/1257 759/1337/1258 571/1336/1259 760/1260/1260
f 757/1254/1254 1161/1257/1257 760/1260/1260 570/1255/1255
f 570/1255/1255 760/1260/1260 1162/1261/1261 762/1262/1262
f 760/1260/1260 571/1336/1259 761/1334/1263 1162/1261/1261
f 1162/1261/1261 761/1334/1263 539/1071/1071 677/1070/1070
f 762/1262/1262 1162/1261/1261 677/1070/1070 537/1065/1065
f 569/1245/1245 758/1256/1256 1163/1264/1264 754/1250/1250
f 758/1256/1256 570/1255/1255 762/1262/1262 1163/1264/1264
f 1163/1264/1264 762/1262/1262 537/1065/1065 674/1064/1064
f 754/1250/1250 1163/1264/1264 674/1064/1064 538/1063/1063
f 489/855/855 635/969/969 1164/1265/1265 759/1258/1258
f 635/969/969 516/968/968 763/1266/1266 1164/1265/1265
f 1164/1265/1265 763/1266/1266 572/1267/1267 764/1268/1268
f 759/1258/1258 1164/1265/1265 764/1268/1268 571/1259/1259
f 516/968/968 765/1269/1269 1165/1270/1270 763/1266/1266
f 765/1269/1269 575/962/962 766/1271/1271 1165/1270/1270
f 1165/1270/1270 766/1271/1271 584/1272/1272 767/1273/1273
f 763/1266/1266 1165/1270/1270 767/1273/1273 572/1267/1267
f 572/1267/1267 767/1273/1273 1166/1274/1274 770/1275/1275
f 767/1273/1273 584/1272/1272 768/1276/1276 1166/1274/1274
f 1166/1274/1274 768/1276/1276 577/1050/1050 769/1277/1277
f 770/1275/1275 1166/1274/1274 769/1277/1277 531/1066/1066
f 571/1259/1259 764/1268/1268 1167/1278/1278 761/1263/1263
f 764/1268/1268 572/1267/1267 770/1275/1275 1167/1278/1278
f 1167/1278/1278 770/1275/1275 531/1066/1066 678/1069/1069
f 761/1263/1263 1167/1278/1278 678/1069/1069 539/1335/1071
f 541/1074/1074 771/1279/1279 1168/1280/1280 682/1080/1080
f 771/1279/1279 586/1281/1281 772/1282/1282 1168/1280/1280
f 1168/1280/1280 772/1282/1282 558/1162/1162 715/1160/1160
f 682/1080/1080 1168/1280/1280 715/1160/1160 543/1082/1082
f 574/959/959 630/958/958 1169/1283/1283 774/1331/1284
f 630/958/958 573/957/957 773/1285/1285 1169/1283/1283
f 1169/1283/1283 773/1285/1285 515/964/964 637/971/971
f 774/1331/1284 1169/1283/1283 637/971/971 514/1333/970
f 573/957/957 633/963/963 1170/1286/1286 773/1285/1285
f 633/963/963 575/962/962 765/1269/1269 1170/1286/1286
f 1170/1286/1286 765/1269/1269 516/968/968 634/965/965
f 773/1285/1285 1170/1286/1286 634/965/965 515/964/964
f 577/1050/1050 667/1049/1049 1171/1287/1287 769/1277/1277
f 667/1049/1049 576/1048/1048 775/1288/1288 1171/1287/1287
f 1171/1287/1287 775/1288/1288 532/1057/1057 676/1067/1067
f 769/1277/1277 1171/1287/1287 676/1067/1067 531/1066/1066
f 576/1048/1048 671/1056/1056 1172/1289/1289 775/1288/1288
f 671/1056/1056 578/1055/1055 776/1290/1290 1172/1289/1289
f 1172/1289/1289 776/1290/1290 535/1061/1061 672/1058/1058
f 775/1288/1288 1172/1289/1289 672/1058/1058 532/1057/1057
f 580/1145/1145 706/1144/1144 1173/1291/1291 778/1292/1292
f 706/1144/1144 579/1143/1143 777/1293/1293 1173/1291/1291
f 1173/1291/1291 777/1293/1293 555/1150/1150 713/1157/1157
f 778/1292/1292 1173/1291/1291 713/1157/1157 554/1156/1156
f 579/1143/1143 709/1149/1149 1174/1294/1294 777/1293/1293
f 709/1149/1149 581/1148/1148 779/1295/1295 1174/1294/1294
f 1174/1294/1294 779/1295/1295 556/1154/1154 710/1151/1151
f 777/1293/1293 1174/1294/1294 710/1151/1151 555/1150/1150
f 581/1148/1148 736/1214/1214 1175/1296/1296 779/1295/1295
f 736/1214/1214 582/1213/1213 780/1297/1297 1175/1296/1296
f 1175/1296/1296 780/1297/1297 564/1217/1217 740/1221/1221
f 779/1295/1295 1175/1296/1296 740/1221/1221 556/1154/1154
f 582/1213/1213 737/1216/1216 1176/1298/1298 780/1297/1297
f 737/1216/1216 574/1332/959 774/1284/1284 1176/1298/1298
f 1176/1298/1298 774/1284/1284 514/970/970 738/1218/1218
f 780/1297/1297 1176/1298/1298 738/1218/1218 564/1217/1217
f 580/1145/1145 778/1292/1292 1177/1299/1299 749/1239/1239
f 778/1292/1292 554/1156/1156 753/1243/1243 1177/1299/1299
f 1177/1299/1299 753/1243/1243 568/1247/1247 781/1300/1300
f 749/1239/1239 1177/1299/1299 781/1300/1300 583/1240/1240
f 583/1240/1240 781/1300/1300 1178/1301/1301 756/1252/1252
f 781/1300/1300 568/1247/1247 755/1249/1249 1178/1301/1301
f 1178/1301/1301 755/1249/1249 535/1061/1061 776/1290/1290
f 756/1252/1252 1178/1301/1301 776/1290/1290 578/1055/1055
f 575/962/962 632/961/961 1179/1302/1302 766/1271/1271
f 632/961/961 512/947/947 743/1224/1224 1179/1302/1302
f 1179/1302/1302 743/1224/1224 565/1228/1228 782/1303/1303
f 766/1271/1271 1179/1302/1302 782/1303/1303 584/1272/1272
f 584/1272/1272 782/1303/1303 1180/1304/1304 768/1276/1276
f 782/1303/1303 565/1228/1228 748/1237/1237 1180/1304/1304
f 1180/1304/1304 748/1237/1237 534/1042/1042 668/1045/1045
f 768/1276/1276 1180/1304/1304 668/1045/1045 577/1050/1050
s 1
f 417/515/515 841/513/513 1181/1305/1305 973/818/818
f 841/513/513 397/419/419 803/417/417 1181/1305/1305
f 1181/1305/1305 803/417/417 394/412/412 783/1306/1306
f 973/818/818 1181/1305/1305 783/1306/1306 585/820/820
s 11
f 586/1281/1281 784/1307/1307 1182/1308/1308 772/1282/1282
f 784/1307/1307 495/873/873 597/870/870 1182/1308/1308
f 1182/1308/1308 597/870/870 496/869/869 718/1168/1168
f 772/1282/1282 1182/1308/1308 718/1168/1168 558/1162/1162
s 1
f 585/820/820 783/1306/1306 1183/1309/1309 785/1310/1310
f 783/1306/1306 394/412/412 799/409/409 1183/1309/1309
f 1183/1309/1309 799/409/409 395/408/408 920/705/705
f 785/1310/1310 1183/1309/1309 920/705/705 457/701/701
f 440/613/613 974/821/821 1184/1311/1311 884/617/617
f 974/821/821 585/820/820 785/1310/1310 1184/1311/1311
f 1184/1311/1311 785/1310/1310 457/701/701 917/699/699
f 884/617/617 1184/1311/1311 917/699/699 442/619/619
s 11
f 518/976/976 786/1312/1312 1185/1313/1313 642/982/982
f 786/1312/1312 586/1281/1281 771/1279/1279 1185/1313/1313
f 1185/1313/1313 771/1279/1279 541/1074/1074 679/1072/1072
f 642/982/982 1185/1313/1313 679/1072/1072 520/984/984
f 518/976/976 639/974/974 1186/1314/1314 786/1312/1312
f 639/974/974 498/883/883 601/881/881 1186/1314/1314
f 1186/1314/1314 601/881/881 495/873/873 784/1307/1307
f 786/1312/1312 1186/1314/1314 784/1307/1307 586/1281/1281
s 1
f 1188/415/415 1187/414/414 393/423/423 801/436/436
f 1189/416/416 1188/415/415 801/436/436 392/435/435
f 1190/707/707 1189/416/416 392/435/435 921/709/709
f 1191/703/703 1190/707/707 921/709/709 456/708/708
f 1192/704/704 1191/703/703 456/708/708 919/716/716
f 1193/1329/621 1192/704/704 919/716/716 441/1330/627
f 1194/622/622 1193/621/621 441/627/627 886/624/624
f 1195/615/615 1194/622/622 886/624/624 439/623/623
f 1196/616/616 1195/615/615 439/623/623 883/635/635
f 1197/523/523 1196/616/616 883/635/635 418/529/529
f 1198/524/524 1197/523/523 418/529/529 846/526/526
f 1199/517/517 1198/524/524 846/526/526 416/525/525
f 1200/518/518 1199/517/517 416/525/525 843/537/537
f 1201/421/421 1200/518/518 843/537/537 396/427/427
f 1202/422/422 1201/421/421 396/427/427 805/424/424
f 1187/414/414 1202/422/422 805/424/424 393/423/423
s 11
f 680/1075/1075 1121/1081/1081 1204/1084/1084 1203/1077/1077
f 1121/1081/1081 683/1083/1083 1205/1085/1085 1204/1084/1084
f 683/1083/1083 1136/1161/1161 1206/1164/1164 1205/1085/1085
f 1136/1161/1161 716/1163/1163 1207/1165/1165 1206/1164/1164
f 716/1163/1163 1137/1169/1169 1208/1170/1170 1207/1165/1165
f 1137/1169/1169 600/1328/872 1209/1327/879 1208/1170/1170
f 600/872/872 1088/871/871 1210/875/875 1209/879/879
f 1088/871/871 598/874/874 1211/876/876 1210/875/875
f 598/874/874 1089/882/882 1212/885/885 1211/876/876
f 1089/882/882 602/884/884 1213/886/886 1212/885/885
f 602/884/884 1104/975/975 1214/978/978 1213/886/886
f 1104/975/975 640/977/977 1215/979/979 1214/978/978
f 640/977/977 1105/983/983 1216/986/986 1215/979/979
f 1105/983/983 643/985/985 1217/987/987 1216/986/986
f 643/985/985 1120/1073/1073 1218/1076/1076 1217/987/987
f 1120/1073/1073 680/1075/1075 1203/1077/1077 1218/1076/1076
s 1
f 1220/425/425 1219/428/428 806/430/430 993/429/429
f 1221/426/426 1220/425/425 993/429/429 808/433/433
f 1222/437/437 1221/426/426 808/433/433 994/439/439
f 1223/438/438 1222/437/437 994/439/439 810/441/441
f 1224/710/710 1223/438/438 810/441/441 1041/712/712
f 1225/711/711 1224/710/710 1041/712/712 923/714/714
f 1226/717/717 1225/711/711 923/714/714 1042/718/718
f 1227/1325/628 1226/717/717 1042/718/718 887/1326/630
f 1228/625/625 1227/628/628 887/630/630 1025/629/629
f 1229/626/626 1228/625/625 1025/629/629 889/633/633
f 1230/636/636 1229/626/626 889/633/633 1026/637/637
f 1231/530/530 1230/636/636 1026/637/637 847/532/532
f 1232/527/527 1231/530/530 847/532/532 1009/531/531
f 1233/528/528 1232/527/527 1009/531/531 849/535/535
f 1234/538/538 1233/528/528 849/535/535 1010/539/539
f 1219/428/428 1234/538/538 1010/539/539 806/430/430
s 11
f 519/988/988 681/1079/1079 1236/1100/1100 1235/994/994
f 681/1079/1079 540/1078/1078 1237/1088/1088 1236/1100/1100
f 540/1078/1078 684/1087/1087 1238/1089/1089 1237/1088/1088
f 684/1087/1087 542/1086/1086 1239/1092/1092 1238/1089/1089
f 542/1086/1086 717/1167/1167 1240/1180/1180 1239/1092/1092
f 717/1167/1167 557/1166/1166 1241/1172/1172 1240/1180/1180
f 557/1166/1166 719/1171/1171 1242/1173/1173 1241/1172/1172
f 719/1171/1171 493/1324/880 1243/1323/901 1242/1173/1173
f 493/880/880 599/878/878 1244/902/902 1243/901/901
f 599/878/878 494/877/877 1245/889/889 1244/902/902
f 494/877/877 603/888/888 1246/890/890 1245/889/889
f 603/888/888 497/887/887 1247/893/893 1246/890/890
f 497/887/887 641/981/981 1248/1002/1002 1247/893/893
f 641/981/981 517/980/980 1249/990/990 1248/1002/1002
f 517/980/980 644/989/989 1250/991/991 1249/990/990
f 644/989/989 519/988/988 1235/994/994 1250/991/991
s 1
f 1252/432/432 1251/431/431 399/457/457 807/455/455
f 1253/434/434 1252/432/432 807/455/455 398/447/447
f 1254/440/440 1253/434/434 398/447/447 809/444/444
f 1255/442/442 1254/440/440 809/444/444 400/443/443
f 1256/713/713 1255/442/442 400/443/443 922/728/728
f 1257/715/715 1256/713/713 922/728/728 458/722/722
f 1258/719/719 1257/715/715 458/722/722 924/720/720
f 1259/1321/631 1258/719/719 924/720/720 444/1322/649
f 1260/632/632 1259/631/631 444/649/649 888/647/647
f 1261/634/634 1260/632/632 888/647/647 443/641/641
f 1262/638/638 1261/634/634 443/641/641 890/639/639
f 1263/533/533 1262/638/638 890/639/639 421/551/551
f 1264/534/534 1263/533/533 421/551/551 848/549/549
f 1265/536/536 1264/534/534 848/549/549 420/543/543
f 1266/540/540 1265/536/536 420/543/543 850/541/541
f 1251/431/431 1266/540/540 850/541/541 399/457/457
s 11
f 645/995/995 1123/1101/1101 1268/1102/1102 1267/997/997
f 1123/1101/1101 687/1091/1091 1269/1098/1098 1268/1102/1102
f 687/1091/1091 1122/1090/1090 1270/1094/1094 1269/1098/1098
f 1122/1090/1090 685/1093/1093 1271/1095/1095 1270/1094/1094
f 685/1093/1093 1139/1181/1181 1272/1182/1182 1271/1095/1095
f 1139/1181/1181 721/1175/1175 1273/1178/1178 1272/1182/1182
f 721/1175/1175 1138/1174/1174 1274/1176/1176 1273/1178/1178
f 1138/1174/1174 608/1320/904 1275/1319/907 1274/1176/1176
f 608/904/904 1091/903/903 1276/905/905 1275/907/907
f 1091/903/903 606/892/892 1277/899/899 1276/905/905
f 606/892/892 1090/891/891 1278/895/895 1277/899/899
f 1090/891/891 604/894/894 1279/896/896 1278/895/895
f 604/894/894 1107/1003/1003 1280/1004/1004 1279/896/896
f 1107/1003/1003 647/993/993 1281/1000/1000 1280/1004/1004
f 647/993/993 1106/992/992 1282/996/996 1281/1000/1000
f 1106/992/992 645/995/995 1267/997/997 1282/996/996
s 1
f 1284/445/445 1283/448/448 811/450/450 995/449/449
f 1285/446/446 1284/445/445 995/449/449 813/453/453
f 1286/729/729 1285/446/446 813/453/453 1044/730/730
f 1287/723/723 1286/729/729 1044/730/730 925/725/725
f 1288/721/721 1287/723/723 925/725/725 1043/724/724
f 1289/1317/650 1288/721/721 1043/724/724 893/1318/652
f 1290/648/648 1289/650/650 893/652/652 1028/651/651
f 1291/642/642 1290/648/648 1028/651/651 891/644/644
f 1292/640/640 1291/642/642 891/644/644 1027/643/643
f 1293/552/552 1292/640/640 1027/643/643 853/554/554
f 1294/550/550 1293/552/552 853/554/554 1012/553/553
f 1295/544/544 1294/550/550 1012/553/553 851/546/546
f 1296/542/542 1295/544/544 851/546/546 1011/545/545
f 1297/458/458 1296/542/542 1011/545/545 814/460/460
f 1298/456/456 1297/458/458 814/460/460 996/459/459
f 1283/448/448 1298/456/456 996/459/459 811/450/450
s 11
f 544/1099/1099 686/1097/1097 1300/1110/1110 1299/1106/1106
f 686/1097/1097 545/1096/1096 1301/1112/1112 1300/1110/1110
f 545/1096/1096 722/1183/1183 1302/1184/1184 1301/1112/1112
f 722/1183/1183 559/1179/1179 1303/1186/1186 1302/1184/1184
f 559/1179/1179 720/1177/1177 1304/1190/1190 1303/1186/1186
f 720/1177/1177 501/1316/908 1305/1315/909 1304/1190/1190
f 501/908/908 607/906/906 1306/910/910 1305/909/909
f 607/906/906 499/900/900 1307/913/913 1306/910/910
f 499/900/900 605/898/898 1308/918/918 1307/913/913
f 605/898/898 500/897/897 1309/920/920 1308/918/918
f 500/897/897 648/1005/1005 1310/1006/1006 1309/920/920
f 648/1005/1005 521/1001/1001 1311/1008/1008 1310/1006/1006
f 521/1001/1001 646/999/999 1312/1012/1012 1311/1008/1008
f 646/999/999 522/998/998 1313/1014/1014 1312/1012/1012
f 522/998/998 688/1103/1103 1314/1104/1104 1313/1014/1014
f 688/1103/1103 544/1099/1099 1299/1106/1106 1314/1104/1104
g default
v -0.360198 0.966956 -0.296390
v -0.423424 0.948477 -0.196651
v -0.357775 0.843867 -0.196814
v -0.328920 0.882287 -0.272351
v -0.467915 0.921307 -0.072109
v -0.391408 0.797777 -0.078122
v -0.483869 0.908771 0.072722
v -0.403864 0.781995 0.068327
v -0.482919 0.910178 0.220578
v -0.400798 0.789506 0.216541
v -0.441763 0.925284 0.352801
v -0.370658 0.824471 0.340765
v -0.393469 1.102222 -0.316452
v -0.471470 1.084304 -0.201946
v -0.507864 1.063583 -0.066220
v -0.526553 1.052267 0.079372
v -0.529583 1.053794 0.229412
v -0.497132 1.057044 0.375680
v -0.395441 1.258650 -0.296303
v -0.479617 1.240766 -0.191072
v -0.523098 1.219069 -0.059532
v -0.545114 1.207029 0.087589
v -0.546303 1.210903 0.237579
v -0.516862 1.217716 0.387919
v -0.388509 1.426185 -0.262047
v -0.468342 1.413001 -0.171351
v -0.512505 1.397854 -0.048686
v -0.535021 1.384192 0.094725
v -0.535359 1.383940 0.240133
v -0.504345 1.390903 0.385255
v -0.374480 1.602514 -0.250863
v -0.448881 1.593601 -0.161564
v -0.491025 1.584133 -0.043879
v -0.509350 1.574584 0.092572
v -0.505639 1.569603 0.232864
v -0.470621 1.572569 0.368018
v -0.361127 1.777830 -0.260277
v -0.433167 1.771432 -0.165885
v -0.474729 1.765392 -0.047137
v -0.488574 1.759548 0.086410
v -0.477878 1.753967 0.222521
v -0.439292 1.751467 0.348973
v -0.352905 1.946624 -0.279927
v -0.423881 1.942055 -0.177519
v -0.465735 1.938320 -0.053661
v -0.479642 1.935003 0.082372
v -0.466481 1.930850 0.217625
v -0.425258 1.926754 0.339600
v -0.299107 2.605938 -0.235995
v -0.352594 2.612681 -0.153678
v -0.393170 2.507369 -0.170215
v -0.326626 2.505437 -0.267981
v -0.390881 2.627891 -0.049269
v -0.437137 2.514509 -0.054629
v -0.414645 2.643012 0.070012
v -0.459008 2.523435 0.072241
v -0.405014 2.646554 0.194245
v -0.453112 2.532194 0.201731
v -0.360433 2.636946 0.297310
v -0.407877 2.539988 0.317371
v -0.271152 2.665542 -0.205719
v -0.294288 2.689465 -0.142410
v -0.323038 2.720314 -0.046975
v -0.341010 2.741926 0.069514
v -0.330409 2.736316 0.189860
v -0.298614 2.708554 0.286180
v -0.210235 2.689837 -0.229691
v -0.217069 2.744798 -0.148988
v -0.231652 2.788158 -0.048011
v -0.240157 2.811243 0.070448
v -0.233173 2.798689 0.190818
v -0.217423 2.758085 0.291156
v -0.116015 2.720111 -0.259182
v -0.118219 2.787603 -0.163285
v -0.120642 2.826568 -0.049238
v -0.122764 2.845895 0.072310
v -0.121280 2.836585 0.194929
v -0.115152 2.789753 0.301012
v 0.000000 2.737672 -0.275561
v 0.000000 2.808923 -0.171884
v 0.000000 2.843297 -0.050246
v 0.000000 2.859488 0.073909
v 0.000000 2.854522 0.197740
v 0.000000 2.806764 0.308852
v 0.210235 2.689837 -0.229691
v 0.217069 2.744798 -0.148988
v 0.118219 2.787603 -0.163285
v 0.116015 2.720111 -0.259182
v 0.231652 2.788158 -0.048011
v 0.120642 2.826568 -0.049238
v 0.240157 2.811243 0.070448
v 0.122764 2.845895 0.072310
v 0.233173 2.798689 0.190818
v 0.121280 2.836585 0.194929
v 0.217423 2.758085 0.291156
v 0.115152 2.789753 0.301012
v 0.271152 2.665542 -0.205719
v 0.294288 2.689465 -0.142410
v 0.323038 2.720314 -0.046975
v 0.341010 2.741926 0.069514
v 0.330409 2.736316 0.189860
v 0.298614 2.708554 0.286180
v 0.299107 2.605938 -0.235995
v 0.352594 2.612681 -0.153678
v 0.390881 2.627891 -0.049269
v 0.414645 2.643012 0.070012
v 0.405014 2.646554 0.194245
v 0.360433 2.636946 0.297310
v 0.326626 2.505437 -0.267981
v 0.393170 2.507369 -0.170215
v 0.437137 2.514509 -0.054629
v 0.459008 2.523435 0.072241
v 0.453112 2.532194 0.201731
v 0.407877 2.539988 0.317371
v 0.361020 1.777902 -0.260077
v 0.433069 1.771511 -0.165740
v 0.423766 1.942081 -0.177360
v 0.352792 1.946632 -0.279732
v 0.474649 1.765466 -0.047043
v 0.465631 1.938353 -0.053542
v 0.488517 1.759601 0.086464
v 0.477878 1.753967 0.222521
v 0.466481 1.930850 0.217625
v 0.479642 1.935003 0.082372
v 0.439292 1.751467 0.348973
v 0.425258 1.926754 0.339600
v 0.374433 1.602627 -0.250700
v 0.448854 1.593708 -0.161462
v 0.491011 1.584225 -0.043819
v 0.509350 1.574584 0.092572
v 0.505639 1.569603 0.232864
v 0.470621 1.572569 0.368018
v 0.388576 1.426287 -0.261982
v 0.468436 1.413089 -0.171331
v 0.512505 1.397854 -0.048686
v 0.535021 1.384192 0.094725
v 0.535359 1.383940 0.240133
v 0.504345 1.390903 0.385255
v 0.395441 1.258650 -0.296303
v 0.479617 1.240766 -0.191072
v 0.523098 1.219069 -0.059532
v 0.545114 1.207029 0.087589
v 0.546303 1.210903 0.237579
v 0.516862 1.217716 0.387919
v 0.393469 1.102222 -0.316452
v 0.471470 1.084304 -0.201946
v 0.507864 1.063583 -0.066220
v 0.526553 1.052267 0.079372
v 0.529583 1.053794 0.229412
v 0.497132 1.057044 0.375680
v 0.360198 0.966956 -0.296390
v 0.423424 0.948477 -0.196651
v 0.467915 0.921307 -0.072109
v 0.483869 0.908771 0.072722
v 0.482919 0.910178 0.220578
v 0.441763 0.925284 0.352801
v 0.328920 0.882287 -0.272351
v 0.357775 0.843867 -0.196814
v 0.391408 0.797777 -0.078122
v 0.403864 0.781995 0.068327
v 0.400798 0.789506 0.216541
v 0.370658 0.824471 0.340765
v 0.253079 0.853473 -0.306267
v 0.257643 0.774832 -0.209072
v 0.269379 0.715435 -0.081518
v 0.276766 0.699070 0.067595
v 0.279828 0.710051 0.216674
v 0.268888 0.759125 0.345814
v 0.138817 0.819742 -0.345161
v 0.134607 0.726016 -0.227637
v 0.124352 0.674564 -0.081964
v 0.133001 0.665114 0.070919
v 0.139956 0.678142 0.217595
v 0.141599 0.717543 0.357247
v 0.000000 0.809919 -0.355498
v 0.000000 0.714552 -0.232598
v 0.000000 0.664313 -0.083314
v 0.000000 0.656573 0.080550
v 0.000000 0.673054 0.218266
v 0.000000 0.710215 0.358559
v -0.253079 0.853473 -0.306267
v -0.257643 0.774832 -0.209072
v -0.134607 0.726016 -0.227637
v -0.138817 0.819742 -0.345161
v -0.269379 0.715435 -0.081518
v -0.124352 0.674564 -0.081964
v -0.276766 0.699070 0.067595
v -0.279828 0.710051 0.216674
v -0.139956 0.678142 0.217595
v -0.133001 0.665114 0.070919
v -0.268888 0.759125 0.345814
v -0.141599 0.717543 0.357247
v 0.280575 0.920410 0.529817
v 0.377718 0.932731 0.456478
v 0.342111 0.855883 0.419615
v 0.264621 0.825314 0.448799
v 0.153202 0.895905 0.584479
v 0.143667 0.791335 0.479513
v 0.000000 0.781977 0.486308
v 0.000000 0.885295 0.601139
v -0.280575 0.920410 0.529817
v -0.153202 0.895905 0.584479
v -0.143667 0.791335 0.479513
v -0.264621 0.825314 0.448799
v -0.377718 0.932731 0.456478
v -0.342111 0.855883 0.419615
v 0.311010 1.049322 0.603078
v 0.422699 1.057772 0.502850
v 0.166253 1.035808 0.671569
v 0.000000 1.027127 0.696474
v -0.311010 1.049322 0.603078
v -0.166253 1.035808 0.671569
v -0.422699 1.057772 0.502850
v 0.325177 1.219166 0.639453
v 0.441324 1.220432 0.525877
v 0.172537 1.215338 0.715207
v 0.000000 1.212225 0.741609
v -0.325177 1.219166 0.639453
v -0.172537 1.215338 0.715207
v -0.441324 1.220432 0.525877
v 0.314319 1.405390 0.629055
v 0.429328 1.398895 0.518902
v 0.165774 1.407792 0.700376
v 0.000000 1.406931 0.723550
v -0.314319 1.405390 0.629055
v -0.165774 1.407792 0.700376
v -0.429328 1.398895 0.518902
v 0.284816 1.583031 0.582194
v 0.395706 1.577761 0.488335
v 0.149520 1.588329 0.644483
v 0.000000 1.590257 0.666600
v -0.284816 1.583031 0.582194
v -0.149520 1.588329 0.644483
v -0.395706 1.577761 0.488335
v 0.258307 1.751624 0.531662
v 0.364990 1.750876 0.455565
v 0.132172 1.754780 0.575467
v 0.000000 1.756655 0.589621
v -0.258307 1.751624 0.531662
v -0.132172 1.754780 0.575467
v -0.364990 1.750876 0.455565
v 0.247464 1.914394 0.499727
v 0.351997 1.920465 0.437383
v 0.125439 1.922271 0.529868
v 0.000000 1.927387 0.537356
v -0.247464 1.914394 0.499727
v -0.125439 1.922271 0.529868
v -0.351997 1.920465 0.437383
v 0.216169 2.635406 0.414356
v 0.298301 2.630147 0.368898
v 0.328197 2.544722 0.397533
v 0.228986 2.546052 0.443948
v 0.113346 2.640889 0.438048
v 0.116821 2.544872 0.465331
v -0.113346 2.640889 0.438048
v 0.000000 2.644205 0.447979
v 0.000000 2.544505 0.466125
v -0.116821 2.544872 0.465331
v -0.216169 2.635406 0.414356
v -0.228986 2.546052 0.443948
v -0.298301 2.630147 0.368898
v -0.328197 2.544722 0.397533
v 0.209358 2.706968 0.365601
v 0.271846 2.685291 0.344572
v 0.112562 2.726468 0.384754
v -0.112562 2.726468 0.384754
v 0.000000 2.738375 0.397203
v -0.209358 2.706968 0.365601
v -0.271846 2.685291 0.344572
v 0.261127 0.966646 -0.362976
v 0.139276 0.955018 -0.412922
v 0.000000 0.948594 -0.425718
v -0.139276 0.955018 -0.412922
v -0.261127 0.966646 -0.362976
v 0.274489 1.111432 -0.390859
v 0.136189 1.111670 -0.432259
v 0.000000 1.108462 -0.446996
v -0.136189 1.111670 -0.432259
v -0.274489 1.111432 -0.390859
v 0.272914 1.269162 -0.361095
v 0.128077 1.275184 -0.399178
v 0.000008 1.277445 -0.410145
v -0.128077 1.275184 -0.399178
v -0.272914 1.269162 -0.361095
v 0.270357 1.436418 -0.316946
v 0.130471 1.442459 -0.341404
v 0.000033 1.443752 -0.343193
v -0.130425 1.442386 -0.341506
v -0.270320 1.436306 -0.317072
v 0.262932 1.610105 -0.304194
v 0.131086 1.615049 -0.328016
v 0.000023 1.616412 -0.333541
v -0.131067 1.614987 -0.328153
v -0.262960 1.610000 -0.304388
v 0.255775 1.783678 -0.321266
v 0.129962 1.788073 -0.352596
v 0.000008 1.789478 -0.361886
v -0.129973 1.788045 -0.352730
v -0.255843 1.783624 -0.321474
v 0.250539 1.950695 -0.350378
v 0.128877 1.954795 -0.392501
v 0.000003 1.956797 -0.407002
v -0.128894 1.954809 -0.392618
v -0.250611 1.950705 -0.350566
v 0.220908 2.614048 -0.293617
v 0.235806 2.509155 -0.342135
v 0.118408 2.627958 -0.333488
v 0.123665 2.514316 -0.389309
v -0.118408 2.627958 -0.333488
v -0.123665 2.514316 -0.389309
v 0.000000 2.516761 -0.406275
v 0.000000 2.637424 -0.353596
v -0.220908 2.614048 -0.293617
v -0.235806 2.509155 -0.342135
v 0.118522 2.239097 0.489279
v 0.088643 2.326093 0.501103
v 0.173308 2.361620 0.500860
v 0.202045 2.302947 0.501931
v -0.173308 2.361620 0.500860
v -0.088643 2.326093 0.501103
v -0.118522 2.239097 0.489279
v -0.202045 2.302947 0.501931
v 0.267040 2.376753 0.487574
v 0.278941 2.316107 0.500047
v -0.267040 2.376753 0.487574
v -0.278941 2.316107 0.500047
v 0.358612 2.355441 0.451196
v 0.347400 2.289412 0.480138
v -0.358612 2.355441 0.451196
v -0.347400 2.289412 0.480138
v -0.313064 2.213098 0.474825
v -0.275257 2.217034 0.479708
v -0.269009 2.177124 0.478968
v -0.305045 2.179723 0.473722
v 0.246408 2.251790 0.487490
v 0.280621 2.250886 0.486824
v 0.275257 2.217034 0.479708
v 0.233917 2.221395 0.480363
v -0.311789 2.243324 0.481420
v -0.280621 2.250886 0.486824
v 0.269009 2.177124 0.478968
v 0.232313 2.184934 0.479428
v -0.233917 2.221395 0.480363
v -0.232313 2.184934 0.479428
v -0.246408 2.251790 0.487490
v 0.313064 2.213098 0.474825
v 0.305045 2.179723 0.473722
v 0.311789 2.243324 0.481420
v -0.229104 2.269625 0.493179
v -0.191409 2.224146 0.483097
v 0.229104 2.269625 0.493179
v 0.191409 2.224146 0.483097
v -0.282391 2.278210 0.494301
v 0.282391 2.278210 0.494301
v 0.327657 2.257580 0.482706
v -0.327657 2.257580 0.482706
v -0.343554 2.209412 0.469177
v 0.383496 2.214283 0.449398
v 0.343554 2.209412 0.469177
v 0.353860 2.087691 0.441406
v 0.320196 2.152989 0.468675
v -0.320196 2.152989 0.468675
v -0.201815 2.159190 0.481959
v 0.132962 2.092277 0.495232
v 0.201815 2.159190 0.481959
v 0.000000 2.223194 0.485110
v 0.000000 2.309370 0.498929
v 0.250202 2.052013 0.483389
v 0.260484 2.132155 0.480217
v -0.260484 2.132155 0.480217
v 0.000000 2.092122 0.496965
v -0.132962 2.092277 0.495232
v 0.244123 2.453739 0.460884
v 0.345965 2.446498 0.418128
v 0.121140 2.438741 0.486185
v 0.068616 2.379689 0.502531
v 0.000000 2.378671 0.504369
v -0.068616 2.379689 0.502531
v -0.121140 2.438741 0.486185
v -0.244123 2.453739 0.460884
v -0.345965 2.446498 0.418128
v -0.383496 2.214283 0.449398
v -0.353860 2.087691 0.441406
v -0.250202 2.052013 0.483389
v 0.000000 2.452376 0.485794
v 0.432128 2.269634 0.365918
v -0.432128 2.269634 0.365918
v 0.000000 2.383093 -0.441748
v 0.126826 2.384692 -0.423485
v -0.126826 2.384692 -0.423485
v 0.243475 2.383750 -0.371389
v -0.243475 2.383750 -0.371389
v 0.340628 2.382508 -0.289283
v -0.340628 2.382508 -0.289283
v -0.412864 2.383188 -0.182559
v 0.412864 2.383188 -0.182559
v -0.459332 2.386086 -0.058435
v 0.459332 2.386086 -0.058435
v -0.479833 2.391356 0.075372
v 0.479833 2.391356 0.075372
v -0.473151 2.400918 0.210301
v 0.473151 2.400918 0.210301
v 0.478899 2.099857 0.080735
v 0.467357 2.098181 0.218225
v 0.472874 2.255582 0.217979
v 0.482341 2.250936 0.078712
v 0.462923 2.100689 -0.059547
v 0.464387 2.249591 -0.061443
v 0.419836 2.102261 -0.188713
v 0.417457 2.248937 -0.191376
v 0.347031 2.104049 -0.295191
v 0.343263 2.249091 -0.300708
v 0.247228 2.106583 -0.374143
v 0.245462 2.249693 -0.383628
v 0.128476 2.110305 -0.426241
v 0.128214 2.250727 -0.437754
v 0.000013 2.113028 -0.447100
v 0.000034 2.251407 -0.458131
v -0.128473 2.110367 -0.426343
v -0.128214 2.250727 -0.437754
v -0.247272 2.106675 -0.374299
v -0.245462 2.249693 -0.383628
v -0.347101 2.104128 -0.295352
v -0.343263 2.249091 -0.300708
v -0.419911 2.102309 -0.188864
v -0.417457 2.248937 -0.191376
v -0.463001 2.100718 -0.059686
v -0.464387 2.249591 -0.061443
v -0.478899 2.099857 0.080735
v -0.482341 2.250936 0.078712
v -0.472874 2.255582 0.217979
v -0.467357 2.098181 0.218225
v -0.428509 2.094011 0.342487
v 0.428509 2.094011 0.342487
v -0.429837 2.420431 0.334709
v 0.429837 2.420431 0.334709
v 0.162718 2.716035 0.374575
v 0.112650 2.686146 0.415865
v 0.000000 2.693749 0.428385
v -0.058060 2.735369 0.394120
v -0.112650 2.686146 0.415865
v -0.162718 2.716035 0.374575
v -0.211205 2.673887 0.392888
v -0.246580 2.694607 0.353837
v -0.283331 2.663188 0.355351
v 0.255878 0.906085 -0.338944
v 0.314986 0.969029 -0.333506
v 0.139374 0.883940 -0.385905
v 0.202210 0.961785 -0.389183
v 0.000000 0.875876 -0.397409
v 0.069755 0.950908 -0.423451
v -0.255878 0.906085 -0.338944
v -0.202210 0.961785 -0.389183
v -0.139374 0.883940 -0.385905
v -0.314986 0.969029 -0.333506
v 0.268421 1.035450 -0.381760
v 0.337014 1.107965 -0.358963
v 0.138810 1.031633 -0.428554
v 0.206599 1.112520 -0.415146
v 0.000000 1.025853 -0.442863
v 0.066999 1.109994 -0.443204
v -0.268421 1.035450 -0.381760
v -0.206599 1.112520 -0.415146
v -0.138810 1.031633 -0.428554
v -0.337014 1.107965 -0.358963
v 0.273763 1.190023 -0.380518
v 0.337899 1.264753 -0.332911
v 0.132430 1.192738 -0.420912
v 0.201797 1.272621 -0.383104
v 0.000000 1.192519 -0.435275
v 0.062062 1.277166 -0.407639
v -0.273763 1.190023 -0.380518
v -0.201797 1.272621 -0.383104
v -0.132430 1.192738 -0.420912
v -0.337899 1.264753 -0.332911
v 0.272679 1.351600 -0.337428
v 0.333564 1.431797 -0.293674
v 0.128500 1.358612 -0.368694
v 0.200923 1.440027 -0.332677
v 0.000022 1.360637 -0.374405
v 0.064207 1.443551 -0.343665
v -0.272679 1.351600 -0.337428
v -0.200886 1.439928 -0.332803
v -0.128457 1.358554 -0.368763
v -0.333516 1.431687 -0.293774
v 0.266662 1.522920 -0.306232
v 0.322536 1.606610 -0.281706
v 0.131187 1.528245 -0.328671
v 0.198044 1.612979 -0.319116
v 0.000031 1.529449 -0.331346
v 0.065270 1.616128 -0.332433
v -0.266658 1.522805 -0.306399
v -0.198049 1.612892 -0.319294
v -0.131150 1.528172 -0.328796
v -0.322578 1.606498 -0.281892
v 0.259211 1.697313 -0.310018
v 0.311952 1.780908 -0.294766
v 0.130608 1.701950 -0.336959
v 0.194314 1.786158 -0.340169
v 0.000014 1.703327 -0.344457
v 0.065111 1.789152 -0.359670
v -0.259263 1.697230 -0.310225
v -0.194352 1.786116 -0.340349
v -0.130605 1.701904 -0.337098
v -0.312045 1.780843 -0.294978
v 0.252900 1.868333 -0.335498
v 0.304974 1.948687 -0.318929
v 0.129356 1.872540 -0.372022
v 0.191307 1.952843 -0.374882
v 0.000004 1.874151 -0.383618
v 0.064843 1.956217 -0.403295
v -0.252975 1.868309 -0.335698
v -0.191352 1.952857 -0.375042
v -0.129374 1.872532 -0.372148
v -0.305071 1.948689 -0.319128
v 0.284169 2.506854 -0.308286
v 0.230118 2.566024 -0.322491
v 0.263420 2.608449 -0.267464
v 0.181824 2.511872 -0.369311
v 0.121590 2.574727 -0.366002
v 0.171994 2.620783 -0.315656
v 0.000000 2.579001 -0.382586
v -0.062596 2.516136 -0.401802
v -0.121590 2.574727 -0.366002
v -0.060976 2.635116 -0.348799
v -0.181824 2.511872 -0.369311
v -0.230118 2.566024 -0.322491
v -0.171994 2.620783 -0.315656
v -0.284169 2.506854 -0.308286
v -0.263420 2.608449 -0.267464
v 0.213568 2.655004 -0.262892
v 0.116509 2.676654 -0.298814
v 0.000000 2.690553 -0.317965
v -0.116509 2.676654 -0.298814
v -0.213568 2.655004 -0.262892
v -0.476165 1.936685 0.013497
v 0.476070 1.936715 0.013595
v -0.125067 0.665455 -0.003755
v 0.188001 2.330063 0.503802
v 0.130222 2.344174 0.501732
v 0.100478 2.288526 0.495724
v 0.162741 2.280330 0.496671
v -0.162741 2.280330 0.496671
v -0.100478 2.288526 0.495724
v -0.130222 2.344174 0.501732
v -0.188001 2.330063 0.503802
v 0.240592 2.314094 0.503384
v 0.274363 2.344172 0.496933
v 0.219814 2.373029 0.496232
v -0.240592 2.314094 0.503384
v -0.219814 2.373029 0.496232
v -0.274363 2.344172 0.496933
v 0.315182 2.308159 0.491696
v 0.355542 2.318452 0.469101
v 0.313886 2.371627 0.472894
v -0.315182 2.308159 0.491696
v -0.313886 2.371627 0.472894
v -0.355542 2.318452 0.469101
v -0.290307 2.177177 0.476161
v -0.272192 2.196975 0.478710
v -0.295457 2.214895 0.477455
v -0.309788 2.193980 0.473525
v 0.254240 2.219302 0.480238
v 0.278265 2.235485 0.483037
v 0.261095 2.252506 0.487722
v 0.240013 2.240154 0.484269
v -0.278265 2.235485 0.483037
v -0.299205 2.247485 0.484120
v -0.313649 2.231068 0.478243
v 0.247607 2.180201 0.479496
v 0.272192 2.196975 0.478710
v 0.231586 2.200708 0.479041
v -0.247607 2.180201 0.479496
v -0.231586 2.200708 0.479041
v -0.254240 2.219302 0.480238
v -0.240013 2.240154 0.484269
v -0.261095 2.252506 0.487722
v 0.290307 2.177177 0.476161
v 0.309788 2.193980 0.473525
v 0.295457 2.214895 0.477455
v 0.313649 2.231068 0.478243
v 0.299205 2.247485 0.484120
v -0.214298 2.222712 0.481153
v -0.206710 2.252046 0.488304
v -0.239328 2.259232 0.489765
v 0.206710 2.252046 0.488304
v 0.216404 2.283514 0.497548
v 0.162247 2.227492 0.486413
v -0.255110 2.277815 0.495440
v -0.281928 2.264314 0.490503
v 0.255110 2.277815 0.495440
v 0.281288 2.294504 0.497967
v 0.307440 2.271336 0.489536
v 0.337299 2.270014 0.483061
v -0.307440 2.271336 0.489536
v -0.318680 2.248917 0.481937
v -0.339846 2.236398 0.475208
v -0.328314 2.211086 0.472313
v 0.339846 2.236398 0.475208
v 0.361093 2.209230 0.463621
v 0.371784 2.258443 0.465757
v 0.337595 2.179658 0.466918
v 0.332956 2.128025 0.460415
v 0.377379 2.157800 0.438781
v -0.337595 2.179658 0.466918
v -0.311409 2.169402 0.472057
v -0.189164 2.190122 0.481506
v -0.220591 2.175311 0.479932
v 0.189164 2.190122 0.481506
v 0.115610 2.169141 0.489044
v 0.174798 2.134309 0.486596
v 0.044960 2.314207 0.499957
v 0.000000 2.270221 0.490614
v 0.056099 2.225764 0.486781
v -0.044960 2.314207 0.499957
v -0.056099 2.225764 0.486781
v 0.228119 2.139563 0.482226
v 0.195714 2.061215 0.492360
v 0.255095 2.098701 0.480896
v -0.265252 2.156734 0.479511
v -0.228119 2.139563 0.482226
v -0.293068 2.136478 0.474234
v 0.293068 2.136478 0.474234
v 0.301369 2.059053 0.466707
v -0.115610 2.169141 0.489044
v -0.062182 2.090921 0.497719
v 0.000000 2.163942 0.486974
v 0.062182 2.090921 0.497719
v 0.354166 2.399293 0.433399
v 0.296524 2.452619 0.442960
v 0.256108 2.413136 0.474601
v 0.187526 2.449608 0.474369
v 0.153538 2.396468 0.494822
v 0.087525 2.401704 0.498296
v 0.077988 2.357538 0.503626
v 0.039187 2.379722 0.504103
v 0.000000 2.344354 0.504560
v -0.077988 2.357538 0.503626
v -0.039187 2.379722 0.504103
v -0.087525 2.401704 0.498296
v -0.153538 2.396468 0.494822
v -0.187526 2.449608 0.474369
v -0.256108 2.413136 0.474601
v -0.296524 2.452619 0.442960
v -0.354166 2.399293 0.433399
v -0.162247 2.227492 0.486413
v -0.216404 2.283514 0.497548
v -0.281288 2.294504 0.497967
v -0.337299 2.270014 0.483061
v -0.371784 2.258443 0.465757
v -0.361093 2.209230 0.463621
v -0.377379 2.157800 0.438781
v -0.332956 2.128025 0.460415
v -0.301369 2.059053 0.466707
v -0.255095 2.098701 0.480896
v -0.195714 2.061215 0.492360
v -0.174798 2.134309 0.486596
v 0.239328 2.259232 0.489765
v 0.214298 2.222712 0.481153
v 0.281928 2.264314 0.490503
v 0.318680 2.248917 0.481937
v 0.328314 2.211086 0.472313
v 0.311409 2.169402 0.472057
v 0.265252 2.156734 0.479511
v 0.220591 2.175311 0.479932
v 0.337025 2.494881 0.406554
v 0.234923 2.498393 0.449685
v -0.234923 2.498393 0.449685
v -0.337025 2.494881 0.406554
v -0.118911 2.493689 0.471290
v 0.118911 2.493689 0.471290
v -0.056769 2.449671 0.486063
v 0.000000 2.496791 0.473822
v 0.058299 2.544801 0.467804
v 0.056769 2.449671 0.486063
v 0.000000 2.413556 0.497092
v -0.351726 2.002197 0.435799
v -0.247523 1.988244 0.489792
v 0.247523 1.988244 0.489792
v 0.351726 2.002197 0.435799
v -0.125974 2.005002 0.511354
v 0.125974 2.005002 0.511354
v 0.000000 2.012080 0.514939
v -0.062518 1.925577 0.535944
v 0.407839 2.232985 0.417424
v 0.399584 2.323976 0.417782
v -0.399584 2.323976 0.417782
v -0.407839 2.232985 0.417424
v 0.057866 2.643929 0.446949
v 0.058060 2.735369 0.394120
v 0.059112 2.802067 0.306569
v 0.061778 2.848769 0.196959
v 0.061849 2.855732 0.073122
v 0.061374 2.839137 -0.050253
v 0.060998 2.802877 -0.169392
v 0.060263 2.733075 -0.271484
v 0.060976 2.635116 -0.348799
v 0.062596 2.516136 -0.401802
v -0.066255 1.756172 0.586159
v -0.075691 1.589823 0.660919
v -0.083697 1.407461 0.717407
v -0.087564 1.213432 0.733959
v -0.084863 1.030412 0.690004
v -0.077735 0.888641 0.597543
v -0.072654 0.784342 0.485543
v -0.070904 0.711340 0.358712
v -0.069653 0.674016 0.218121
v -0.064259 0.658323 0.074465
v -0.058758 0.666391 -0.082518
v -0.066193 0.716619 -0.231762
v -0.069594 0.811689 -0.353984
v -0.069755 0.950908 -0.423451
v -0.066999 1.109994 -0.443204
v -0.062062 1.277166 -0.407639
v -0.064148 1.443512 -0.343722
v -0.065233 1.616096 -0.332508
v -0.065103 1.789138 -0.359741
v -0.064842 1.956225 -0.403357
v 0.125468 2.450837 -0.408470
v 0.063963 2.383972 -0.437023
v 0.000000 2.450726 -0.426147
v -0.063963 2.383972 -0.437023
v -0.125468 2.450837 -0.408470
v 0.240198 2.448119 -0.358499
v 0.186963 2.384619 -0.401480
v -0.186963 2.384619 -0.401480
v -0.240198 2.448119 -0.358499
v 0.334963 2.445856 -0.279525
v 0.294950 2.383000 -0.333793
v -0.294950 2.383000 -0.333793
v -0.334963 2.445856 -0.279525
v -0.379947 2.382581 -0.238608
v -0.404879 2.446792 -0.176783
v 0.404879 2.446792 -0.176783
v 0.379947 2.382581 -0.238608
v -0.439284 2.384353 -0.122288
v -0.450574 2.451471 -0.056652
v 0.450574 2.451471 -0.056652
v 0.439284 2.384353 -0.122288
v -0.472839 2.388399 0.007817
v -0.472015 2.458569 0.073777
v 0.472015 2.458569 0.073777
v 0.472839 2.388399 0.007817
v -0.480116 2.395361 0.143200
v -0.466139 2.468317 0.205970
v 0.466139 2.468317 0.205970
v 0.480116 2.395361 0.143200
v 0.480883 2.252512 0.148602
v 0.470062 2.177847 0.218557
v 0.476492 2.098821 0.150528
v 0.480676 2.177514 0.080223
v 0.476957 2.250209 0.008309
v 0.474321 2.100353 0.009992
v 0.463622 2.177507 -0.061743
v 0.444505 2.249073 -0.128344
v 0.444940 2.101388 -0.126304
v 0.418465 2.177527 -0.191767
v 0.383583 2.248901 -0.249069
v 0.387080 2.103113 -0.245206
v 0.345003 2.178078 -0.299495
v 0.297134 2.249290 -0.345547
v 0.300051 2.105174 -0.338075
v 0.246307 2.179672 -0.381157
v 0.188800 2.250199 -0.414541
v 0.189652 2.108374 -0.403681
v 0.128405 2.182165 -0.435165
v 0.064778 2.251235 -0.452720
v 0.064857 2.112132 -0.441376
v 0.000022 2.183950 -0.456454
v -0.064718 2.251292 -0.452760
v -0.064837 2.112165 -0.441430
v -0.128384 2.182252 -0.435256
v -0.188800 2.250199 -0.414541
v -0.189672 2.108456 -0.403817
v -0.246331 2.179811 -0.381294
v -0.297134 2.249290 -0.345547
v -0.300111 2.105263 -0.338237
v -0.345043 2.178210 -0.299636
v -0.383583 2.248901 -0.249069
v -0.387154 2.103177 -0.245363
v -0.418498 2.177622 -0.191906
v -0.444505 2.249073 -0.128344
v -0.445016 2.101425 -0.126450
v -0.463668 2.177577 -0.061896
v -0.476957 2.250209 0.008309
v -0.474403 2.100380 0.009863
v -0.480676 2.177514 0.080223
v -0.470062 2.177847 0.218557
v -0.480883 2.252512 0.148602
v -0.476492 2.098821 0.150528
v 0.465857 2.015749 0.217539
v 0.478452 2.018669 0.081306
v 0.463553 2.020926 -0.056744
v 0.421386 2.023655 -0.183570
v 0.349651 2.026871 -0.288437
v 0.248644 2.030184 -0.363571
v 0.128608 2.034282 -0.411297
v 0.000007 2.036867 -0.429390
v -0.128618 2.034320 -0.411407
v -0.248705 2.030233 -0.363745
v -0.349747 2.026904 -0.288618
v -0.421488 2.023664 -0.183728
v -0.463650 2.020922 -0.056872
v -0.478452 2.018669 0.081306
v -0.465857 2.015749 0.217539
v -0.425364 2.011514 0.339577
v -0.451515 2.096931 0.282555
v 0.425364 2.011514 0.339577
v 0.451515 2.096931 0.282555
v -0.457231 2.408906 0.275001
v -0.421235 2.482157 0.325647
v 0.421235 2.482157 0.325647
v 0.457231 2.408906 0.275001
v -0.474761 2.330063 0.214435
v -0.482654 2.322176 0.077030
v -0.463512 2.318853 -0.059906
v -0.416415 2.317163 -0.187651
v -0.342926 2.316724 -0.296441
v -0.244992 2.317271 -0.380073
v -0.127571 2.317567 -0.433745
v 0.000000 2.317307 -0.452782
v 0.127571 2.317567 -0.433745
v 0.244992 2.317271 -0.380073
v 0.342926 2.316724 -0.296441
v 0.416415 2.317163 -0.187651
v 0.463512 2.318853 -0.059906
v 0.482654 2.322176 0.077030
v 0.474761 2.330063 0.214435
v -0.391584 2.435119 0.382729
v -0.371245 2.542716 0.362283
v -0.330400 2.631769 0.336568
v -0.283009 2.695060 0.321417
v -0.211584 2.733986 0.331690
v -0.113192 2.760395 0.345920
v 0.000000 2.775634 0.356177
v 0.113192 2.760395 0.345920
v 0.211584 2.733986 0.331690
v 0.283009 2.695060 0.321417
v 0.330400 2.631769 0.336568
v 0.371245 2.542716 0.362283
v 0.391584 2.435119 0.382729
v -0.434129 2.352848 0.346619
v 0.434129 2.352848 0.346619
v -0.457570 2.260490 0.288492
v 0.457570 2.260490 0.288492
v 0.392979 1.923825 0.392156
v 0.397513 2.088585 0.395397
v 0.406708 1.751034 0.405540
v 0.438115 1.575087 0.430859
v 0.472509 1.394847 0.454286
v 0.484867 1.219730 0.459274
v 0.465087 1.058292 0.442559
v 0.413335 0.930961 0.408985
v 0.354703 0.842335 0.388065
v 0.264913 0.789398 0.400874
v 0.142075 0.750355 0.420936
v 0.000000 0.742021 0.424770
v -0.142075 0.750355 0.420936
v -0.264913 0.789398 0.400874
v -0.354703 0.842335 0.388065
v -0.413335 0.930961 0.408985
v -0.465087 1.058292 0.442559
v -0.484867 1.219730 0.459274
v -0.472509 1.394847 0.454286
v -0.438115 1.575087 0.430859
v -0.406708 1.751034 0.405540
v -0.392979 1.923825 0.392156
v -0.397513 2.088585 0.395397
v -0.432732 2.176672 0.349526
v 0.432732 2.176672 0.349526
v -0.341708 0.865716 -0.242580
v -0.394040 0.892011 -0.195677
v -0.395786 0.959689 -0.251019
v -0.342533 0.916291 -0.283423
v -0.375611 0.820294 -0.141758
v -0.435569 0.856252 -0.075049
v -0.447544 0.935309 -0.137275
v -0.398397 0.786340 -0.006170
v -0.450217 0.842075 0.070116
v -0.477048 0.912396 -0.000792
v -0.405618 0.782321 0.143314
v -0.446712 0.846180 0.218066
v -0.487760 0.907803 0.147209
v -0.387575 0.805559 0.283240
v -0.409473 0.870541 0.345037
v -0.465823 0.917660 0.290420
v -0.450162 1.012793 -0.200036
v -0.438578 1.094015 -0.263953
v -0.378819 1.029612 -0.309725
v -0.491494 0.991058 -0.069220
v -0.493344 1.073920 -0.135670
v -0.508480 0.979238 0.075958
v -0.518581 1.055035 0.005369
v -0.510365 0.979989 0.225171
v -0.530939 1.052784 0.154442
v -0.471887 0.987527 0.363944
v -0.519223 1.055794 0.303996
v -0.478436 1.160875 -0.198393
v -0.443109 1.250569 -0.248771
v -0.396643 1.180043 -0.310834
v -0.518482 1.139249 -0.063299
v -0.504960 1.230000 -0.127908
v -0.539047 1.127766 0.083132
v -0.536634 1.210584 0.013010
v -0.541607 1.131657 0.234013
v -0.548433 1.207707 0.162505
v -0.511844 1.135647 0.383738
v -0.536861 1.214730 0.313163
v -0.475677 1.325088 -0.181588
v -0.433336 1.419918 -0.221028
v -0.392634 1.341095 -0.278203
v -0.520433 1.305617 -0.054567
v -0.493991 1.405794 -0.113461
v -0.543306 1.291929 0.092298
v -0.526364 1.389894 0.021607
v -0.543947 1.294043 0.240202
v -0.538288 1.382199 0.167733
v -0.514097 1.301443 0.388487
v -0.524824 1.387447 0.312999
v -0.458860 1.503248 -0.164531
v -0.416241 1.598176 -0.210354
v -0.381620 1.514099 -0.253505
v -0.501917 1.491193 -0.045153
v -0.473418 1.588907 -0.105687
v -0.522786 1.479420 0.094531
v -0.502876 1.579322 0.022707
v -0.521674 1.476694 0.237369
v -0.510710 1.570720 0.163249
v -0.488627 1.482405 0.377637
v -0.492868 1.570560 0.301368
v -0.440266 1.683172 -0.162334
v -0.401260 1.774639 -0.216783
v -0.367385 1.690650 -0.253546
v -0.481954 1.675644 -0.044775
v -0.457574 1.768372 -0.108968
v -0.497620 1.668263 0.089480
v -0.484880 1.762426 0.018506
v -0.490368 1.662160 0.227587
v -0.486332 1.756675 0.155084
v -0.453562 1.662269 0.358012
v -0.462636 1.752284 0.287484
v -0.427740 1.857852 -0.171259
v -0.392290 1.944324 -0.232164
v -0.356500 1.863377 -0.269775
v -0.469375 1.853047 -0.050257
v -0.448334 1.940082 -0.117676
v -0.470201 1.843576 0.219201
v -0.476479 1.932686 0.150894
v -0.482833 1.848547 0.084009
v -0.429861 1.839913 0.342727
v -0.449573 1.928902 0.280931
v -0.362832 2.505546 -0.221796
v -0.377179 2.563894 -0.163077
v -0.328301 2.607665 -0.198158
v -0.315767 2.560302 -0.254725
v -0.417841 2.510480 -0.114308
v -0.418332 2.574127 -0.052457
v -0.373304 2.619575 -0.103812
v -0.450998 2.518818 0.007780
v -0.440340 2.585101 0.070734
v -0.406598 2.636602 0.008136
v -0.460325 2.527783 0.137315
v -0.433014 2.592000 0.197495
v -0.414324 2.646330 0.132698
v -0.436024 2.536189 0.262561
v -0.385762 2.591223 0.306497
v -0.385568 2.642306 0.249389
v -0.325024 2.654094 -0.146157
v -0.281357 2.675927 -0.180348
v -0.282965 2.641833 -0.218542
v -0.359693 2.676612 -0.047652
v -0.308530 2.704368 -0.097266
v -0.381524 2.695541 0.069438
v -0.335717 2.734235 0.008741
v -0.370691 2.694658 0.191437
v -0.338991 2.742361 0.131066
v -0.330777 2.675483 0.289636
v -0.315400 2.723431 0.241896
v -0.258709 2.719143 -0.144049
v -0.211979 2.719215 -0.192223
v -0.246842 2.676149 -0.216313
v -0.280648 2.757653 -0.047366
v -0.224200 2.767520 -0.100711
v -0.293841 2.780802 0.069832
v -0.237913 2.803933 0.009274
v -0.284329 2.771151 0.189867
v -0.238352 2.809351 0.132119
v -0.260721 2.735315 0.287166
v -0.225457 2.780433 0.244190
v -0.170111 2.767588 -0.155946
v -0.116836 2.757229 -0.214073
v -0.166006 2.704724 -0.244377
v -0.177612 2.809690 -0.048491
v -0.119199 2.809313 -0.107290
v -0.182364 2.831603 0.071400
v -0.122367 2.840219 0.010400
v -0.178586 2.820013 0.192651
v -0.122344 2.844184 0.134144
v -0.167833 2.774505 0.295348
v -0.118332 2.815956 0.251002
v -0.060998 2.802877 -0.169392
v 0.000000 2.777717 -0.226510
v -0.060263 2.733075 -0.271484
v -0.061374 2.839137 -0.050253
v 0.000000 2.828632 -0.111199
v -0.061849 2.855732 0.073122
v 0.000000 2.854275 0.011233
v -0.061778 2.848769 0.196959
v 0.000000 2.859260 0.136197
v -0.059112 2.802067 0.306569
v 0.000000 2.834043 0.256423
v 0.116836 2.757229 -0.214073
v 0.170111 2.767588 -0.155946
v 0.211979 2.719215 -0.192223
v 0.166006 2.704724 -0.244377
v 0.119199 2.809313 -0.107290
v 0.177612 2.809690 -0.048491
v 0.224200 2.767520 -0.100711
v 0.122367 2.840219 0.010400
v 0.182364 2.831603 0.071400
v 0.237913 2.803933 0.009274
v 0.122344 2.844184 0.134144
v 0.178586 2.820013 0.192651
v 0.238352 2.809351 0.132119
v 0.118332 2.815956 0.251002
v 0.167833 2.774505 0.295348
v 0.225457 2.780433 0.244190
v 0.258709 2.719143 -0.144049
v 0.281357 2.675927 -0.180348
v 0.246842 2.676149 -0.216313
v 0.280648 2.757653 -0.047366
v 0.308530 2.704368 -0.097266
v 0.293841 2.780802 0.069832
v 0.335717 2.734235 0.008741
v 0.284329 2.771151 0.189867
v 0.338991 2.742361 0.131066
v 0.260721 2.735315 0.287166
v 0.315400 2.723431 0.241896
v 0.325024 2.654094 -0.146157
v 0.328301 2.607665 -0.198158
v 0.282965 2.641833 -0.218542
v 0.359693 2.676612 -0.047652
v 0.373304 2.619575 -0.103812
v 0.381524 2.695541 0.069438
v 0.406598 2.636602 0.008136
v 0.370691 2.694658 0.191437
v 0.414324 2.646330 0.132698
v 0.330777 2.675483 0.289636
v 0.385568 2.642306 0.249389
v 0.377179 2.563894 -0.163077
v 0.362832 2.505546 -0.221796
v 0.315767 2.560302 -0.254725
v 0.418332 2.574127 -0.052457
v 0.417841 2.510480 -0.114308
v 0.440340 2.585101 0.070734
v 0.450998 2.518818 0.007780
v 0.433014 2.592000 0.197495
v 0.460325 2.527783 0.137315
v 0.385762 2.591223 0.306497
v 0.436024 2.536189 0.262561
v 0.392172 1.944342 -0.231984
v 0.427626 1.857908 -0.171104
v 0.401153 1.774716 -0.216608
v 0.356383 1.863420 -0.269573
v 0.448224 1.940113 -0.117537
v 0.469277 1.853103 -0.050150
v 0.457484 1.768450 -0.108850
v 0.476479 1.932686 0.150894
v 0.470201 1.843576 0.219201
v 0.486332 1.756675 0.155084
v 0.482760 1.848589 0.084075
v 0.449573 1.928902 0.280931
v 0.429861 1.839913 0.342727
v 0.462636 1.752284 0.287484
v 0.440196 1.683269 -0.162206
v 0.416202 1.598287 -0.210222
v 0.367300 1.690747 -0.253358
v 0.481902 1.675730 -0.044697
v 0.473399 1.589008 -0.105609
v 0.484811 1.762491 0.018579
v 0.497620 1.668263 0.089480
v 0.502866 1.579401 0.022751
v 0.490368 1.662160 0.227587
v 0.510710 1.570720 0.163249
v 0.453562 1.662269 0.358012
v 0.492868 1.570560 0.301368
v 0.458891 1.503354 -0.164467
v 0.433420 1.420013 -0.220990
v 0.381627 1.514215 -0.253385
v 0.501950 1.491282 -0.045117
v 0.493991 1.405794 -0.113461
v 0.522786 1.479420 0.094531
v 0.526364 1.389894 0.021607
v 0.521674 1.476694 0.237369
v 0.538288 1.382199 0.167733
v 0.488627 1.482405 0.377637
v 0.524824 1.387447 0.312999
v 0.475677 1.325088 -0.181588
v 0.443109 1.250569 -0.248771
v 0.392634 1.341095 -0.278203
v 0.520433 1.305617 -0.054567
v 0.504960 1.230000 -0.127908
v 0.543306 1.291929 0.092298
v 0.536634 1.210584 0.013010
v 0.543947 1.294043 0.240202
v 0.548433 1.207707 0.162505
v 0.514097 1.301443 0.388487
v 0.536861 1.214730 0.313163
v 0.478436 1.160875 -0.198393
v 0.438578 1.094015 -0.263953
v 0.396643 1.180043 -0.310834
v 0.518482 1.139249 -0.063299
v 0.493344 1.073920 -0.135670
v 0.539047 1.127766 0.083132
v 0.518581 1.055035 0.005369
v 0.541607 1.131657 0.234013
v 0.530939 1.052784 0.154442
v 0.511844 1.135647 0.383738
v 0.519223 1.055794 0.303996
v 0.450162 1.012793 -0.200036
v 0.395786 0.959689 -0.251019
v 0.378819 1.029612 -0.309725
v 0.491494 0.991058 -0.069220
v 0.447544 0.935309 -0.137275
v 0.508480 0.979238 0.075958
v 0.477048 0.912396 -0.000792
v 0.510365 0.979989 0.225171
v 0.487760 0.907803 0.147209
v 0.471887 0.987527 0.363944
v 0.465823 0.917660 0.290420
v 0.394040 0.892011 -0.195677
v 0.341708 0.865716 -0.242580
v 0.342533 0.916291 -0.283423
v 0.435569 0.856252 -0.075049
v 0.375611 0.820294 -0.141758
v 0.450217 0.842075 0.070116
v 0.398397 0.786340 -0.006170
v 0.446712 0.846180 0.218066
v 0.405618 0.782321 0.143314
v 0.409473 0.870541 0.345037
v 0.387575 0.805559 0.283240
v 0.312372 0.805564 -0.202205
v 0.254385 0.810653 -0.262958
v 0.298730 0.869836 -0.287959
v 0.335525 0.750807 -0.080090
v 0.263391 0.743005 -0.148764
v 0.344811 0.733344 0.067356
v 0.271795 0.702752 -0.007475
v 0.344309 0.743615 0.216375
v 0.280048 0.700551 0.142663
v 0.323905 0.787942 0.341942
v 0.274842 0.731956 0.284727
v 0.197994 0.748863 -0.218360
v 0.136997 0.767057 -0.291637
v 0.199245 0.836675 -0.326335
v 0.197919 0.690718 -0.082436
v 0.130530 0.695816 -0.157793
v 0.210797 0.688912 0.217378
v 0.137640 0.669344 0.144752
v 0.204592 0.677544 0.068663
v 0.207970 0.735407 0.351797
v 0.141143 0.693380 0.288915
v 0.066193 0.716619 -0.231762
v 0.000000 0.755888 -0.298946
v 0.069594 0.811689 -0.353984
v 0.058758 0.666391 -0.082518
v 0.000000 0.684304 -0.160903
v 0.125067 0.665455 -0.003755
v 0.064259 0.658323 0.074465
v 0.000000 0.655888 -0.000441
v 0.069653 0.674016 0.218121
v 0.000000 0.662638 0.148080
v 0.070904 0.711340 0.358712
v 0.000000 0.687786 0.289118
v -0.136997 0.767057 -0.291637
v -0.197994 0.748863 -0.218360
v -0.254385 0.810653 -0.262958
v -0.199245 0.836675 -0.326335
v -0.130530 0.695816 -0.157793
v -0.197919 0.690718 -0.082436
v -0.263391 0.743005 -0.148764
v -0.137640 0.669344 0.144752
v -0.210797 0.688912 0.217378
v -0.280048 0.700551 0.142663
v -0.204592 0.677544 0.068663
v -0.141143 0.693380 0.288915
v -0.207970 0.735407 0.351797
v -0.274842 0.731956 0.284727
v -0.312372 0.805564 -0.202205
v -0.298730 0.869836 -0.287959
v -0.335525 0.750807 -0.080090
v -0.271795 0.702752 -0.007475
v -0.344811 0.733344 0.067356
v -0.344309 0.743615 0.216375
v -0.323905 0.787942 0.341942
v 0.311184 0.842370 0.432635
v 0.357305 0.886463 0.435300
v 0.333687 0.928770 0.496109
v 0.270300 0.868697 0.490913
v 0.208225 0.807234 0.465493
v 0.220621 0.908737 0.559677
v 0.147388 0.839870 0.533541
v 0.000000 0.829881 0.545074
v 0.072654 0.784342 0.485543
v 0.077735 0.888641 0.597543
v -0.208225 0.807234 0.465493
v -0.147388 0.839870 0.533541
v -0.220621 0.908737 0.559677
v -0.270300 0.868697 0.490913
v -0.311184 0.842370 0.432635
v -0.333687 0.928770 0.496109
v -0.357305 0.886463 0.435300
v 0.400839 0.989720 0.480329
v 0.371246 1.054556 0.556633
v 0.295188 0.979869 0.567957
v 0.242548 1.042569 0.642130
v 0.160214 0.960725 0.631802
v 0.000000 0.950564 0.653495
v 0.084863 1.030412 0.690004
v -0.160214 0.960725 0.631802
v -0.242548 1.042569 0.642130
v -0.295188 0.979869 0.567957
v -0.371246 1.054556 0.556633
v -0.400839 0.989720 0.480329
v 0.436088 1.136213 0.518358
v 0.387939 1.220154 0.586028
v 0.320944 1.130449 0.626827
v 0.252916 1.217478 0.683500
v 0.171091 1.121505 0.700500
v 0.000000 1.115783 0.726571
v 0.087564 1.213432 0.733959
v -0.171091 1.121505 0.700500
v -0.252916 1.217478 0.683500
v -0.320944 1.130449 0.626827
v -0.387939 1.220154 0.586028
v -0.436088 1.136213 0.518358
v 0.439039 1.307916 0.525959
v 0.376261 1.402379 0.577476
v 0.322798 1.311838 0.640154
v 0.243624 1.407278 0.670797
v 0.170833 1.312200 0.714427
v 0.000000 1.310524 0.739322
v 0.083697 1.407461 0.717407
v -0.170833 1.312200 0.714427
v -0.243624 1.407278 0.670797
v -0.322798 1.311838 0.640154
v -0.376261 1.402379 0.577476
v -0.439039 1.307916 0.525959
v 0.413625 1.489401 0.505315
v 0.343872 1.580418 0.538984
v 0.300525 1.496119 0.608382
v 0.219692 1.585760 0.617592
v 0.158496 1.500601 0.676729
v 0.000000 1.501060 0.699631
v 0.075691 1.589823 0.660919
v -0.158496 1.500601 0.676729
v -0.219692 1.585760 0.617592
v -0.300525 1.496119 0.608382
v -0.343872 1.580418 0.538984
v -0.413625 1.489401 0.505315
v 0.378770 1.664681 0.471101
v 0.314910 1.750876 0.497655
v 0.270167 1.667873 0.555726
v 0.196684 1.752971 0.557474
v 0.140106 1.671838 0.608295
v 0.000000 1.673576 0.626865
v 0.066255 1.756172 0.586159
v -0.140106 1.671838 0.608295
v -0.196684 1.752971 0.557474
v -0.270167 1.667873 0.555726
v -0.314910 1.750876 0.497655
v -0.378770 1.664681 0.471101
v 0.356166 1.836469 0.444150
v 0.302787 1.915897 0.473055
v 0.250957 1.834433 0.513282
v 0.188046 1.916888 0.518245
v 0.127396 1.838698 0.550226
v 0.000000 1.841764 0.560998
v 0.062518 1.925577 0.535944
v -0.127396 1.838698 0.550226
v -0.188046 1.916888 0.518245
v -0.250957 1.834433 0.513282
v -0.302787 1.915897 0.473055
v -0.356166 1.836469 0.444150
v 0.280410 2.545710 0.424448
v 0.313616 2.589863 0.383341
v 0.260119 2.631588 0.394090
v 0.222339 2.592166 0.431120
v 0.174164 2.545638 0.457315
v 0.165977 2.637400 0.426549
v 0.114595 2.593080 0.452680
v -0.058299 2.544801 0.467804
v 0.000000 2.593749 0.458941
v -0.057866 2.643929 0.446949
v -0.114595 2.593080 0.452680
v -0.174164 2.545638 0.457315
v -0.165977 2.637400 0.426549
v -0.222339 2.592166 0.431120
v -0.280410 2.545710 0.424448
v -0.260119 2.631588 0.394090
v -0.313616 2.589863 0.383341
v 0.283331 2.663188 0.355351
v 0.246580 2.694607 0.353837
v 0.211205 2.673887 0.392888
v -0.370023 0.906816 -0.244130
v -0.416280 0.874011 -0.138858
v -0.443965 0.845950 -0.003696
v -0.452792 0.841254 0.144556
v -0.430779 0.857202 0.285540
v -0.419890 1.022092 -0.258816
v -0.472394 1.002325 -0.135965
v -0.501043 0.982231 0.002327
v -0.512887 0.978719 0.150314
v -0.493874 0.983678 0.296074
v -0.444215 1.171165 -0.258759
v -0.502098 1.150022 -0.132349
v -0.530700 1.130008 0.008754
v -0.542990 1.129126 0.158362
v -0.532270 1.133796 0.309511
v -0.439236 1.333781 -0.234588
v -0.501622 1.315215 -0.121556
v -0.534597 1.296797 0.017706
v -0.546458 1.291821 0.166234
v -0.534208 1.297170 0.314640
v -0.424998 1.508875 -0.213301
v -0.483865 1.497349 -0.108098
v -0.514954 1.484860 0.023218
v -0.525461 1.476246 0.166420
v -0.510092 1.479191 0.307987
v -0.408150 1.686963 -0.211864
v -0.464660 1.679399 -0.106256
v -0.492770 1.671904 0.020961
v -0.497112 1.664740 0.158947
v -0.476353 1.661569 0.294171
v -0.396105 1.860604 -0.224066
v -0.452145 1.855371 -0.112988
v -0.479775 1.845824 0.152389
v -0.453851 1.841651 0.283011
v -0.349210 2.561136 -0.211609
v -0.399964 2.568579 -0.109682
v -0.431830 2.580017 0.008173
v -0.441013 2.589459 0.134879
v -0.414722 2.592743 0.256334
v -0.305484 2.645882 -0.186528
v -0.342568 2.664610 -0.098985
v -0.374490 2.688632 0.008613
v -0.380039 2.697626 0.131692
v -0.352843 2.686018 0.244529
v -0.250490 2.698814 -0.183917
v -0.269066 2.738749 -0.098032
v -0.289887 2.773242 0.009072
v -0.291548 2.779896 0.131289
v -0.272701 2.754715 0.242056
v -0.167047 2.738687 -0.202686
v -0.173368 2.790031 -0.103493
v -0.181154 2.825088 0.009837
v -0.181179 2.829146 0.132928
v -0.173213 2.799800 0.247092
v -0.060365 2.772025 -0.223466
v -0.060912 2.823689 -0.110396
v -0.061676 2.850492 0.010806
v -0.061789 2.854826 0.135528
v -0.060489 2.828912 0.254500
v 0.167047 2.738687 -0.202686
v 0.173368 2.790031 -0.103493
v 0.181154 2.825088 0.009837
v 0.181179 2.829146 0.132928
v 0.173213 2.799800 0.247092
v 0.250490 2.698814 -0.183917
v 0.269066 2.738749 -0.098032
v 0.289887 2.773242 0.009072
v 0.291548 2.779896 0.131289
v 0.272701 2.754715 0.242056
v 0.305484 2.645882 -0.186528
v 0.342568 2.664610 -0.098985
v 0.374490 2.688632 0.008613
v 0.380039 2.697626 0.131692
v 0.352843 2.686018 0.244529
v 0.349210 2.561136 -0.211609
v 0.399964 2.568579 -0.109682
v 0.431830 2.580017 0.008173
v 0.441013 2.589459 0.134879
v 0.414722 2.592743 0.256334
v 0.395986 1.860654 -0.223884
v 0.452038 1.855428 -0.112857
v 0.479775 1.845824 0.152389
v 0.453851 1.841651 0.283011
v 0.408070 1.687062 -0.211704
v 0.464599 1.679493 -0.106154
v 0.492727 1.671979 0.021021
v 0.497112 1.664740 0.158947
v 0.476353 1.661569 0.294171
v 0.425017 1.508986 -0.213210
v 0.483900 1.497448 -0.108051
v 0.514954 1.484860 0.023218
v 0.525461 1.476246 0.166420
v 0.510092 1.479191 0.307987
v 0.439236 1.333781 -0.234588
v 0.501622 1.315215 -0.121556
v 0.534597 1.296797 0.017706
v 0.546458 1.291821 0.166234
v 0.534208 1.297170 0.314640
v 0.444215 1.171165 -0.258759
v 0.502098 1.150022 -0.132349
v 0.530700 1.130008 0.008754
v 0.542990 1.129126 0.158362
v 0.532270 1.133796 0.309511
v 0.419890 1.022092 -0.258816
v 0.472394 1.002325 -0.135965
v 0.501043 0.982231 0.002327
v 0.512887 0.978719 0.150314
v 0.493874 0.983678 0.296074
v 0.370023 0.906816 -0.244130
v 0.416280 0.874011 -0.138858
v 0.443965 0.845950 -0.003696
v 0.452792 0.841254 0.144556
v 0.430779 0.857202 0.285540
v 0.303127 0.835515 -0.250211
v 0.323940 0.776432 -0.145055
v 0.339545 0.737460 -0.007353
v 0.347149 0.734749 0.142719
v 0.334954 0.763349 0.283235
v 0.198446 0.787664 -0.276987
v 0.197115 0.717392 -0.152568
v 0.209015 0.680166 0.143350
v 0.209330 0.709751 0.286401
v 0.068532 0.757596 -0.297597
v 0.063068 0.686385 -0.159413
v 0.056879 0.657481 -0.000311
v 0.067923 0.663969 0.146456
v 0.070398 0.688541 0.289396
v -0.198446 0.787664 -0.276987
v -0.197115 0.717392 -0.152568
v -0.209015 0.680166 0.143350
v -0.209330 0.709751 0.286401
v -0.303127 0.835515 -0.250211
v -0.323940 0.776432 -0.145055
v -0.339545 0.737460 -0.007353
v -0.347149 0.734749 0.142719
v -0.334954 0.763349 0.283235
v 0.319092 0.880397 0.464940
v 0.212684 0.854064 0.514343
v 0.074807 0.832634 0.542938
v -0.212684 0.854064 0.514343
v -0.319092 0.880397 0.464940
v 0.352238 0.986493 0.527458
v 0.230541 0.971150 0.602037
v 0.081400 0.953757 0.647936
v -0.230541 0.971150 0.602037
v -0.352238 0.986493 0.527458
v 0.383076 1.134185 0.576032
v 0.250231 1.126055 0.669263
v 0.086974 1.117769 0.719375
v -0.250231 1.126055 0.669263
v -0.383076 1.134185 0.576032
v 0.385664 1.309964 0.586613
v 0.250676 1.312585 0.683634
v 0.086194 1.311310 0.732421
v -0.250676 1.312585 0.683634
v -0.385664 1.309964 0.586613
v 0.361156 1.492778 0.560270
v 0.232877 1.498898 0.648057
v 0.080381 1.501020 0.693674
v -0.232877 1.498898 0.648057
v -0.361156 1.492778 0.560270
v 0.327956 1.666142 0.517200
v 0.207028 1.669849 0.586038
v 0.070662 1.673300 0.622080
v -0.207028 1.669849 0.586038
v -0.327956 1.666142 0.517200
v 0.306668 1.834776 0.482940
v 0.190514 1.836090 0.535420
v 0.063607 1.840851 0.558532
v -0.190514 1.836090 0.535420
v -0.306668 1.834776 0.482940
v 0.270468 2.590795 0.410501
v 0.169495 2.592361 0.443384
v -0.057835 2.594086 0.458928
v -0.169495 2.592361 0.443384
v -0.270468 2.590795 0.410501
v 0.251393 2.667030 0.375628
v 0.163690 2.679520 0.404148
v -0.057924 2.692263 0.425912
v -0.163690 2.679520 0.404148
v -0.251393 2.667030 0.375628
v 0.304232 0.913658 -0.312664
v 0.200312 0.895129 -0.363218
v 0.070059 0.878044 -0.395865
v -0.200312 0.895129 -0.363218
v -0.304232 0.913658 -0.312664
v 0.327620 1.034010 -0.350112
v 0.204376 1.034044 -0.406373
v 0.068809 1.028464 -0.439712
v -0.204376 1.034044 -0.406373
v -0.327620 1.034010 -0.350112
v 0.338974 1.186471 -0.350356
v 0.204195 1.192099 -0.403545
v 0.063768 1.192764 -0.431846
v -0.204195 1.192099 -0.403545
v -0.338974 1.186471 -0.350356
v 0.336719 1.346863 -0.311838
v 0.201390 1.355553 -0.356432
v 0.062531 1.360211 -0.373704
v -0.201340 1.355472 -0.356514
v -0.336719 1.346863 -0.311838
v 0.328070 1.518911 -0.284093
v 0.199717 1.526083 -0.320698
v 0.065020 1.529247 -0.331328
v -0.199700 1.525984 -0.320856
v -0.328070 1.518793 -0.284243
v 0.316967 1.694201 -0.285875
v 0.196175 1.699972 -0.326553
v 0.065259 1.703023 -0.342720
v -0.196199 1.699905 -0.326736
v -0.317040 1.694109 -0.286081
v 0.308080 1.865953 -0.306545
v 0.192665 1.870634 -0.357128
v 0.064955 1.873734 -0.380766
v -0.192710 1.870619 -0.357300
v -0.308181 1.865920 -0.306755
v 0.275992 2.562392 -0.291565
v 0.178169 2.570361 -0.347381
v -0.061696 2.577586 -0.378210
v -0.178169 2.570361 -0.347381
v -0.275992 2.562392 -0.291565
v 0.252541 2.646459 -0.242184
v 0.167608 2.665266 -0.281113
v -0.060435 2.687119 -0.313306
v -0.167608 2.665266 -0.281113
v -0.252541 2.646459 -0.242184
v -0.479484 1.850768 0.015927
v 0.479398 1.850818 0.016012
v 0.198392 0.679907 -0.006423
v -0.198392 0.679907 -0.006423
v 0.145403 2.311564 0.500492
v -0.145403 2.311564 0.500492
v 0.231053 2.341448 0.502809
v -0.231053 2.341448 0.502809
v 0.316705 2.337053 0.485397
v -0.316705 2.337053 0.485397
v -0.292683 2.195629 0.476313
v 0.258134 2.237824 0.483831
v -0.297541 2.232944 0.480682
v 0.250951 2.199234 0.479122
v -0.250951 2.199234 0.479122
v -0.258134 2.237824 0.483831
v 0.292683 2.195629 0.476313
v 0.297541 2.232944 0.480682
v -0.224086 2.244931 0.485674
v 0.186113 2.262608 0.492126
v -0.259530 2.264697 0.491381
v 0.248793 2.293620 0.499803
v 0.311866 2.286885 0.491809
v -0.303056 2.259088 0.486872
v -0.326887 2.232589 0.476665
v 0.354507 2.243707 0.472878
v 0.354652 2.168611 0.459060
v -0.323169 2.188450 0.470891
v -0.212414 2.197161 0.479581
v 0.158379 2.180263 0.485385
v 0.050343 2.274844 0.492179
v -0.050343 2.274844 0.492179
v 0.212633 2.108005 0.485527
v -0.239845 2.162166 0.480390
v -0.290847 2.159164 0.475737
v 0.296378 2.105404 0.470390
v -0.058420 2.163633 0.488596
v 0.058420 2.163633 0.488596
v 0.306122 2.410316 0.457780
v 0.204699 2.408705 0.486304
v 0.112754 2.375398 0.500703
v 0.040771 2.348478 0.504666
v -0.040771 2.348478 0.504666
v -0.112754 2.375398 0.500703
v -0.204699 2.408705 0.486304
v -0.306122 2.410316 0.457780
v -0.186113 2.262608 0.492126
v -0.248793 2.293620 0.499803
v -0.311866 2.286885 0.491809
v -0.354507 2.243707 0.472878
v -0.354652 2.168611 0.459060
v -0.296378 2.105404 0.470390
v -0.212633 2.108005 0.485527
v -0.158379 2.180263 0.485385
v 0.224086 2.244931 0.485674
v 0.259530 2.264697 0.491381
v 0.303056 2.259088 0.486872
v 0.326887 2.232589 0.476665
v 0.323169 2.188450 0.470891
v 0.290847 2.159164 0.475737
v 0.239845 2.162166 0.480390
v 0.212414 2.197161 0.479581
v 0.287475 2.497845 0.431607
v -0.287475 2.497845 0.431607
v -0.178909 2.496576 0.462626
v 0.178909 2.496576 0.462626
v -0.058633 2.496005 0.473954
v 0.058633 2.496005 0.473954
v -0.046203 2.411476 0.497386
v 0.046203 2.411476 0.497386
v -0.301817 1.991966 0.468052
v 0.301817 1.991966 0.468052
v -0.188759 1.993527 0.503869
v 0.188759 1.993527 0.503869
v -0.062217 2.009736 0.514771
v 0.062217 2.009736 0.514771
v 0.388706 2.284987 0.446116
v -0.388706 2.284987 0.446116
v 0.057835 2.594086 0.458928
v 0.057924 2.692263 0.425912
v 0.060489 2.828912 0.254500
v 0.061789 2.854826 0.135528
v 0.061676 2.850492 0.010806
v 0.060912 2.823689 -0.110396
v 0.060365 2.772025 -0.223466
v 0.060435 2.687119 -0.313306
v 0.061696 2.577586 -0.378210
v -0.063607 1.840851 0.558532
v -0.070662 1.673300 0.622080
v -0.080381 1.501020 0.693674
v -0.086194 1.311310 0.732421
v -0.086974 1.117769 0.719375
v -0.081400 0.953757 0.647936
v -0.074807 0.832634 0.542938
v -0.070398 0.688541 0.289396
v -0.067923 0.663969 0.146456
v -0.056879 0.657481 -0.000312
v -0.063068 0.686385 -0.159413
v -0.068532 0.757596 -0.297597
v -0.070059 0.878044 -0.395865
v -0.068809 1.028464 -0.439712
v -0.063768 1.192764 -0.431846
v -0.062489 1.360180 -0.373742
v -0.064966 1.529209 -0.331397
v -0.065237 1.702999 -0.342794
v -0.064954 1.873730 -0.380833
v 0.063329 2.451164 -0.421511
v -0.063329 2.451164 -0.421511
v 0.184862 2.449645 -0.387314
v -0.184862 2.449645 -0.387314
v 0.290622 2.446670 -0.322285
v -0.290622 2.446670 -0.322285
v -0.373062 2.445837 -0.230670
v 0.373062 2.445837 -0.230670
v -0.430715 2.448810 -0.118471
v 0.430715 2.448810 -0.118471
v -0.464416 2.454765 0.007800
v 0.464416 2.454765 0.007800
v -0.472936 2.462979 0.140200
v 0.472936 2.462979 0.140200
v 0.478634 2.177299 0.150238
v 0.475704 2.177672 0.008787
v 0.444585 2.177433 -0.129006
v 0.385135 2.177708 -0.248728
v 0.298476 2.178736 -0.343675
v 0.189248 2.180875 -0.411825
v 0.064885 2.183362 -0.450657
v -0.064847 2.183408 -0.450706
v -0.189250 2.180994 -0.411946
v -0.298512 2.178878 -0.343818
v -0.385172 2.177823 -0.248866
v -0.444621 2.177513 -0.129152
v -0.475704 2.177672 0.008787
v -0.478634 2.177299 0.150238
v 0.475581 2.017056 0.150400
v 0.474411 2.019937 0.011603
v 0.446005 2.022191 -0.122250
v 0.389314 2.025243 -0.239358
v 0.302257 2.028459 -0.329632
v 0.190321 2.032226 -0.390883
v 0.064827 2.036050 -0.424543
v -0.064819 2.036070 -0.424602
v -0.190355 2.032273 -0.391031
v -0.302339 2.028502 -0.329815
v -0.389416 2.025263 -0.239529
v -0.446106 2.022191 -0.122394
v -0.474504 2.019933 0.011491
v -0.475581 2.017056 0.150400
v -0.449294 2.014100 0.281036
v 0.449294 2.014100 0.281036
v -0.449385 2.474732 0.268999
v 0.449385 2.474732 0.268999
v -0.482066 2.325156 0.146083
v -0.476511 2.320208 0.008001
v -0.443400 2.317781 -0.125557
v -0.382780 2.316916 -0.245010
v -0.296786 2.316913 -0.341720
v -0.188242 2.317699 -0.410904
v -0.064438 2.317496 -0.447840
v 0.064438 2.317496 -0.447840
v 0.188242 2.317699 -0.410904
v 0.296786 2.316913 -0.341720
v 0.382780 2.316916 -0.245010
v 0.443400 2.317781 -0.125557
v 0.476511 2.320208 0.008001
v 0.482066 2.325156 0.146083
v -0.382678 2.489486 0.371737
v -0.352227 2.590142 0.348956
v -0.308450 2.667826 0.327075
v -0.251281 2.715676 0.324723
v -0.164265 2.747200 0.337949
v -0.058455 2.771711 0.353276
v 0.058455 2.771711 0.353276
v 0.164265 2.747200 0.337949
v 0.251281 2.715676 0.324723
v 0.308450 2.667826 0.327075
v 0.352227 2.590142 0.348956
v 0.382678 2.489486 0.371737
v -0.398295 2.379002 0.397100
v 0.398295 2.379002 0.397100
v -0.459587 2.338150 0.282105
v 0.459587 2.338150 0.282105
v 0.393487 2.007618 0.391628
v 0.397387 1.838257 0.396862
v 0.420909 1.663528 0.417545
v 0.456542 1.485943 0.443894
v 0.482203 1.304670 0.459564
v 0.479645 1.136624 0.453644
v 0.440645 0.989652 0.425648
v 0.385203 0.881303 0.395297
v 0.314841 0.813843 0.391935
v 0.206911 0.767679 0.411480
v 0.071570 0.743664 0.424527
v -0.071570 0.743664 0.424527
v -0.206911 0.767679 0.411480
v -0.314841 0.813843 0.391935
v -0.385203 0.881303 0.395297
v -0.440645 0.989652 0.425648
v -0.479645 1.136624 0.453644
v -0.482203 1.304670 0.459564
v -0.456542 1.485943 0.443894
v -0.420909 1.663528 0.417545
v -0.397387 1.838257 0.396862
v -0.393487 2.007618 0.391628
v -0.454793 2.178480 0.285314
v 0.454793 2.178480 0.285314
v -0.406057 2.164569 0.400921
v 0.406057 2.164569 0.400921
vt 0.838936 0.754034
vt 0.319181 0.010077
vt 0.088244 0.156656
vt 0.832086 0.760801
vt 0.313071 0.022545
vt 0.102288 0.158939
vt 0.097601 0.174537
vt 0.082587 0.171041
vt 0.821878 0.770545
vt 0.305910 0.037638
vt 0.118487 0.160868
vt 0.298634 0.055099
vt 0.136106 0.163201
vt 0.130788 0.180477
vt 0.113629 0.177545
vt 0.291768 0.074260
vt 0.154555 0.166562
vt 0.285634 0.094349
vt 0.173024 0.171661
vt 0.166302 0.188882
vt 0.148571 0.183974
vt 0.280731 0.114925
vt 0.191390 0.177630
vt 0.277536 0.135534
vt 0.209419 0.184450
vt 0.201208 0.200601
vt 0.183944 0.194567
vt 0.276105 0.155263
vt 0.226397 0.191746
vt 0.275970 0.173128
vt 0.242038 0.199008
vt 0.233810 0.213015
vt 0.218036 0.207018
vt 0.075857 0.187620
vt 0.809004 0.781905
vt 0.091675 0.191649
vt 0.085443 0.210211
vt 0.068808 0.206361
vt 0.793958 0.793873
vt 0.108104 0.194972
vt 0.124984 0.198119
vt 0.119035 0.216196
vt 0.102085 0.213323
vt 0.142416 0.201476
vt 0.159642 0.206319
vt 0.153117 0.224164
vt 0.136165 0.219459
vt 0.176670 0.211793
vt 0.193606 0.217553
vt 0.186288 0.235108
vt 0.169814 0.229630
vt 0.210046 0.223122
vt 0.225958 0.228820
vt 0.218683 0.245977
vt 0.202553 0.240718
vt 0.062710 0.226520
vt 0.777153 0.804976
vt 0.079334 0.229706
vt 0.073894 0.250584
vt 0.057448 0.247948
vt 0.759778 0.815539
vt 0.096096 0.232487
vt 0.112969 0.235065
vt 0.107011 0.255139
vt 0.090210 0.252876
vt 0.130110 0.237994
vt 0.146896 0.242625
vt 0.141094 0.262137
vt 0.124149 0.258043
vt 0.163313 0.248027
vt 0.179507 0.253645
vt 0.173389 0.272591
vt 0.157413 0.267110
vt 0.195616 0.259124
vt 0.211731 0.264522
vt 0.205448 0.283654
vt 0.189356 0.278210
vt 0.053331 0.271222
vt 0.741604 0.826236
vt 0.068907 0.273199
vt 0.064483 0.297297
vt 0.049721 0.295691
vt 0.722942 0.836644
vt 0.084650 0.275074
vt 0.101172 0.277260
vt 0.095787 0.301318
vt 0.079717 0.299241
vt 0.118393 0.279781
vt 0.135488 0.283263
vt 0.129700 0.306478
vt 0.112681 0.303593
vt 0.151814 0.287747
vt 0.167804 0.292684
vt 0.162315 0.314642
vt 0.146310 0.310153
vt 0.183789 0.297815
vt 0.199834 0.303262
vt 0.194566 0.324476
vt 0.178353 0.319535
vt 0.045545 0.320845
vt 0.703602 0.846186
vt 0.060022 0.322186
vt 0.055592 0.347103
vt 0.041213 0.345953
vt 0.684355 0.855611
vt 0.074975 0.323896
vt 0.090723 0.325904
vt 0.086122 0.350510
vt 0.070493 0.348636
vt 0.107325 0.328122
vt 0.124240 0.330666
vt 0.119385 0.354983
vt 0.102491 0.352651
vt 0.140946 0.333734
vt 0.157235 0.337582
vt 0.152811 0.360768
vt 0.136289 0.357556
vt 0.173443 0.341902
vt 0.189730 0.346524
vt 0.185616 0.368525
vt 0.169151 0.364513
vt 0.036722 0.370708
vt 0.665273 0.865104
vt 0.051240 0.371688
vt 0.047003 0.395770
vt 0.032180 0.394957
vt 0.646454 0.874861
vt 0.066274 0.373031
vt 0.081963 0.374723
vt 0.078195 0.398408
vt 0.062309 0.396922
vt 0.098313 0.376709
vt 0.115152 0.378928
vt 0.111585 0.402216
vt 0.094673 0.400186
vt 0.132165 0.381273
vt 0.149014 0.383888
vt 0.145725 0.406719
vt 0.128722 0.404405
vt 0.165565 0.387018
vt 0.182010 0.390548
vt 0.178960 0.412252
vt 0.162446 0.409340
vt 0.027773 0.418592
vt 0.627994 0.884941
vt 0.042989 0.419229
vt 0.039334 0.442003
vt 0.023736 0.441531
vt 0.008474 0.441185
vt 0.058644 0.420185
vt 0.074814 0.421462
vt 0.071836 0.443822
vt 0.055349 0.442760
vt 0.125865 0.426722
vt 0.108604 0.424845
vt 0.142978 0.428850
vt 0.140608 0.450284
vt 0.123438 0.448377
vt 0.106101 0.446759
vt 0.159776 0.431155
vt 0.176280 0.433606
vt 0.173850 0.454411
vt 0.157419 0.452303
vt 0.480511 0.963544
vt 0.024073 0.595174
vt 0.027047 0.610545
vt 0.466197 0.968127
vt 0.038607 0.594138
vt 0.040732 0.609565
vt 0.042620 0.623879
vt 0.029936 0.624292
vt 0.453175 0.971571
vt 0.053415 0.593848
vt 0.054979 0.609556
vt 0.068561 0.594097
vt 0.069729 0.610035
vt 0.070815 0.625343
vt 0.056263 0.624351
vt 0.083938 0.594647
vt 0.084961 0.610798
vt 0.099512 0.595470
vt 0.100401 0.611497
vt 0.101702 0.627164
vt 0.085933 0.626289
vt 0.115064 0.596438
vt 0.116055 0.612345
vt 0.130517 0.597709
vt 0.131431 0.613118
vt 0.133215 0.628043
vt 0.117501 0.627739
vt 0.145558 0.599246
vt 0.146460 0.613984
vt 0.160210 0.601218
vt 0.160654 0.615038
vt 0.161994 0.628048
vt 0.148094 0.628057
vt 0.032077 0.636123
vt 0.442476 0.973986
vt 0.043716 0.636735
vt 0.145882 0.782871
vt 0.145894 0.793858
vt 0.146026 0.801290
vt 0.056978 0.638224
vt 0.071385 0.639883
vt 0.146817 0.755131
vt 0.146030 0.769780
vt 0.086918 0.641473
vt 0.103105 0.642441
vt 0.151770 0.722599
vt 0.148488 0.739213
vt 0.119554 0.642778
vt 0.135594 0.642337
vt 0.162766 0.690584
vt 0.156588 0.706154
vt 0.150662 0.641308
vt 0.164408 0.640074
vt 0.168179 0.650949
vt 0.169851 0.676538
vt 0.155366 0.795512
vt 0.430469 0.970298
vt 0.157228 0.784129
vt 0.169166 0.786975
vt 0.166057 0.799141
vt 0.423436 0.962514
vt 0.158801 0.771151
vt 0.160501 0.757006
vt 0.174357 0.759811
vt 0.171725 0.773795
vt 0.162920 0.741878
vt 0.166219 0.726302
vt 0.180668 0.730286
vt 0.177213 0.745218
vt 0.170609 0.710874
vt 0.175820 0.696100
vt 0.189131 0.701171
vt 0.184694 0.715461
vt 0.181516 0.682425
vt 0.187123 0.670111
vt 0.198439 0.675234
vt 0.193809 0.687660
vt 0.178130 0.803722
vt 0.415251 0.952985
vt 0.181860 0.790774
vt 0.195418 0.794895
vt 0.191380 0.808728
vt 0.406271 0.942125
vt 0.185148 0.777155
vt 0.188257 0.763197
vt 0.202480 0.766769
vt 0.199027 0.780880
vt 0.191508 0.748871
vt 0.195005 0.734287
vt 0.209402 0.738240
vt 0.205877 0.752567
vt 0.198752 0.719880
vt 0.202713 0.705828
vt 0.216639 0.710163
vt 0.212959 0.724076
vt 0.206829 0.692366
vt 0.210846 0.679783
vt 0.223966 0.684006
vt 0.220331 0.696664
vt 0.205968 0.813570
vt 0.397015 0.929923
vt 0.209795 0.799141
vt 0.224761 0.802999
vt 0.221183 0.817620
vt 0.217498 0.832672
vt 0.213527 0.784693
vt 0.217021 0.770425
vt 0.231839 0.774011
vt 0.228343 0.788335
vt 0.220525 0.756249
vt 0.223997 0.742058
vt 0.238759 0.745635
vt 0.235300 0.759820
vt 0.227457 0.728007
vt 0.230882 0.714230
vt 0.245485 0.718042
vt 0.242153 0.731711
vt 0.234349 0.700777
vt 0.237719 0.687940
vt 0.251932 0.691589
vt 0.248800 0.704440
vt 0.374662 0.888496
vt 0.251729 0.823451
vt 0.265817 0.825175
vt 0.369510 0.875380
vt 0.254543 0.809362
vt 0.268463 0.811907
vt 0.281485 0.814401
vt 0.278641 0.826648
vt 0.365138 0.863603
vt 0.257795 0.795239
vt 0.271826 0.798316
vt 0.261230 0.781115
vt 0.275498 0.784493
vt 0.289395 0.787889
vt 0.285288 0.801519
vt 0.264755 0.766939
vt 0.279210 0.770276
vt 0.268221 0.752594
vt 0.282820 0.755715
vt 0.297387 0.758764
vt 0.293579 0.773614
vt 0.271582 0.738379
vt 0.286124 0.741196
vt 0.274718 0.724332
vt 0.289074 0.726895
vt 0.303274 0.729012
vt 0.300636 0.743744
vt 0.277652 0.710646
vt 0.291615 0.713046
vt 0.280248 0.697734
vt 0.293838 0.700025
vt 0.306946 0.701698
vt 0.305338 0.714862
vt 0.289805 0.828343
vt 0.361735 0.853680
vt 0.293396 0.817373
vt 0.456904 0.749352
vt 0.467757 0.752150
vt 0.475042 0.754061
vt 0.297979 0.805122
vt 0.302986 0.791776
vt 0.429610 0.741460
vt 0.443988 0.745772
vt 0.307804 0.777227
vt 0.312047 0.761875
vt 0.398385 0.729212
vt 0.414230 0.735971
vt 0.315251 0.746153
vt 0.317424 0.730635
vt 0.368656 0.712276
vt 0.383002 0.721193
vt 0.318661 0.715871
vt 0.319349 0.702356
vt 0.330918 0.701883
vt 0.355914 0.702981
vt 0.472628 0.743562
vt 0.364324 0.841389
vt 0.462013 0.738747
vt 0.468902 0.727839
vt 0.479973 0.734044
vt 0.371619 0.833198
vt 0.449555 0.733965
vt 0.436002 0.728806
vt 0.443198 0.716160
vt 0.456574 0.721978
vt 0.421481 0.723067
vt 0.406665 0.716475
vt 0.414940 0.703559
vt 0.429341 0.710040
vt 0.391907 0.709202
vt 0.377871 0.701427
vt 0.386560 0.689831
vt 0.400650 0.696796
vt 0.364968 0.693576
vt 0.353333 0.686152
vt 0.361010 0.676586
vt 0.373345 0.682993
vt 0.488864 0.723170
vt 0.380939 0.823474
vt 0.477166 0.716001
vt 0.486150 0.703285
vt 0.498577 0.710894
vt 0.510305 0.719215
vt 0.464521 0.709435
vt 0.451206 0.703071
vt 0.459577 0.689460
vt 0.473138 0.696211
vt 0.437333 0.696736
vt 0.423304 0.690248
vt 0.431469 0.676430
vt 0.445673 0.682869
vt 0.409017 0.683794
vt 0.395011 0.677402
vt 0.402914 0.664143
vt 0.417217 0.670129
vt 0.381271 0.671252
vt 0.368186 0.665653
vt 0.374939 0.653588
vt 0.388855 0.658583
vt 0.514383 0.733072
vt 0.569556 0.574672
vt 0.576528 0.552464
vt 0.532065 0.722219
vt 0.555496 0.567912
vt 0.562733 0.546025
vt 0.569970 0.523366
vt 0.583496 0.529469
vt 0.549814 0.710952
vt 0.540933 0.561213
vt 0.548400 0.539667
vt 0.525813 0.554565
vt 0.533463 0.533355
vt 0.541079 0.511342
vt 0.555859 0.517340
vt 0.494074 0.541396
vt 0.477939 0.534848
vt 0.485756 0.514510
vt 0.501922 0.520797
vt 0.461820 0.528634
vt 0.469585 0.508519
vt 0.477338 0.487611
vt 0.493496 0.493386
vt 0.509697 0.499343
vt 0.445968 0.522686
vt 0.453614 0.502829
vt 0.430412 0.516992
vt 0.437835 0.497406
vt 0.445290 0.477218
vt 0.461289 0.482238
vt 0.590630 0.505866
vt 0.567452 0.699213
vt 0.577299 0.500048
vt 0.584760 0.476231
vt 0.598047 0.481836
vt 0.584988 0.687112
vt 0.563341 0.494316
vt 0.548641 0.488590
vt 0.556103 0.465188
vt 0.570833 0.470725
vt 0.525638 0.505331
vt 0.533220 0.482820
vt 0.517272 0.477019
vt 0.524539 0.453815
vt 0.540592 0.459544
vt 0.501092 0.471267
vt 0.484934 0.465833
vt 0.492214 0.443568
vt 0.508350 0.448314
vt 0.468801 0.460989
vt 0.452579 0.456550
vt 0.459523 0.435342
vt 0.475986 0.439364
vt 0.605771 0.457562
vt 0.602545 0.674829
vt 0.592310 0.452079
vt 0.599822 0.427934
vt 0.613659 0.433313
vt 0.620255 0.662517
vt 0.578255 0.446706
vt 0.563356 0.441231
vt 0.570207 0.417063
vt 0.585426 0.422623
vt 0.547613 0.435531
vt 0.531423 0.429993
vt 0.537740 0.406028
vt 0.554168 0.411302
vt 0.515165 0.425002
vt 0.498990 0.420970
vt 0.504990 0.398209
vt 0.521321 0.401657
vt 0.482597 0.417323
vt 0.466005 0.413920
vt 0.471861 0.392118
vt 0.488521 0.395194
vt 0.621754 0.409920
vt 0.638426 0.651228
vt 0.607019 0.404496
vt 0.613014 0.382132
vt 0.628825 0.387372
vt 0.656582 0.640501
vt 0.592183 0.398905
vt 0.576513 0.393234
vt 0.581523 0.370913
vt 0.597477 0.376646
vt 0.560068 0.387538
vt 0.543292 0.382755
vt 0.548048 0.361421
vt 0.564974 0.365594
vt 0.526736 0.379215
vt 0.510261 0.376222
vt 0.514565 0.355820
vt 0.531272 0.358317
vt 0.493707 0.373412
vt 0.476958 0.370860
vt 0.481010 0.350872
vt 0.497801 0.353451
vt 0.634028 0.365934
vt 0.674236 0.630407
vt 0.617807 0.361098
vt 0.621369 0.340984
vt 0.637907 0.345235
vt 0.692093 0.621078
vt 0.601648 0.355841
vt 0.585485 0.350353
vt 0.588796 0.330814
vt 0.605165 0.336075
vt 0.568922 0.345054
vt 0.551888 0.341430
vt 0.554873 0.322180
vt 0.572088 0.325815
vt 0.534827 0.338662
vt 0.517863 0.336187
vt 0.520387 0.316611
vt 0.537533 0.319339
vt 0.501040 0.333630
vt 0.484248 0.330998
vt 0.486622 0.311336
vt 0.503363 0.314098
vt 0.640288 0.325357
vt 0.709849 0.613745
vt 0.624392 0.321640
vt 0.627020 0.303724
vt 0.641956 0.307542
vt 0.726007 0.607976
vt 0.608280 0.317017
vt 0.591847 0.312030
vt 0.594826 0.293700
vt 0.611408 0.299006
vt 0.574827 0.306976
vt 0.557305 0.303337
vt 0.559429 0.284793
vt 0.577431 0.288608
vt 0.539667 0.300349
vt 0.521980 0.297660
vt 0.523044 0.279112
vt 0.541150 0.281710
vt 0.504820 0.295029
vt 0.488070 0.292757
vt 0.488382 0.275113
vt 0.505149 0.277056
vt 0.643566 0.292170
vt 0.739465 0.603757
vt 0.630050 0.287723
vt 0.505732 0.069543
vt 0.506049 0.055661
vt 0.506236 0.046411
vt 0.614783 0.281968
vt 0.598070 0.275918
vt 0.503557 0.105088
vt 0.505138 0.086238
vt 0.580145 0.270398
vt 0.561401 0.266412
vt 0.497022 0.145916
vt 0.500828 0.125258
vt 0.542346 0.263248
vt 0.523199 0.260994
vt 0.485245 0.186203
vt 0.491899 0.166438
vt 0.504765 0.259648
vt 0.487533 0.258890
vt 0.485433 0.243963
vt 0.477430 0.204374
vt 0.493943 0.053309
vt 0.755234 0.607321
vt 0.491147 0.067511
vt 0.475759 0.063567
vt 0.480451 0.048282
vt 0.764771 0.616395
vt 0.488617 0.083966
vt 0.485908 0.101951
vt 0.467868 0.097628
vt 0.471807 0.080043
vt 0.482296 0.120690
vt 0.479028 0.139948
vt 0.460901 0.134188
vt 0.463978 0.115756
vt 0.474726 0.159208
vt 0.469304 0.177908
vt 0.452805 0.170467
vt 0.457217 0.152473
vt 0.463250 0.195415
vt 0.457203 0.211518
vt 0.443178 0.203754
vt 0.447998 0.187656
vt 0.465434 0.042342
vt 0.775376 0.627462
vt 0.459815 0.058513
vt 0.443237 0.053350
vt 0.449194 0.036076
vt 0.786628 0.640075
vt 0.454538 0.075397
vt 0.449660 0.092841
vt 0.431371 0.088291
vt 0.437492 0.070587
vt 0.439673 0.146472
vt 0.442794 0.128770
vt 0.435908 0.163916
vt 0.418759 0.158023
vt 0.422214 0.141236
vt 0.425100 0.124069
vt 0.431851 0.180662
vt 0.427735 0.196894
vt 0.411213 0.190705
vt 0.415063 0.174522
vt 0.431831 0.030432
vt 0.797386 0.654635
vt 0.426294 0.048288
vt 0.409898 0.044008
vt 0.414381 0.025630
vt 0.418957 0.006871
vt 0.420880 0.066179
vt 0.415312 0.084116
vt 0.401021 0.080399
vt 0.405500 0.062038
vt 0.427183 0.106436
vt 0.410286 0.102844
vt 0.408060 0.120229
vt 0.391949 0.117585
vt 0.396403 0.099329
vt 0.405071 0.136701
vt 0.401578 0.152997
vt 0.384393 0.148562
vt 0.388238 0.132801
vt 0.397820 0.169167
vt 0.393995 0.185205
vt 0.376605 0.180482
vt 0.380498 0.164528
vt 0.823114 0.701930
vt 0.378669 0.018872
vt 0.361367 0.016955
vt 0.828711 0.717884
vt 0.376002 0.036948
vt 0.358908 0.033898
vt 0.342429 0.031042
vt 0.345302 0.015313
vt 0.833268 0.732526
vt 0.373164 0.054894
vt 0.355819 0.051315
vt 0.370446 0.073428
vt 0.352116 0.069046
vt 0.333749 0.064911
vt 0.338350 0.047487
vt 0.359537 0.108075
vt 0.354193 0.124642
vt 0.336284 0.121251
vt 0.341666 0.104101
vt 0.349530 0.141135
vt 0.331594 0.138469
vt 0.313578 0.136504
vt 0.317948 0.118500
vt 0.323098 0.100572
vt 0.345213 0.157482
vt 0.327484 0.155202
vt 0.341178 0.173621
vt 0.323662 0.171507
vt 0.306795 0.170485
vt 0.309930 0.153975
vt 0.331011 0.013563
vt 0.836596 0.745268
vt 0.326953 0.027457
vt 0.321621 0.043229
vt 0.315745 0.060441
vt 0.328854 0.082793
vt 0.310321 0.078738
vt 0.304355 0.097338
vt 0.299304 0.116415
vt 0.295506 0.135511
vt 0.292818 0.153840
vt 0.290770 0.170919
vt 0.434955 0.233472
vt 0.448066 0.239233
vt 0.445864 0.252476
vt 0.431791 0.248052
vt 0.458006 0.244587
vt 0.458534 0.255995
vt 0.457897 0.270824
vt 0.443683 0.267490
vt 0.428666 0.263605
vt 0.403561 0.222186
vt 0.419932 0.227753
vt 0.416376 0.243123
vt 0.399890 0.238034
vt 0.412862 0.259265
vt 0.396126 0.254534
vt 0.360895 0.244873
vt 0.364960 0.228213
vt 0.382578 0.232992
vt 0.378604 0.249655
vt 0.368891 0.212102
vt 0.386368 0.216941
vt 0.300408 0.200652
vt 0.316377 0.202493
vt 0.312454 0.217774
vt 0.296502 0.215052
vt 0.333472 0.205089
vt 0.329431 0.220847
vt 0.325172 0.237226
vt 0.308138 0.233720
vt 0.292112 0.230296
vt 0.274830 0.199905
vt 0.286118 0.199729
vt 0.281973 0.212499
vt 0.269107 0.209790
vt 0.276993 0.226830
vt 0.262842 0.223245
vt 0.441111 0.284297
vt 0.425409 0.280520
vt 0.456440 0.287517
vt 0.454161 0.305854
vt 0.438069 0.302605
vt 0.421874 0.298853
vt 0.409085 0.276348
vt 0.392095 0.272001
vt 0.405053 0.294820
vt 0.387682 0.290434
vt 0.352057 0.281092
vt 0.356586 0.262528
vt 0.374444 0.267199
vt 0.370011 0.285862
vt 0.303621 0.250623
vt 0.287210 0.246811
vt 0.320705 0.254587
vt 0.316130 0.272981
vt 0.298691 0.268876
vt 0.281903 0.264711
vt 0.271533 0.242933
vt 0.256444 0.238733
vt 0.265799 0.260584
vt 0.250019 0.256059
vt 0.434585 0.321917
vt 0.417801 0.318273
vt 0.451095 0.325187
vt 0.447439 0.345047
vt 0.430584 0.341823
vt 0.413417 0.338401
vt 0.400717 0.314340
vt 0.383067 0.310066
vt 0.395882 0.334664
vt 0.378099 0.330594
vt 0.342140 0.321729
vt 0.347209 0.300958
vt 0.365244 0.305553
vt 0.360191 0.326262
vt 0.293548 0.288199
vt 0.276572 0.283824
vt 0.311184 0.292532
vt 0.306137 0.313041
vt 0.288477 0.308466
vt 0.271191 0.303708
vt 0.259996 0.279331
vt 0.243834 0.274631
vt 0.254377 0.298842
vt 0.237931 0.293942
vt 0.426011 0.362194
vt 0.408578 0.358974
vt 0.443153 0.365286
vt 0.438049 0.386259
vt 0.420839 0.383143
vt 0.403383 0.379804
vt 0.390898 0.355393
vt 0.373016 0.351416
vt 0.385694 0.376151
vt 0.367823 0.372162
vt 0.331944 0.363509
vt 0.337023 0.342698
vt 0.354991 0.347212
vt 0.349871 0.367939
vt 0.283353 0.329160
vt 0.266010 0.324198
vt 0.301058 0.333864
vt 0.296111 0.354670
vt 0.278411 0.349982
vt 0.261027 0.345079
vt 0.249053 0.319029
vt 0.232411 0.313880
vt 0.243994 0.340006
vt 0.227282 0.334846
vt 0.415219 0.403897
vt 0.397828 0.400373
vt 0.432345 0.407281
vt 0.426215 0.427894
vt 0.409232 0.424189
vt 0.392096 0.420436
vt 0.380286 0.396624
vt 0.362525 0.392650
vt 0.374754 0.416605
vt 0.357211 0.412637
vt 0.322000 0.404264
vt 0.326888 0.384229
vt 0.344784 0.388422
vt 0.339621 0.408512
vt 0.273780 0.370645
vt 0.256483 0.365895
vt 0.291377 0.375295
vt 0.286888 0.395484
vt 0.269488 0.390928
vt 0.252330 0.386343
vt 0.239423 0.361015
vt 0.222662 0.356132
vt 0.235391 0.381784
vt 0.218610 0.377253
vt 0.403084 0.443949
vt 0.386178 0.439983
vt 0.419743 0.448048
vt 0.413150 0.467819
vt 0.396855 0.463383
vt 0.380255 0.459065
vt 0.369070 0.436045
vt 0.351822 0.432071
vt 0.363369 0.455006
vt 0.346356 0.451078
vt 0.312540 0.443034
vt 0.317246 0.423745
vt 0.334518 0.427995
vt 0.329381 0.447110
vt 0.265580 0.410801
vt 0.248580 0.406419
vt 0.282720 0.415216
vt 0.278818 0.434604
vt 0.261908 0.430257
vt 0.245049 0.426085
vt 0.231747 0.402155
vt 0.215071 0.398123
vt 0.228326 0.422275
vt 0.211818 0.418709
vt 0.390719 0.482199
vt 0.374553 0.477641
vt 0.406543 0.487131
vt 0.400001 0.505883
vt 0.384854 0.500237
vt 0.369198 0.495379
vt 0.357938 0.473572
vt 0.341089 0.469796
vt 0.352968 0.491486
vt 0.336141 0.488290
vt 0.303226 0.481213
vt 0.307872 0.462168
vt 0.324369 0.466048
vt 0.319556 0.484830
vt 0.258178 0.449239
vt 0.241556 0.445200
vt 0.274873 0.453644
vt 0.270749 0.472340
vt 0.254340 0.467429
vt 0.238141 0.463412
vt 0.225107 0.441802
vt 0.208789 0.438895
vt 0.222006 0.460516
vt 0.205960 0.458553
vt 0.323499 0.637079
vt 0.336246 0.641152
vt 0.331883 0.651998
vt 0.319604 0.647932
vt 0.348911 0.645151
vt 0.343799 0.656125
vt 0.338665 0.666309
vt 0.327668 0.662340
vt 0.315978 0.658586
vt 0.296852 0.628624
vt 0.310381 0.632844
vt 0.306851 0.643826
vt 0.293720 0.639796
vt 0.303607 0.654758
vt 0.290737 0.651020
vt 0.241023 0.615008
vt 0.255086 0.617999
vt 0.252450 0.629211
vt 0.238663 0.626369
vt 0.269068 0.621282
vt 0.266360 0.632390
vt 0.263585 0.643776
vt 0.249711 0.640601
vt 0.236146 0.637705
vt 0.213476 0.610245
vt 0.227070 0.612525
vt 0.225151 0.623900
vt 0.211939 0.621674
vt 0.223001 0.635099
vt 0.210255 0.632802
vt 0.187200 0.605712
vt 0.200285 0.607993
vt 0.199167 0.619630
vt 0.186689 0.617807
vt 0.198150 0.630752
vt 0.186560 0.629213
vt 0.323901 0.672024
vt 0.312776 0.668876
vt 0.333642 0.675122
vt 0.329364 0.681710
vt 0.321099 0.680876
vt 0.310262 0.679129
vt 0.300670 0.665722
vt 0.287909 0.662353
vt 0.298086 0.676642
vt 0.285248 0.673842
vt 0.246904 0.652187
vt 0.233443 0.649069
vt 0.260734 0.655476
vt 0.257850 0.667306
vt 0.243988 0.663889
vt 0.230519 0.660493
vt 0.220563 0.646185
vt 0.208364 0.643411
vt 0.217833 0.657068
vt 0.205879 0.653671
vt 0.197038 0.641083
vt 0.186965 0.639349
vt 0.195452 0.650233
vt 0.187731 0.647168
vt 0.744847 0.614324
vt 0.752605 0.625613
vt 0.738864 0.634055
vt 0.731460 0.621090
vt 0.761849 0.637680
vt 0.771498 0.650732
vt 0.756168 0.660791
vt 0.747205 0.647262
vt 0.781340 0.664896
vt 0.790645 0.679396
vt 0.774440 0.688957
vt 0.765438 0.674877
vt 0.813226 0.724786
vt 0.806471 0.710023
vt 0.819315 0.738718
vt 0.805274 0.746660
vt 0.797753 0.732967
vt 0.790250 0.718576
vt 0.825442 0.750975
vt 0.813043 0.759424
vt 0.716004 0.628361
vt 0.723441 0.642645
vt 0.706897 0.651702
vt 0.699238 0.636707
vt 0.731772 0.656766
vt 0.740241 0.670805
vt 0.723985 0.681254
vt 0.715259 0.666568
vt 0.749279 0.684920
vt 0.758074 0.698610
vt 0.741009 0.708673
vt 0.732655 0.695282
vt 0.781962 0.741871
vt 0.773778 0.727668
vt 0.790275 0.755986
vt 0.774372 0.766107
vt 0.765396 0.751586
vt 0.756765 0.736839
vt 0.799211 0.769444
vt 0.783745 0.780038
vt 0.681845 0.645833
vt 0.689929 0.661171
vt 0.672331 0.670667
vt 0.664336 0.655320
vt 0.698398 0.676548
vt 0.707230 0.691780
vt 0.689706 0.702713
vt 0.680819 0.686672
vt 0.715701 0.705984
vt 0.723505 0.718992
vt 0.705205 0.729778
vt 0.697610 0.716796
vt 0.748496 0.761505
vt 0.739442 0.746404
vt 0.757848 0.776358
vt 0.741012 0.787158
vt 0.731120 0.771984
vt 0.721388 0.756443
vt 0.767344 0.790851
vt 0.750567 0.801581
vt 0.645964 0.665421
vt 0.653767 0.680560
vt 0.635205 0.691358
vt 0.627551 0.676422
vt 0.662146 0.696791
vt 0.670766 0.712979
vt 0.651772 0.723019
vt 0.643419 0.707210
vt 0.678672 0.727383
vt 0.686372 0.740875
vt 0.667846 0.751795
vt 0.659796 0.737709
vt 0.713233 0.783399
vt 0.703241 0.768024
vt 0.723364 0.798614
vt 0.704947 0.809599
vt 0.695052 0.794737
vt 0.685261 0.779775
vt 0.732833 0.812770
vt 0.714309 0.823528
vt 0.609582 0.688364
vt 0.617040 0.702834
vt 0.598995 0.714483
vt 0.591747 0.700388
vt 0.625026 0.718087
vt 0.633294 0.733455
vt 0.614953 0.744256
vt 0.606791 0.729263
vt 0.641503 0.748134
vt 0.649780 0.762436
vt 0.631545 0.773190
vt 0.623182 0.758842
vt 0.676628 0.805569
vt 0.667175 0.790895
vt 0.686112 0.819941
vt 0.667181 0.830098
vt 0.658017 0.816119
vt 0.648842 0.801718
vt 0.695164 0.833474
vt 0.676008 0.843267
vt 0.573968 0.712408
vt 0.580994 0.726239
vt 0.563053 0.737908
vt 0.556182 0.724211
vt 0.588590 0.740650
vt 0.596609 0.755311
vt 0.578326 0.766469
vt 0.570469 0.752071
vt 0.604792 0.769749
vt 0.613140 0.784043
vt 0.594691 0.794922
vt 0.586412 0.780742
vt 0.639237 0.826538
vt 0.630285 0.812420
vt 0.648174 0.840163
vt 0.629271 0.850219
vt 0.620466 0.836870
vt 0.611667 0.823021
vt 0.656879 0.853011
vt 0.637934 0.862866
vt 0.538443 0.735624
vt 0.545301 0.749298
vt 0.527913 0.760309
vt 0.520943 0.746625
vt 0.552610 0.763315
vt 0.560305 0.777519
vt 0.542770 0.788292
vt 0.535202 0.774234
vt 0.568247 0.791649
vt 0.576412 0.805700
vt 0.558561 0.816225
vt 0.550546 0.802309
vt 0.601975 0.847057
vt 0.593271 0.833444
vt 0.610704 0.860242
vt 0.592642 0.870129
vt 0.583987 0.857005
vt 0.575351 0.843573
vt 0.619351 0.872867
vt 0.601243 0.882857
vt 0.401376 0.823798
vt 0.389898 0.833128
vt 0.410144 0.835056
vt 0.398036 0.843736
vt 0.386574 0.851747
vt 0.379548 0.841682
vt 0.418470 0.846977
vt 0.405760 0.855284
vt 0.426509 0.859340
vt 0.413272 0.867520
vt 0.400285 0.875209
vt 0.393429 0.863069
vt 0.414950 0.900880
vt 0.428431 0.892935
vt 0.436006 0.905737
vt 0.422700 0.913641
vt 0.442086 0.884886
vt 0.449596 0.897875
vt 0.456892 0.910887
vt 0.443324 0.918507
vt 0.430307 0.926144
vt 0.463815 0.923908
vt 0.450390 0.931004
vt 0.470211 0.936966
vt 0.456752 0.943356
vt 0.444192 0.949503
vt 0.437606 0.938022
vt 0.475813 0.950090
vt 0.462091 0.955613
vt 0.449595 0.960525
vt 0.370280 0.848823
vt 0.375815 0.858519
vt 0.381412 0.869848
vt 0.387577 0.882270
vt 0.401709 0.908684
vt 0.409744 0.921604
vt 0.417974 0.933842
vt 0.425855 0.945252
vt 0.433056 0.955635
vt 0.438858 0.965174
vt 0.091519 0.423028
vt 0.088797 0.445176
vt 0.517919 0.527052
vt 0.510138 0.547958
vt 0.445416 0.110797
vt 0.347615 0.086939
vt 0.365808 0.091464
vt 0.329994 0.577799
vt 0.325081 0.583046
vt 0.316390 0.576233
vt 0.322419 0.570162
vt 0.319866 0.589339
vt 0.310907 0.582744
vt 0.302274 0.576078
vt 0.307324 0.568171
vt 0.314742 0.558010
vt 0.234994 0.554630
vt 0.245234 0.551338
vt 0.247791 0.559504
vt 0.236940 0.561550
vt 0.257643 0.544087
vt 0.259550 0.556522
vt 0.260394 0.565867
vt 0.249662 0.567808
vt 0.238673 0.569538
vt 0.337996 0.582688
vt 0.334186 0.588197
vt 0.346445 0.585502
vt 0.343812 0.591472
vt 0.340597 0.598718
vt 0.329913 0.594830
vt 0.216845 0.553893
vt 0.225640 0.555285
vt 0.226486 0.561930
vt 0.216434 0.560406
vt 0.227227 0.569786
vt 0.215953 0.568318
vt 0.355130 0.586134
vt 0.353965 0.592740
vt 0.363842 0.584385
vt 0.364451 0.591602
vt 0.364245 0.600910
vt 0.351977 0.600875
vt 0.201914 0.544892
vt 0.208844 0.550456
vt 0.206837 0.556856
vt 0.198051 0.551018
vt 0.204857 0.564994
vt 0.193950 0.559377
vt 0.214272 0.521261
vt 0.218004 0.521248
vt 0.217019 0.525387
vt 0.212832 0.524353
vt 0.223296 0.522125
vt 0.222013 0.526537
vt 0.220776 0.531013
vt 0.215937 0.529704
vt 0.211693 0.528632
vt 0.343480 0.561368
vt 0.348402 0.562340
vt 0.347783 0.566690
vt 0.343407 0.565935
vt 0.353488 0.563381
vt 0.352601 0.567638
vt 0.351817 0.571218
vt 0.347243 0.570178
vt 0.343944 0.568993
vt 0.215072 0.533826
vt 0.211258 0.532785
vt 0.219603 0.535200
vt 0.218651 0.538739
vt 0.214363 0.537179
vt 0.211480 0.535718
vt 0.345935 0.553358
vt 0.349973 0.553421
vt 0.349247 0.557765
vt 0.344537 0.556725
vt 0.355342 0.554331
vt 0.354450 0.558838
vt 0.227126 0.527980
vt 0.225770 0.532430
vt 0.228482 0.523789
vt 0.232095 0.525593
vt 0.231786 0.529224
vt 0.230587 0.533834
vt 0.224317 0.536577
vt 0.223190 0.539922
vt 0.228549 0.537921
vt 0.226665 0.540389
vt 0.359413 0.560117
vt 0.358386 0.564447
vt 0.360443 0.555989
vt 0.363750 0.557719
vt 0.363605 0.561127
vt 0.362646 0.565449
vt 0.357256 0.568505
vt 0.356341 0.571807
vt 0.361121 0.569336
vt 0.359574 0.571838
vt 0.232169 0.539797
vt 0.228082 0.542481
vt 0.235248 0.535100
vt 0.240700 0.536634
vt 0.236031 0.542357
vt 0.230103 0.545446
vt 0.333213 0.559198
vt 0.334723 0.566427
vt 0.329116 0.567553
vt 0.325985 0.558130
vt 0.338564 0.571899
vt 0.334616 0.574274
vt 0.223175 0.542891
vt 0.217980 0.541858
vt 0.223758 0.546202
vt 0.217460 0.545108
vt 0.343848 0.575492
vt 0.341239 0.578643
vt 0.349942 0.577419
vt 0.348445 0.580939
vt 0.355852 0.581314
vt 0.362937 0.579502
vt 0.356115 0.577633
vt 0.361850 0.576126
vt 0.211883 0.542455
vt 0.213200 0.539759
vt 0.207485 0.538477
vt 0.209752 0.536779
vt 0.208069 0.532683
vt 0.208019 0.527649
vt 0.204923 0.533135
vt 0.204311 0.526783
vt 0.366584 0.572563
vt 0.369252 0.575279
vt 0.370051 0.567207
vt 0.374240 0.568707
vt 0.379875 0.571848
vt 0.372216 0.579806
vt 0.371531 0.560461
vt 0.376890 0.559691
vt 0.369894 0.553324
vt 0.375696 0.549183
vt 0.385935 0.542592
vt 0.384985 0.559701
vt 0.209610 0.522616
vt 0.212858 0.518649
vt 0.206103 0.520113
vt 0.210842 0.514531
vt 0.240467 0.521289
vt 0.242486 0.528993
vt 0.236556 0.529371
vt 0.235278 0.523983
vt 0.340484 0.545683
vt 0.335146 0.551593
vt 0.328323 0.547430
vt 0.335588 0.538435
vt 0.318586 0.542241
vt 0.327892 0.526435
vt 0.296270 0.561986
vt 0.300557 0.551216
vt 0.292680 0.570747
vt 0.282304 0.566996
vt 0.284510 0.557944
vt 0.287102 0.547302
vt 0.271365 0.565552
vt 0.272210 0.556124
vt 0.273362 0.544598
vt 0.356996 0.544012
vt 0.348428 0.543240
vt 0.346954 0.535305
vt 0.358377 0.536398
vt 0.345977 0.523912
vt 0.360740 0.525907
vt 0.230922 0.520037
vt 0.224747 0.517617
vt 0.226579 0.512202
vt 0.234540 0.515462
vt 0.218248 0.517087
vt 0.218113 0.511763
vt 0.364713 0.547519
vt 0.368434 0.541150
vt 0.373786 0.531596
vt 0.261492 0.528312
vt 0.275897 0.530468
vt 0.260507 0.509997
vt 0.278548 0.513925
vt 0.294242 0.518046
vt 0.290332 0.534083
vt 0.304802 0.537531
vt 0.310068 0.521617
vt 0.348811 0.610037
vt 0.336516 0.606998
vt 0.361905 0.611553
vt 0.358140 0.622658
vt 0.344907 0.619958
vt 0.331954 0.616270
vt 0.324647 0.602437
vt 0.313389 0.596235
vt 0.318657 0.611269
vt 0.303588 0.604191
vt 0.305056 0.588819
vt 0.297947 0.582613
vt 0.297709 0.593324
vt 0.294503 0.587101
vt 0.289722 0.578342
vt 0.280344 0.575033
vt 0.287597 0.585342
vt 0.278444 0.582825
vt 0.262219 0.579228
vt 0.261227 0.573659
vt 0.270495 0.573654
vt 0.269160 0.580846
vt 0.252060 0.575895
vt 0.241249 0.578642
vt 0.256509 0.583277
vt 0.246288 0.590217
vt 0.228400 0.578964
vt 0.215763 0.577548
vt 0.229653 0.589562
vt 0.215547 0.587880
vt 0.203450 0.574584
vt 0.191129 0.569902
vt 0.202350 0.585189
vt 0.189359 0.581495
vt 0.240490 0.545939
vt 0.232514 0.549372
vt 0.247608 0.539015
vt 0.224623 0.550201
vt 0.217169 0.548922
vt 0.210421 0.545844
vt 0.204966 0.540973
vt 0.201304 0.534317
vt 0.199902 0.526186
vt 0.196589 0.536972
vt 0.193453 0.526380
vt 0.201700 0.516962
vt 0.207598 0.508183
vt 0.194509 0.513244
vt 0.201543 0.497617
vt 0.217743 0.504395
vt 0.228859 0.504807
vt 0.217391 0.493450
vt 0.231592 0.494406
vt 0.239502 0.509096
vt 0.248151 0.517107
vt 0.245615 0.499431
vt 0.250459 0.528438
vt 0.339330 0.565933
vt 0.338759 0.560346
vt 0.341722 0.570197
vt 0.345889 0.572820
vt 0.350977 0.574295
vt 0.356187 0.574633
vt 0.360619 0.573575
vt 0.363999 0.570715
vt 0.366360 0.566269
vt 0.367265 0.561068
vt 0.366208 0.556051
vt 0.362142 0.552183
vt 0.356130 0.549662
vt 0.349534 0.548967
vt 0.343850 0.550464
vt 0.340235 0.554658
vt 0.340627 0.630312
vt 0.327617 0.626394
vt 0.353704 0.633772
vt 0.201384 0.596353
vt 0.188182 0.593404
vt 0.214738 0.598864
vt 0.228682 0.601005
vt 0.243403 0.603224
vt 0.314252 0.621874
vt 0.300162 0.617067
vt 0.257742 0.606917
vt 0.271713 0.610432
vt 0.260917 0.596219
vt 0.274241 0.600062
vt 0.282992 0.624805
vt 0.285734 0.613744
vt 0.287839 0.602785
vt 0.265686 0.587804
vt 0.276472 0.590912
vt 0.287479 0.593118
vt 0.219306 0.478003
vt 0.234749 0.480095
vt 0.203448 0.477624
vt 0.379198 0.517002
vt 0.393450 0.523968
vt 0.364527 0.511749
vt 0.250373 0.484570
vt 0.266364 0.490789
vt 0.348596 0.508528
vt 0.331538 0.506686
vt 0.298609 0.500142
vt 0.282676 0.495735
vt 0.287065 0.476904
vt 0.314781 0.503567
vt 0.375689 0.587433
vt 0.378562 0.598330
vt 0.387510 0.579014
vt 0.396813 0.591744
vt 0.189995 0.542143
vt 0.182427 0.550494
vt 0.169258 0.536244
vt 0.183377 0.529226
vt 0.280173 0.635972
vt 0.277363 0.647345
vt 0.274524 0.658924
vt 0.271729 0.670655
vt 0.263314 0.707843
vt 0.260203 0.721383
vt 0.266229 0.694894
vt 0.256904 0.735192
vt 0.253509 0.749261
vt 0.250059 0.763459
vt 0.246641 0.777659
vt 0.243171 0.791936
vt 0.239821 0.806480
vt 0.236553 0.821038
vt 0.380854 0.902504
vt 0.407540 0.887920
vt 0.394298 0.895397
vt 0.434360 0.872026
vt 0.420899 0.880107
vt 0.295714 0.438898
vt 0.291441 0.458016
vt 0.304402 0.399921
vt 0.299958 0.419565
vt 0.313991 0.359187
vt 0.309072 0.379711
vt 0.324028 0.317441
vt 0.318994 0.338432
vt 0.333922 0.277059
vt 0.329083 0.296733
vt 0.342973 0.240964
vt 0.338584 0.258452
vt 0.351149 0.208350
vt 0.347120 0.224343
vt 0.362985 0.160669
vt 0.367095 0.144585
vt 0.358995 0.176667
vt 0.371499 0.128511
vt 0.376431 0.112513
vt 0.382461 0.096056
vt 0.386623 0.077117
vt 0.389941 0.058632
vt 0.393373 0.040257
vt 0.396680 0.021857
vt 0.815574 0.685466
vt 0.798835 0.694555
vt 0.782407 0.703647
vt 0.765799 0.712930
vt 0.748685 0.722463
vt 0.731111 0.732117
vt 0.712891 0.742710
vt 0.694460 0.754137
vt 0.676290 0.765639
vt 0.658289 0.776615
vt 0.640055 0.787456
vt 0.621609 0.798268
vt 0.603092 0.809033
vt 0.584753 0.819650
vt 0.566853 0.829979
vt 0.448185 0.863732
vt 0.456154 0.876595
vt 0.440000 0.850988
vt 0.453805 0.842542
vt 0.462184 0.855350
vt 0.470261 0.868280
vt 0.463548 0.889797
vt 0.470734 0.903130
vt 0.477662 0.881609
vt 0.484810 0.895143
vt 0.431646 0.838430
vt 0.423007 0.826177
vt 0.436537 0.817209
vt 0.445277 0.829850
vt 0.477674 0.916521
vt 0.484210 0.930013
vt 0.491783 0.908751
vt 0.498610 0.922520
vt 0.413900 0.814247
vt 0.521157 0.705883
vt 0.531950 0.691367
vt 0.427405 0.804800
vt 0.490235 0.943760
vt 0.006333 0.580330
vt 0.505043 0.936520
vt 0.511052 0.950854
vt 0.021415 0.578766
vt 0.036566 0.577814
vt 0.019081 0.561436
vt 0.034810 0.560749
vt 0.508488 0.697552
vt 0.495474 0.689734
vt 0.504886 0.675395
vt 0.518534 0.683244
vt 0.051928 0.577468
vt 0.067480 0.577573
vt 0.050632 0.560463
vt 0.066630 0.560576
vt 0.481996 0.682355
vt 0.468141 0.675289
vt 0.476717 0.660593
vt 0.490972 0.667858
vt 0.083191 0.578082
vt 0.098950 0.578931
vt 0.082711 0.561077
vt 0.098786 0.561953
vt 0.453959 0.668508
vt 0.439579 0.662007
vt 0.447539 0.647011
vt 0.462212 0.653634
vt 0.114655 0.580132
vt 0.130246 0.581781
vt 0.114774 0.563292
vt 0.130622 0.565220
vt 0.425085 0.655842
vt 0.410485 0.650128
vt 0.417773 0.635253
vt 0.432729 0.640839
vt 0.462942 0.615144
vt 0.447526 0.608536
vt 0.454771 0.591294
vt 0.470461 0.598173
vt 0.431878 0.602497
vt 0.439245 0.584877
vt 0.446536 0.566802
vt 0.462350 0.573266
vt 0.478296 0.580147
vt 0.493810 0.629557
vt 0.478360 0.622222
vt 0.486393 0.605394
vt 0.502192 0.612732
vt 0.494378 0.587177
vt 0.510227 0.594301
vt 0.523737 0.644630
vt 0.508944 0.637011
vt 0.517541 0.620097
vt 0.532369 0.627460
vt 0.525608 0.601544
vt 0.540449 0.608790
vt 0.447682 0.773492
vt 0.538090 0.652241
vt 0.546756 0.634784
vt 0.463576 0.763679
vt 0.554796 0.615956
vt 0.568834 0.623098
vt 0.464858 0.799686
vt 0.456381 0.786645
vt 0.471545 0.777118
vt 0.479523 0.790479
vt 0.487399 0.767312
vt 0.494920 0.780884
vt 0.481320 0.825935
vt 0.473170 0.812774
vt 0.487454 0.803914
vt 0.495307 0.817409
vt 0.502502 0.794582
vt 0.510096 0.808361
vt 0.497156 0.852417
vt 0.489314 0.839187
vt 0.503081 0.830935
vt 0.510845 0.844351
vt 0.517679 0.822159
vt 0.525401 0.835772
vt 0.512666 0.879113
vt 0.504923 0.865693
vt 0.518814 0.857647
vt 0.526876 0.871005
vt 0.533565 0.849126
vt 0.541959 0.862446
vt 0.527659 0.906230
vt 0.520234 0.892618
vt 0.534872 0.884416
vt 0.542782 0.897866
vt 0.550334 0.875768
vt 0.558645 0.889039
vt 0.000000 0.525194
vt 0.534963 0.919964
vt 0.550606 0.911319
vt 0.000431 0.505494
vt 0.566877 0.902194
vt 0.575209 0.915234
vt 0.032234 0.524754
vt 0.015988 0.524904
vt 0.016303 0.505443
vt 0.032446 0.505557
vt 0.017833 0.485009
vt 0.033868 0.485247
vt 0.065742 0.525150
vt 0.048874 0.524800
vt 0.048997 0.505843
vt 0.066012 0.506369
vt 0.050380 0.485644
vt 0.067370 0.486294
vt 0.099780 0.526569
vt 0.082835 0.525752
vt 0.083451 0.507113
vt 0.100919 0.508039
vt 0.084720 0.487268
vt 0.102264 0.488427
vt 0.136601 0.491206
vt 0.134751 0.510610
vt 0.118014 0.509157
vt 0.119587 0.489662
vt 0.133179 0.529645
vt 0.116507 0.527800
vt 0.470128 0.554424
vt 0.486210 0.561149
vt 0.454121 0.548038
vt 0.502290 0.568005
vt 0.518081 0.574893
vt 0.533370 0.581874
vt 0.548112 0.588884
vt 0.562358 0.595874
vt 0.496996 0.743528
vt 0.503895 0.757160
vt 0.511079 0.770826
vt 0.518448 0.784667
vt 0.525959 0.798612
vt 0.533572 0.812552
vt 0.541410 0.826336
vt 0.549670 0.839872
vt 0.558176 0.853287
vt 0.566739 0.866615
vt 0.575281 0.879769
vt 0.583760 0.892675
vt 0.004817 0.463445
vt 0.020364 0.463683
vt 0.036231 0.464033
vt 0.052548 0.464596
vt 0.069337 0.465438
vt 0.086529 0.466595
vt 0.103986 0.467917
vt 0.121358 0.469353
vt 0.138508 0.471055
vt 0.155234 0.472836
vt 0.171531 0.474573
vt 0.169391 0.494088
vt 0.153168 0.492742
vt 0.416102 0.554263
vt 0.423187 0.535955
vt 0.438453 0.541917
vt 0.431122 0.560538
vt 0.146231 0.567968
vt 0.145601 0.583987
vt 0.161583 0.571856
vt 0.160489 0.586827
vt 0.381315 0.640684
vt 0.395838 0.645016
vt 0.387234 0.626891
vt 0.402652 0.630506
vt 0.115408 0.545861
vt 0.099054 0.544530
vt 0.131617 0.547884
vt 0.082575 0.543656
vt 0.066058 0.543145
vt 0.049584 0.542937
vt 0.033260 0.543072
vt 0.017143 0.543499
vt 0.526628 0.942806
vt 0.519979 0.928501
vt 0.513113 0.914503
vt 0.506022 0.900723
vt 0.498817 0.887046
vt 0.491398 0.873597
vt 0.483785 0.860309
vt 0.475846 0.847213
vt 0.467673 0.834209
vt 0.459197 0.821282
vt 0.450575 0.808404
vt 0.441655 0.795617
vt 0.542372 0.676006
vt 0.528508 0.668215
vt 0.514397 0.660417
vt 0.499967 0.652783
vt 0.485247 0.645384
vt 0.470350 0.638233
vt 0.455319 0.631421
vt 0.440189 0.625074
vt 0.424869 0.619407
vt 0.174631 0.590127
vt 0.173978 0.603377
vt 0.175901 0.576862
vt 0.173973 0.616260
vt 0.174802 0.628354
vt 0.176457 0.639278
vt 0.183515 0.654441
vt 0.191982 0.659401
vt 0.202573 0.664001
vt 0.214544 0.668141
vt 0.227387 0.672025
vt 0.240881 0.675790
vt 0.254924 0.679311
vt 0.269012 0.682651
vt 0.282724 0.685522
vt 0.295911 0.687986
vt 0.308443 0.689822
vt 0.319962 0.690612
vt 0.336033 0.686516
vt 0.343003 0.679897
vt 0.349498 0.670960
vt 0.355799 0.660605
vt 0.361724 0.649166
vt 0.372219 0.624742
vt 0.367242 0.637102
vt 0.163904 0.555710
vt 0.178112 0.563363
vt 0.392605 0.611488
vt 0.376470 0.611741
vt 0.147879 0.550907
vt 0.150236 0.532199
vt 0.409041 0.614603
vt 0.415561 0.596911
vt 0.415184 0.511403
vt 0.408319 0.530062
vt 0.401581 0.547962
vt 0.422200 0.492210
vt 0.429265 0.472420
vt 0.436211 0.452261
vt 0.442953 0.431597
vt 0.449291 0.410612
vt 0.455092 0.389190
vt 0.460125 0.368068
vt 0.464268 0.348097
vt 0.467684 0.328218
vt 0.470247 0.308726
vt 0.471980 0.290222
vt 0.472594 0.273222
vt 0.472005 0.257833
vt 0.462181 0.233871
vt 0.451938 0.226079
vt 0.438715 0.218945
vt 0.423672 0.212455
vt 0.407343 0.206526
vt 0.390170 0.201151
vt 0.372727 0.196380
vt 0.355046 0.192583
vt 0.337327 0.189447
vt 0.320102 0.187191
vt 0.303761 0.186025
vt 0.288738 0.186269
vt 0.264127 0.194763
vt 0.256305 0.205219
vt 0.248693 0.218607
vt 0.241406 0.233979
vt 0.234420 0.251201
vt 0.227714 0.269683
vt 0.221587 0.288900
vt 0.216064 0.308534
vt 0.210803 0.329600
vt 0.206088 0.351285
vt 0.202048 0.372832
vt 0.198514 0.394279
vt 0.195394 0.415373
vt 0.192552 0.436193
vt 0.189941 0.456462
vt 0.187442 0.476187
vt 0.185182 0.495180
vt 0.151422 0.512361
vt 0.167972 0.513793
vt 0.423640 0.578756
vt 0.408289 0.572407
vt 0.182535 0.512906
vt 0.395770 0.564914
vt 0.276058 0.188470
vt 0.250779 0.186727
vt 0.469879 0.244949
vt 0.469324 0.220295
vt 0.329761 0.690104
vt 0.344981 0.694072
vt 0.179599 0.648362
vt 0.177068 0.664367
vt 0.432362 0.782871
vt 0.552150 0.659857
vt 0.417776 0.792600
vt 0.001249 0.544035
vt 0.542255 0.933947
vt 0.003432 0.562473
vt 0.592348 0.905314
vt 0.002081 0.484894
vt 0.609927 0.895162
vt 0.576269 0.602814
vt 0.480027 0.753710
vt 0.583262 0.581386
vt 0.558503 0.924801
vt 0.560828 0.642129
vt 0.495551 0.957791
vt 0.009832 0.597164
vt 0.404199 0.802800
vt 0.391882 0.813172
vt 0.399771 0.003030
vt 0.806907 0.669798
vt 0.380310 0.000698
vt 0.233818 0.835732
vt 0.388507 0.916465
vt 0.249665 0.837593
vt 0.332504 0.000999
vt 0.346143 0.000402
vt 0.081871 0.144624
vt 0.323275 0.001779
vt 0.362303 0.000007
vt 0.437756 0.012296
vt 0.456106 0.019188
vt 0.472408 0.026866
vt 0.486571 0.034658
vt 0.498403 0.041468
vt 0.654769 0.284431
vt 0.748697 0.601034
vt 0.503321 0.243116
vt 0.522887 0.243131
vt 0.543234 0.244794
vt 0.563510 0.247935
vt 0.583268 0.252322
vt 0.602104 0.258298
vt 0.619281 0.265808
vt 0.634276 0.273226
vt 0.655569 0.294345
vt 0.656223 0.309202
vt 0.646596 0.279906
vt 0.656297 0.327647
vt 0.654585 0.348510
vt 0.650787 0.370364
vt 0.644590 0.392383
vt 0.636466 0.415366
vt 0.627474 0.438971
vt 0.619095 0.463352
vt 0.611094 0.487681
vt 0.603667 0.511836
vt 0.596700 0.535638
vt 0.589978 0.558897
vt 0.499624 0.731162
vt 0.489379 0.741213
vt 0.480808 0.749031
vt 0.295437 0.837772
vt 0.359437 0.846920
vt 0.331726 0.716010
vt 0.331552 0.731742
vt 0.329871 0.748412
vt 0.326579 0.765233
vt 0.321844 0.781499
vt 0.315998 0.796406
vt 0.309949 0.809780
vt 0.304050 0.821476
vt 0.288163 0.838100
vt 0.277367 0.838360
vt 0.298978 0.831232
vt 0.264332 0.838330
vt 0.201604 0.827866
vt 0.186687 0.822213
vt 0.173359 0.816084
vt 0.161791 0.810117
vt 0.152332 0.804925
vt 0.025102 0.644334
vt 0.435271 0.975582
vt 0.154374 0.653825
vt 0.138784 0.656210
vt 0.121943 0.657522
vt 0.104596 0.657559
vt 0.087417 0.656266
vt 0.071236 0.654059
vt 0.056487 0.651269
vt 0.043373 0.648502
vt 0.022298 0.637214
vt 0.018286 0.626328
vt 0.032449 0.645991
vt 0.013815 0.612688
vt 0.012868 0.418111
vt 0.017614 0.394351
vt 0.022396 0.369999
vt 0.026936 0.345124
vt 0.031050 0.319837
vt 0.034851 0.294339
vt 0.037766 0.269274
vt 0.041148 0.245127
vt 0.045797 0.222726
vt 0.052499 0.201578
vt 0.060595 0.182272
vt 0.069162 0.165937
vt 0.235296 0.177738
vt 0.217928 0.168741
vt 0.199108 0.160844
vt 0.179669 0.154290
vt 0.160116 0.149081
vt 0.140648 0.145705
vt 0.121945 0.144454
vt 0.105221 0.144126
vt 0.076591 0.153053
vt 0.091209 0.144376
vn -0.599696 -0.506856 -0.619243
vn -0.639513 -0.557923 -0.528910
vn -0.718415 -0.447991 -0.532150
vn -0.630484 -0.418649 -0.653623
vn -0.655741 -0.584565 -0.477794
vn -0.753935 -0.464438 -0.464629
vn -0.811481 -0.381686 -0.442509
vn -0.748854 -0.380755 -0.542442
vn -0.643331 -0.358611 -0.676405
vn -0.672143 -0.610662 -0.418708
vn -0.783202 -0.473886 -0.402526
vn -0.702004 -0.656639 -0.275710
vn -0.823798 -0.500730 -0.265757
vn -0.895534 -0.367550 -0.250852
vn -0.852480 -0.365740 -0.373513
vn -0.715289 -0.685846 -0.134079
vn -0.841906 -0.522589 -0.134519
vn -0.715871 -0.696077 -0.054827
vn -0.843103 -0.533605 -0.066659
vn -0.918158 -0.388719 -0.076709
vn -0.915529 -0.379404 -0.133640
vn -0.710218 -0.702415 0.046950
vn -0.835848 -0.548081 0.031070
vn -0.690895 -0.695393 0.197720
vn -0.810872 -0.555908 0.182903
vn -0.889781 -0.427485 0.159830
vn -0.914024 -0.405520 0.010623
vn -0.655557 -0.674060 0.340423
vn -0.767351 -0.552927 0.324723
vn -0.623946 -0.657955 0.421648
vn -0.725636 -0.551740 0.411140
vn -0.789828 -0.472989 0.390452
vn -0.842039 -0.447260 0.301544
vn -0.777902 -0.292809 -0.555995
vn -0.657831 -0.259677 -0.706984
vn -0.853882 -0.305623 -0.421284
vn -0.895611 -0.160810 -0.414755
vn -0.808430 -0.125784 -0.574995
vn -0.672642 -0.080144 -0.735615
vn -0.899084 -0.287060 -0.330522
vn -0.935821 -0.268298 -0.228594
vn -0.961709 -0.177077 -0.209190
vn -0.939034 -0.174469 -0.296270
vn -0.952903 -0.271789 -0.134562
vn -0.956586 -0.279669 -0.082023
vn -0.977293 -0.194898 -0.083148
vn -0.972466 -0.186743 -0.139417
vn -0.956719 -0.290921 -0.007267
vn -0.938822 -0.320280 0.126622
vn -0.971824 -0.216938 0.092171
vn -0.980054 -0.198204 -0.014476
vn -0.893685 -0.364730 0.261340
vn -0.838562 -0.404855 0.364562
vn -0.891938 -0.282881 0.352738
vn -0.942011 -0.251496 0.222183
vn -0.808603 0.033358 -0.587408
vn -0.658933 0.088324 -0.746998
vn -0.906025 -0.016540 -0.422901
vn -0.894303 0.062136 -0.443127
vn -0.786664 0.113036 -0.606945
vn -0.631911 0.166685 -0.756905
vn -0.954464 -0.055892 -0.293042
vn -0.974289 -0.084834 -0.208719
vn -0.976238 0.000789 -0.216700
vn -0.951334 0.024475 -0.307187
vn -0.983787 -0.104851 -0.145494
vn -0.990266 -0.112376 -0.082122
vn -0.996588 -0.020621 -0.079926
vn -0.988878 -0.013876 -0.148081
vn -0.993648 -0.111782 -0.013002
vn -0.990666 -0.112209 0.077393
vn -0.996826 -0.018532 0.077422
vn -0.999746 -0.020790 -0.008717
vn -0.971838 -0.121882 0.201680
vn -0.928283 -0.137817 0.345394
vn -0.940577 -0.023137 0.338791
vn -0.980580 -0.018850 0.195213
vn -0.766598 0.145557 -0.625412
vn -0.609949 0.182791 -0.771070
vn -0.880562 0.111211 -0.460698
vn -0.873751 0.126983 -0.469504
vn -0.758265 0.139464 -0.636855
vn -0.599791 0.152298 -0.785529
vn -0.944798 0.085915 -0.316190
vn -0.973168 0.071531 -0.218697
vn -0.969919 0.108794 -0.217763
vn -0.940067 0.115604 -0.320796
vn -0.987172 0.063603 -0.146444
vn -0.995244 0.059406 -0.077205
vn -0.991352 0.109177 -0.072806
vn -0.984018 0.107320 -0.142094
vn -0.998257 0.058792 -0.005207
vn -0.994773 0.061952 0.081176
vn -0.988447 0.122545 0.089187
vn -0.993515 0.113698 0.000100
vn -0.978322 0.067238 0.195869
vn -0.939079 0.072119 0.336049
vn -0.928684 0.149656 0.339336
vn -0.969639 0.135690 0.203441
vn -0.760566 0.111517 -0.639612
vn -0.599618 0.099974 -0.794017
vn -0.873574 0.118387 -0.472072
vn -0.877536 0.094666 -0.470073
vn -0.770725 0.077069 -0.632490
vn -0.612440 0.049387 -0.788973
vn -0.938399 0.119028 -0.324407
vn -0.969057 0.119110 -0.216200
vn -0.970978 0.107649 -0.213573
vn -0.939513 0.102452 -0.326831
vn -0.983149 0.123917 -0.134399
vn -0.989112 0.133197 -0.062576
vn -0.990189 0.131961 -0.045962
vn -0.985432 0.117145 -0.123291
vn -0.989262 0.145641 0.012189
vn -0.981332 0.161716 0.104098
vn -0.976998 0.171792 0.126343
vn -0.988059 0.150638 0.032361
vn -0.958784 0.181281 0.218795
vn -0.914119 0.202590 0.351204
vn -0.902274 0.217352 0.372370
vn -0.950900 0.194152 0.241027
vn -0.783077 0.042002 -0.620506
vn -0.633426 0.004988 -0.773787
vn -0.882306 0.065038 -0.466162
vn -0.887314 0.038372 -0.459566
vn -0.796102 0.010720 -0.605068
vn -0.657783 -0.031163 -0.752563
vn -0.941574 0.077076 -0.327869
vn -0.973980 0.085400 -0.209929
vn -0.976313 0.063324 -0.206888
vn -0.943584 0.053962 -0.326708
vn -0.989150 0.096345 -0.110909
vn -0.993327 0.112277 -0.026372
vn -0.996499 0.082991 -0.010076
vn -0.992206 0.071794 -0.101846
vn -0.989519 0.132757 0.056819
vn -0.976054 0.155440 0.152176
vn -0.977361 0.117087 0.176225
vn -0.992008 0.098491 0.078869
vn -0.947467 0.177882 0.265829
vn -0.895518 0.200130 0.397487
vn -0.892996 0.156204 0.422088
vn -0.947326 0.136544 0.289706
vn -0.809227 -0.012327 -0.587367
vn -0.681513 -0.053487 -0.729848
vn -0.892863 0.016213 -0.450037
vn -0.897387 0.000210 -0.441244
vn -0.819190 -0.022356 -0.573087
vn -0.701613 -0.055835 -0.710367
vn -0.945570 0.033325 -0.323709
vn -0.977608 0.042423 -0.206115
vn -0.978096 0.023877 -0.206780
vn -0.947391 0.015375 -0.319708
vn -0.994006 0.058761 0.092193
vn -0.998662 0.051661 -0.002382
vn -0.978685 0.069065 0.193407
vn -0.979448 0.026870 0.199902
vn -0.995091 0.025925 0.095505
vn -0.999658 0.026018 -0.002764
vn -0.947670 0.081690 0.308623
vn -0.892080 0.095381 0.441696
vn -0.892141 0.032009 0.450622
vn -0.948039 0.028862 0.316842
vn -0.716707 0.259902 -0.647133
vn -0.798260 0.253855 -0.546203
vn -0.763640 0.373645 -0.526538
vn -0.684807 0.378542 -0.622692
vn -0.857502 0.253345 -0.447780
vn -0.817851 0.375787 -0.435779
vn -0.752876 0.506740 -0.419991
vn -0.706497 0.504973 -0.495847
vn -0.632900 0.509970 -0.582553
vn -0.899491 0.253641 -0.355783
vn -0.855524 0.376339 -0.355594
vn -0.929971 0.251450 -0.268191
vn -0.886637 0.365866 -0.282873
vn -0.821040 0.478439 -0.311431
vn -0.787306 0.499384 -0.361613
vn -0.952249 0.246106 -0.180706
vn -0.914986 0.351131 -0.198768
vn -0.966464 0.242582 -0.084265
vn -0.932701 0.348969 -0.091043
vn -0.877418 0.471425 -0.088858
vn -0.857746 0.464053 -0.221191
vn -0.968239 0.248227 0.029947
vn -0.930312 0.365000 0.035997
vn -0.948827 0.267246 0.168246
vn -0.900376 0.393964 0.184705
vn -0.829172 0.517267 0.211916
vn -0.868880 0.492357 0.051301
vn -0.894460 0.298619 0.332819
vn -0.832540 0.428686 0.350863
vn -0.799840 0.331056 0.500657
vn -0.740977 0.453964 0.494843
vn -0.688891 0.534283 0.489869
vn -0.759655 0.534198 0.370887
vn -0.666338 0.574027 -0.475907
vn -0.600560 0.569026 -0.561727
vn -0.698564 0.581202 -0.417389
vn -0.629575 0.649482 -0.426390
vn -0.604899 0.644118 -0.468199
vn -0.567924 0.623987 -0.536752
vn -0.724925 0.573874 -0.380989
vn -0.752293 0.564497 -0.339703
vn -0.666173 0.658647 -0.349854
vn -0.648424 0.647979 -0.399586
vn -0.783820 0.575805 -0.232541
vn -0.798063 0.597327 -0.079347
vn -0.694034 0.716905 -0.066062
vn -0.687397 0.689203 -0.229095
vn -0.784240 0.616342 0.071350
vn -0.744080 0.625083 0.235830
vn -0.641603 0.724168 0.252835
vn -0.678185 0.729309 0.090414
vn -0.684055 0.619250 0.385485
vn -0.636726 0.606758 0.475841
vn -0.563969 0.680642 0.467617
vn -0.595450 0.700720 0.392976
vn -0.516831 0.697507 -0.496356
vn -0.491882 0.653780 -0.574999
vn -0.542692 0.713099 -0.443820
vn -0.462109 0.763941 -0.450389
vn -0.456637 0.719332 -0.523493
vn -0.441596 0.665770 -0.601451
vn -0.553384 0.726618 -0.407177
vn -0.558884 0.754426 -0.344224
vn -0.428777 0.842385 -0.326401
vn -0.447183 0.802405 -0.395188
vn -0.565974 0.795431 -0.216709
vn -0.565810 0.822822 -0.053138
vn -0.415924 0.908431 -0.041964
vn -0.421467 0.884400 -0.200504
vn -0.551571 0.827391 0.105802
vn -0.525959 0.808413 0.264264
vn -0.405893 0.874848 0.264371
vn -0.410956 0.905009 0.109878
vn -0.497647 0.771975 0.395477
vn -0.478358 0.741946 0.469777
vn -0.372737 0.792412 0.482857
vn -0.391960 0.828650 0.399633
vn -0.410022 0.737524 -0.536601
vn -0.403902 0.669363 -0.623551
vn -0.397661 0.806585 -0.437363
vn -0.319190 0.849504 -0.420072
vn -0.337486 0.767829 -0.544556
vn -0.341881 0.682583 -0.645908
vn -0.360522 0.861031 -0.358678
vn -0.319469 0.900760 -0.294230
vn -0.242076 0.936609 -0.253305
vn -0.284516 0.904492 -0.317717
vn -0.295893 0.938089 -0.180103
vn -0.287634 0.957133 -0.034089
vn -0.202084 0.978840 -0.032149
vn -0.210885 0.964916 -0.156412
vn -0.294827 0.950568 0.097454
vn -0.309313 0.916944 0.252069
vn -0.236766 0.943294 0.232678
vn -0.214784 0.973662 0.076479
vn -0.308774 0.861131 0.403871
vn -0.299097 0.816483 0.493858
vn -0.257836 0.829071 0.496147
vn -0.250626 0.881634 0.399884
vn -0.195466 0.806632 -0.557797
vn -0.197754 0.711076 -0.674733
vn -0.184238 0.892545 -0.411607
vn 0.000000 0.912270 -0.409590
vn 0.000000 0.825129 -0.564944
vn 0.000000 0.725446 -0.688279
vn -0.161000 0.943108 -0.290907
vn -0.135362 0.965691 -0.221626
vn 0.000000 0.977641 -0.210280
vn -0.000000 0.959619 -0.281302
vn -0.116764 0.983581 -0.137605
vn -0.113517 0.992917 -0.035079
vn 0.000000 0.999321 -0.036852
vn -0.000000 0.991399 -0.130873
vn -0.125792 0.990422 0.056927
vn -0.143806 0.965896 0.215326
vn -0.000000 0.978053 0.208354
vn 0.000000 0.998832 0.048311
vn -0.153550 0.906362 0.393612
vn -0.157096 0.851872 0.499635
vn 0.000000 0.864094 0.503331
vn -0.000000 0.919346 0.393450
vn 0.341880 0.682582 -0.645909
vn 0.337486 0.767829 -0.544556
vn 0.410022 0.737524 -0.536601
vn 0.403902 0.669363 -0.623551
vn 0.319190 0.849504 -0.420072
vn 0.397661 0.806585 -0.437363
vn 0.462108 0.763940 -0.450390
vn 0.456636 0.719332 -0.523493
vn 0.441597 0.665770 -0.601450
vn 0.284516 0.904492 -0.317718
vn 0.360522 0.861030 -0.358680
vn 0.242076 0.936609 -0.253304
vn 0.319469 0.900759 -0.294231
vn 0.428777 0.842385 -0.326401
vn 0.447183 0.802405 -0.395188
vn 0.210885 0.964916 -0.156411
vn 0.295893 0.938089 -0.180103
vn 0.202084 0.978840 -0.032149
vn 0.287634 0.957133 -0.034089
vn 0.415924 0.908431 -0.041964
vn 0.421467 0.884400 -0.200504
vn 0.214784 0.973663 0.076478
vn 0.294827 0.950568 0.097453
vn 0.236766 0.943294 0.232677
vn 0.309313 0.916945 0.252068
vn 0.405893 0.874848 0.264371
vn 0.410956 0.905009 0.109878
vn 0.250626 0.881634 0.399884
vn 0.308774 0.861131 0.403871
vn 0.257836 0.829071 0.496146
vn 0.299097 0.816484 0.493858
vn 0.372737 0.792413 0.482855
vn 0.391960 0.828651 0.399632
vn 0.516832 0.697508 -0.496355
vn 0.491882 0.653780 -0.574998
vn 0.542692 0.713100 -0.443818
vn 0.629575 0.649482 -0.426390
vn 0.604898 0.644118 -0.468199
vn 0.567925 0.623987 -0.536751
vn 0.553384 0.726618 -0.407176
vn 0.558884 0.754426 -0.344224
vn 0.666173 0.658647 -0.349854
vn 0.648424 0.647980 -0.399585
vn 0.565974 0.795431 -0.216709
vn 0.565810 0.822822 -0.053138
vn 0.694034 0.716905 -0.066062
vn 0.687397 0.689203 -0.229094
vn 0.551571 0.827391 0.105802
vn 0.525958 0.808413 0.264265
vn 0.641603 0.724168 0.252836
vn 0.678185 0.729309 0.090414
vn 0.497647 0.771975 0.395477
vn 0.478359 0.741947 0.469775
vn 0.563969 0.680642 0.467617
vn 0.595450 0.700720 0.392978
vn 0.666338 0.574026 -0.475908
vn 0.600560 0.569025 -0.561728
vn 0.698564 0.581202 -0.417389
vn 0.752876 0.506740 -0.419990
vn 0.706496 0.504973 -0.495848
vn 0.632900 0.509969 -0.582554
vn 0.724925 0.573874 -0.380989
vn 0.752294 0.564497 -0.339702
vn 0.821040 0.478439 -0.311431
vn 0.787306 0.499384 -0.361613
vn 0.783820 0.575805 -0.232540
vn 0.798063 0.597327 -0.079347
vn 0.877418 0.471425 -0.088858
vn 0.857746 0.464053 -0.221191
vn 0.784240 0.616342 0.071350
vn 0.744080 0.625083 0.235832
vn 0.829172 0.517267 0.211916
vn 0.868880 0.492357 0.051300
vn 0.684054 0.619250 0.385486
vn 0.636725 0.606758 0.475842
vn 0.688892 0.534283 0.489868
vn 0.759655 0.534198 0.370887
vn 0.763640 0.373645 -0.526539
vn 0.684807 0.378542 -0.622692
vn 0.817851 0.375787 -0.435779
vn 0.857502 0.253345 -0.447780
vn 0.798260 0.253855 -0.546204
vn 0.716707 0.259902 -0.647134
vn 0.855524 0.376339 -0.355594
vn 0.886637 0.365866 -0.282873
vn 0.929971 0.251450 -0.268191
vn 0.899491 0.253641 -0.355783
vn 0.914986 0.351131 -0.198769
vn 0.932701 0.348969 -0.091043
vn 0.966464 0.242582 -0.084265
vn 0.952249 0.246106 -0.180706
vn 0.930312 0.365000 0.035997
vn 0.900376 0.393964 0.184705
vn 0.948827 0.267246 0.168246
vn 0.968239 0.248228 0.029947
vn 0.832541 0.428686 0.350863
vn 0.740978 0.453964 0.494842
vn 0.799840 0.331056 0.500657
vn 0.894460 0.298619 0.332820
vn 0.701609 -0.056033 -0.710356
vn 0.819100 -0.022501 -0.573210
vn 0.809086 -0.012291 -0.587562
vn 0.681468 -0.053510 -0.729889
vn 0.897303 0.000133 -0.441415
vn 0.892743 0.016312 -0.450272
vn 0.887160 0.038643 -0.459841
vn 0.795904 0.010940 -0.605324
vn 0.657674 -0.031010 -0.752665
vn 0.947335 0.015356 -0.319875
vn 0.945493 0.033466 -0.323919
vn 0.978061 0.023900 -0.206941
vn 0.977560 0.042581 -0.206310
vn 0.976255 0.063609 -0.207077
vn 0.943490 0.054255 -0.326931
vn 0.999661 0.025808 -0.003439
vn 0.995106 0.025817 0.095380
vn 0.994040 0.058689 0.091865
vn 0.998667 0.051530 -0.002958
vn 0.979448 0.026870 0.199902
vn 0.978685 0.069065 0.193407
vn 0.977361 0.117087 0.176225
vn 0.992021 0.098589 0.078582
vn 0.996474 0.083235 -0.010518
vn 0.948039 0.028862 0.316842
vn 0.947670 0.081690 0.308623
vn 0.892141 0.032009 0.450622
vn 0.892080 0.095381 0.441696
vn 0.892996 0.156204 0.422088
vn 0.947326 0.136544 0.289706
vn 0.782825 0.042421 -0.620795
vn 0.633232 0.005339 -0.773944
vn 0.882126 0.065487 -0.466439
vn 0.877347 0.095305 -0.470297
vn 0.770431 0.077717 -0.632769
vn 0.612152 0.049973 -0.789159
vn 0.941470 0.077514 -0.328063
vn 0.973914 0.085797 -0.210071
vn 0.970931 0.108097 -0.213559
vn 0.939412 0.103030 -0.326939
vn 0.992162 0.072092 -0.102067
vn 0.989092 0.096681 -0.111133
vn 0.993296 0.112494 -0.026621
vn 0.990179 0.132010 -0.046033
vn 0.985402 0.117366 -0.123323
vn 0.989515 0.132817 0.056740
vn 0.976054 0.155441 0.152177
vn 0.976998 0.171792 0.126343
vn 0.988059 0.150638 0.032361
vn 0.947466 0.177881 0.265830
vn 0.895518 0.200130 0.397487
vn 0.902274 0.217352 0.372370
vn 0.950900 0.194152 0.241027
vn 0.760259 0.112341 -0.639833
vn 0.599242 0.100759 -0.794202
vn 0.873500 0.119033 -0.472048
vn 0.873860 0.126915 -0.469320
vn 0.758077 0.139617 -0.637046
vn 0.599501 0.152708 -0.785671
vn 0.938415 0.119314 -0.324256
vn 0.969073 0.119183 -0.216088
vn 0.969942 0.108666 -0.217725
vn 0.940181 0.115426 -0.320525
vn 0.983161 0.123934 -0.134293
vn 0.989111 0.133200 -0.062581
vn 0.991352 0.109177 -0.072806
vn 0.984030 0.107277 -0.142043
vn 0.989262 0.145641 0.012189
vn 0.981332 0.161716 0.104098
vn 0.988447 0.122545 0.089187
vn 0.993515 0.113698 0.000100
vn 0.958784 0.181281 0.218795
vn 0.914119 0.202590 0.351204
vn 0.928684 0.149656 0.339336
vn 0.969639 0.135690 0.203441
vn 0.766525 0.145287 -0.625565
vn 0.609812 0.182770 -0.771183
vn 0.880625 0.110899 -0.460653
vn 0.894303 0.062136 -0.443127
vn 0.786664 0.113036 -0.606945
vn 0.631911 0.166685 -0.756905
vn 0.944852 0.085793 -0.316062
vn 0.973168 0.071531 -0.218697
vn 0.976238 0.000789 -0.216700
vn 0.951334 0.024475 -0.307187
vn 0.987172 0.063603 -0.146444
vn 0.995244 0.059406 -0.077205
vn 0.996588 -0.020621 -0.079926
vn 0.988878 -0.013876 -0.148081
vn 0.998257 0.058792 -0.005207
vn 0.994773 0.061952 0.081176
vn 0.996826 -0.018532 0.077422
vn 0.999746 -0.020790 -0.008717
vn 0.978322 0.067238 0.195869
vn 0.939079 0.072119 0.336049
vn 0.940577 -0.023137 0.338792
vn 0.980580 -0.018850 0.195213
vn 0.808604 0.033358 -0.587408
vn 0.658933 0.088324 -0.746998
vn 0.906025 -0.016540 -0.422901
vn 0.895611 -0.160810 -0.414755
vn 0.808430 -0.125784 -0.574996
vn 0.672642 -0.080144 -0.735615
vn 0.954464 -0.055892 -0.293042
vn 0.974289 -0.084834 -0.208719
vn 0.961709 -0.177077 -0.209190
vn 0.939034 -0.174469 -0.296270
vn 0.983787 -0.104851 -0.145494
vn 0.990266 -0.112376 -0.082122
vn 0.977293 -0.194898 -0.083148
vn 0.972466 -0.186743 -0.139417
vn 0.993648 -0.111782 -0.013002
vn 0.990666 -0.112209 0.077393
vn 0.971824 -0.216938 0.092171
vn 0.980054 -0.198204 -0.014476
vn 0.971838 -0.121882 0.201680
vn 0.928283 -0.137817 0.345394
vn 0.891938 -0.282881 0.352738
vn 0.942011 -0.251496 0.222183
vn 0.777902 -0.292809 -0.555996
vn 0.657831 -0.259677 -0.706984
vn 0.853882 -0.305624 -0.421284
vn 0.811481 -0.381686 -0.442509
vn 0.748854 -0.380755 -0.542442
vn 0.643331 -0.358611 -0.676405
vn 0.899084 -0.287060 -0.330521
vn 0.935821 -0.268298 -0.228593
vn 0.895534 -0.367550 -0.250852
vn 0.852480 -0.365740 -0.373513
vn 0.952903 -0.271789 -0.134562
vn 0.956586 -0.279669 -0.082022
vn 0.918158 -0.388719 -0.076709
vn 0.915529 -0.379404 -0.133639
vn 0.956719 -0.290921 -0.007267
vn 0.938822 -0.320280 0.126622
vn 0.889781 -0.427485 0.159830
vn 0.914024 -0.405520 0.010623
vn 0.893685 -0.364731 0.261340
vn 0.838562 -0.404855 0.364562
vn 0.789828 -0.472990 0.390452
vn 0.842039 -0.447260 0.301544
vn 0.718415 -0.447991 -0.532150
vn 0.630484 -0.418649 -0.653623
vn 0.753935 -0.464438 -0.464628
vn 0.655741 -0.584565 -0.477795
vn 0.639513 -0.557923 -0.528909
vn 0.599696 -0.506856 -0.619243
vn 0.783202 -0.473886 -0.402526
vn 0.823798 -0.500730 -0.265757
vn 0.702004 -0.656639 -0.275710
vn 0.672143 -0.610662 -0.418708
vn 0.841906 -0.522589 -0.134519
vn 0.843103 -0.533605 -0.066659
vn 0.715871 -0.696077 -0.054828
vn 0.715289 -0.685846 -0.134079
vn 0.835848 -0.548081 0.031070
vn 0.810872 -0.555908 0.182903
vn 0.690895 -0.695393 0.197721
vn 0.710218 -0.702415 0.046950
vn 0.767351 -0.552927 0.324723
vn 0.725636 -0.551740 0.411140
vn 0.623946 -0.657955 0.421648
vn 0.655557 -0.674060 0.340423
vn 0.521020 -0.649667 -0.553599
vn 0.504405 -0.542624 -0.671666
vn 0.529235 -0.696006 -0.485269
vn 0.432895 -0.765899 -0.475396
vn 0.449309 -0.688307 -0.569521
vn 0.450478 -0.561741 -0.693914
vn 0.529140 -0.736098 -0.422102
vn 0.542581 -0.792880 -0.277395
vn 0.388970 -0.882319 -0.264981
vn 0.405075 -0.819432 -0.405518
vn 0.545802 -0.827847 -0.129500
vn 0.546822 -0.836088 -0.044084
vn 0.370663 -0.928223 -0.031805
vn 0.376389 -0.919131 -0.116317
vn 0.545809 -0.836048 0.055828
vn 0.536010 -0.818567 0.206496
vn 0.372848 -0.904781 0.205806
vn 0.370680 -0.926796 0.060383
vn 0.515062 -0.781988 0.351006
vn 0.499645 -0.751503 0.430812
vn 0.394825 -0.814699 0.424711
vn 0.378251 -0.858946 0.345163
vn 0.399079 -0.715609 -0.573272
vn 0.405283 -0.576077 -0.709846
vn 0.375283 -0.808851 -0.452685
vn 0.248796 -0.857891 -0.449582
vn 0.262879 -0.758531 -0.596259
vn 0.268353 -0.608431 -0.746859
vn 0.324818 -0.873418 -0.362815
vn 0.274544 -0.933430 -0.230942
vn 0.175839 -0.965253 -0.193307
vn 0.216760 -0.919695 -0.327378
vn 0.220964 -0.972915 0.067917
vn 0.230201 -0.973059 -0.012782
vn 0.231821 -0.953957 0.190330
vn 0.118817 -0.978006 0.171423
vn 0.119021 -0.989331 0.084017
vn 0.136696 -0.990532 0.012640
vn 0.267430 -0.911076 0.313721
vn 0.306869 -0.861317 0.404926
vn 0.173834 -0.903979 0.390646
vn 0.144828 -0.949657 0.277808
vn 0.096295 -0.785162 -0.611757
vn 0.099253 -0.629077 -0.770980
vn 0.092482 -0.884408 -0.457460
vn 0.000000 -0.887920 -0.459998
vn 0.000000 -0.789096 -0.614270
vn -0.000000 -0.633214 -0.773977
vn 0.088853 -0.944011 -0.317725
vn 0.081353 -0.980600 -0.178343
vn 0.000000 -0.984009 -0.178118
vn -0.000000 -0.947190 -0.320673
vn 0.151589 -0.985863 -0.071376
vn 0.071673 -0.996000 -0.053365
vn 0.065435 -0.997238 0.035135
vn -0.000000 -0.998869 0.047553
vn 0.000000 -0.998832 -0.048327
vn 0.052443 -0.993212 0.103828
vn 0.041135 -0.984780 0.168869
vn 0.000000 -0.984996 0.172576
vn 0.000000 -0.993467 0.114119
vn 0.041429 -0.964808 0.259673
vn 0.051040 -0.923650 0.379822
vn -0.000000 -0.927283 0.374361
vn 0.000000 -0.966601 0.256287
vn -0.268353 -0.608431 -0.746859
vn -0.262879 -0.758531 -0.596259
vn -0.399079 -0.715609 -0.573272
vn -0.405283 -0.576077 -0.709846
vn -0.248796 -0.857891 -0.449582
vn -0.375283 -0.808850 -0.452685
vn -0.432895 -0.765899 -0.475396
vn -0.449309 -0.688307 -0.569521
vn -0.450478 -0.561741 -0.693914
vn -0.216760 -0.919695 -0.327378
vn -0.324818 -0.873418 -0.362815
vn -0.175839 -0.965253 -0.193307
vn -0.274544 -0.933430 -0.230942
vn -0.388970 -0.882319 -0.264981
vn -0.405075 -0.819432 -0.405518
vn -0.136696 -0.990532 0.012640
vn -0.119021 -0.989331 0.084016
vn -0.220964 -0.972915 0.067917
vn -0.230201 -0.973059 -0.012782
vn -0.118817 -0.978006 0.171423
vn -0.231821 -0.953957 0.190330
vn -0.372848 -0.904781 0.205806
vn -0.370680 -0.926796 0.060383
vn -0.370663 -0.928223 -0.031805
vn -0.144828 -0.949657 0.277808
vn -0.267430 -0.911076 0.313721
vn -0.173834 -0.903979 0.390646
vn -0.306869 -0.861317 0.404926
vn -0.394825 -0.814699 0.424711
vn -0.378251 -0.858946 0.345163
vn -0.521020 -0.649667 -0.553598
vn -0.504405 -0.542624 -0.671666
vn -0.529235 -0.696006 -0.485269
vn -0.529140 -0.736098 -0.422102
vn -0.542581 -0.792880 -0.277395
vn -0.376389 -0.919131 -0.116317
vn -0.545802 -0.827847 -0.129500
vn -0.546822 -0.836088 -0.044084
vn -0.545809 -0.836048 0.055828
vn -0.536010 -0.818568 0.206496
vn -0.515062 -0.781988 0.351006
vn -0.499645 -0.751503 0.430812
vn 0.422985 -0.694902 0.581545
vn 0.481548 -0.664819 0.571076
vn 0.514992 -0.589160 0.622635
vn 0.449254 -0.622020 0.641297
vn 0.566889 -0.620888 0.541419
vn 0.611325 -0.556239 0.562921
vn 0.641942 -0.516359 0.566818
vn 0.549323 -0.543410 0.634783
vn 0.473918 -0.567402 0.673392
vn 0.216813 -0.769783 0.600356
vn 0.351764 -0.727967 0.588494
vn 0.379201 -0.655478 0.653112
vn 0.245800 -0.697939 0.672654
vn 0.405533 -0.589202 0.698845
vn 0.276319 -0.623262 0.731569
vn -0.000000 -0.661823 0.749660
vn -0.000000 -0.737711 0.675116
vn 0.102482 -0.727548 0.678360
vn 0.125014 -0.651009 0.748704
vn 0.000000 -0.803638 0.595118
vn 0.081131 -0.795778 0.600129
vn -0.422985 -0.694902 0.581545
vn -0.351764 -0.727968 0.588494
vn -0.379201 -0.655478 0.653112
vn -0.449254 -0.622020 0.641297
vn -0.216813 -0.769783 0.600356
vn -0.245800 -0.697939 0.672654
vn -0.276319 -0.623261 0.731569
vn -0.405533 -0.589202 0.698845
vn -0.473918 -0.567402 0.673392
vn -0.566889 -0.620888 0.541419
vn -0.481548 -0.664819 0.571075
vn -0.514992 -0.589160 0.622635
vn -0.611324 -0.556239 0.562922
vn -0.549323 -0.543409 0.634783
vn -0.641942 -0.516359 0.566819
vn 0.587124 -0.483380 0.649329
vn 0.497589 -0.508259 0.702906
vn 0.681375 -0.454787 0.573495
vn 0.734906 -0.326438 0.594434
vn 0.638258 -0.352832 0.684205
vn 0.535710 -0.379014 0.754562
vn 0.417211 -0.518758 0.746207
vn 0.293894 -0.528688 0.796314
vn 0.426661 -0.392700 0.814707
vn 0.296099 -0.394842 0.869727
vn -0.000000 -0.401965 0.915655
vn -0.000000 -0.551728 0.834024
vn 0.143427 -0.543270 0.827216
vn 0.152811 -0.397454 0.904809
vn -0.417212 -0.518758 0.746207
vn -0.497589 -0.508259 0.702906
vn -0.293894 -0.528688 0.796314
vn -0.296099 -0.394842 0.869727
vn -0.426661 -0.392700 0.814707
vn -0.535710 -0.379014 0.754562
vn -0.587124 -0.483380 0.649329
vn -0.681375 -0.454787 0.573495
vn -0.638258 -0.352832 0.684205
vn -0.734906 -0.326438 0.594434
vn 0.677051 -0.192839 0.710222
vn 0.567496 -0.212996 0.795350
vn 0.774223 -0.172471 0.608960
vn 0.791574 -0.040658 0.609720
vn 0.695471 -0.052470 0.716636
vn 0.581676 -0.062763 0.810995
vn 0.437908 -0.227079 0.869869
vn 0.294748 -0.232634 0.926825
vn 0.442302 -0.068217 0.894268
vn 0.291054 -0.068659 0.954240
vn -0.000000 -0.066763 0.997769
vn -0.000000 -0.235283 0.971927
vn 0.153742 -0.234010 0.960001
vn 0.150327 -0.067016 0.986362
vn -0.437908 -0.227079 0.869869
vn -0.567496 -0.212996 0.795350
vn -0.294748 -0.232634 0.926825
vn -0.291054 -0.068659 0.954240
vn -0.442302 -0.068217 0.894268
vn -0.581676 -0.062763 0.810995
vn -0.677051 -0.192839 0.710222
vn -0.774223 -0.172471 0.608960
vn -0.695471 -0.052470 0.716636
vn -0.791574 -0.040658 0.609720
vn 0.696851 0.077626 0.713003
vn 0.580470 0.079083 0.810433
vn 0.792500 0.076603 0.605042
vn 0.778716 0.177135 0.601852
vn 0.681869 0.191415 0.705985
vn 0.567493 0.202394 0.798116
vn 0.437022 0.080742 0.895819
vn 0.283306 0.082907 0.955439
vn 0.427633 0.206285 0.880100
vn 0.276757 0.204389 0.938952
vn -0.000000 0.201725 0.979442
vn -0.000000 0.087942 0.996126
vn 0.143056 0.086213 0.985953
vn 0.137124 0.202169 0.969703
vn -0.437022 0.080742 0.895819
vn -0.580470 0.079083 0.810432
vn -0.283306 0.082907 0.955439
vn -0.276757 0.204389 0.938952
vn -0.427633 0.206285 0.880100
vn -0.567493 0.202394 0.798116
vn -0.696851 0.077626 0.713003
vn -0.792500 0.076603 0.605042
vn -0.681869 0.191415 0.705985
vn -0.778716 0.177135 0.601851
vn 0.655081 0.270943 0.705308
vn 0.544499 0.293179 0.785855
vn 0.755738 0.246477 0.606720
vn 0.732463 0.269363 0.625253
vn 0.624654 0.300092 0.720938
vn 0.513183 0.332993 0.791049
vn 0.416164 0.304910 0.856643
vn 0.275124 0.304088 0.912051
vn 0.394886 0.361425 0.844652
vn 0.267388 0.378327 0.886212
vn -0.000000 0.385968 0.922512
vn -0.000000 0.295738 0.955269
vn 0.136908 0.298267 0.944613
vn 0.134703 0.384624 0.913192
vn -0.416164 0.304910 0.856643
vn -0.544499 0.293179 0.785855
vn -0.275124 0.304088 0.912051
vn -0.267388 0.378327 0.886212
vn -0.394886 0.361425 0.844652
vn -0.513183 0.332993 0.791049
vn -0.655081 0.270943 0.705308
vn -0.755738 0.246477 0.606720
vn -0.624654 0.300092 0.720938
vn -0.732463 0.269363 0.625253
vn 0.595206 0.285521 0.751137
vn 0.476884 0.322103 0.817821
vn 0.712060 0.252715 0.655062
vn 0.695473 0.203084 0.689257
vn 0.567881 0.234998 0.788852
vn 0.441253 0.270865 0.855528
vn 0.360409 0.359153 0.860880
vn 0.243990 0.390491 0.887686
vn 0.322321 0.305778 0.895884
vn 0.212817 0.335048 0.917852
vn 0.000000 0.362185 0.932106
vn 0.000000 0.416944 0.908932
vn 0.123339 0.410295 0.903574
vn 0.105841 0.355025 0.928846
vn -0.360409 0.359153 0.860880
vn -0.476884 0.322103 0.817821
vn -0.243990 0.390491 0.887685
vn -0.212817 0.335048 0.917852
vn -0.322321 0.305778 0.895884
vn -0.441252 0.270865 0.855528
vn -0.595206 0.285521 0.751137
vn -0.712060 0.252715 0.655062
vn -0.567881 0.234998 0.788852
vn -0.695472 0.203084 0.689257
vn 0.540123 0.165597 0.825133
vn 0.405664 0.202868 0.891225
vn 0.680955 0.133487 0.720057
vn 0.664289 0.060741 0.745004
vn 0.505932 0.100114 0.856744
vn 0.362240 0.148905 0.920114
vn 0.285917 0.237220 0.928428
vn 0.182080 0.264340 0.947086
vn 0.244642 0.192707 0.950271
vn 0.147860 0.225404 0.962980
vn 0.000000 0.256046 0.966665
vn 0.000000 0.289268 0.957248
vn 0.087028 0.282656 0.955265
vn 0.065664 0.247714 0.966606
vn -0.285917 0.237220 0.928428
vn -0.405664 0.202868 0.891225
vn -0.182080 0.264340 0.947086
vn -0.147860 0.225404 0.962980
vn -0.244642 0.192707 0.950271
vn -0.362240 0.148905 0.920114
vn -0.540123 0.165597 0.825133
vn -0.680955 0.133487 0.720057
vn -0.505932 0.100114 0.856744
vn -0.664289 0.060741 0.745004
vn 0.285409 0.229766 0.930457
vn 0.412697 0.271357 0.869510
vn 0.429920 0.383717 0.817270
vn 0.295677 0.345925 0.890456
vn 0.545054 0.316634 0.776312
vn 0.543640 0.428385 0.721763
vn 0.547393 0.483343 0.683184
vn 0.443882 0.454752 0.772120
vn 0.309024 0.433750 0.846384
vn 0.100308 0.181949 0.978178
vn 0.181264 0.204695 0.961896
vn 0.193916 0.314582 0.929212
vn 0.136760 0.268939 0.953398
vn 0.222174 0.402785 0.887921
vn 0.187804 0.361282 0.913348
vn -0.100309 0.181949 0.978178
vn -0.023036 0.160146 0.986825
vn -0.051196 0.216053 0.975038
vn -0.136760 0.268939 0.953398
vn 0.000000 0.151469 0.988462
vn -0.000000 0.192278 0.981341
vn -0.000000 0.305446 0.952209
vn -0.090717 0.322642 0.942164
vn -0.187804 0.361281 0.913349
vn -0.285409 0.229766 0.930457
vn -0.181265 0.204695 0.961895
vn -0.193916 0.314582 0.929212
vn -0.295677 0.345925 0.890456
vn -0.222174 0.402784 0.887921
vn -0.309024 0.433750 0.846383
vn -0.545054 0.316634 0.776311
vn -0.412697 0.271357 0.869509
vn -0.429920 0.383718 0.817269
vn -0.543640 0.428385 0.721763
vn -0.443882 0.454752 0.772120
vn -0.547392 0.483342 0.683185
vn 0.440547 0.538047 0.718626
vn 0.317541 0.547177 0.774445
vn 0.537624 0.541589 0.646251
vn 0.505757 0.627777 0.591698
vn 0.435478 0.647478 0.625405
vn 0.327678 0.670369 0.665757
vn 0.250290 0.536014 0.806253
vn 0.226399 0.513614 0.827613
vn 0.270885 0.671012 0.690192
vn 0.249045 0.663253 0.705742
vn -0.123468 0.496498 0.859212
vn -0.226399 0.513613 0.827614
vn 0.000000 0.487594 0.873070
vn 0.000000 0.668301 0.743891
vn -0.145662 0.666231 0.731381
vn -0.249045 0.663253 0.705742
vn -0.250290 0.536013 0.806254
vn -0.317541 0.547177 0.774445
vn -0.270885 0.671011 0.690193
vn -0.327678 0.670368 0.665758
vn -0.440547 0.538047 0.718627
vn -0.537623 0.541589 0.646253
vn -0.435478 0.647479 0.625404
vn -0.505757 0.627777 0.591698
vn 0.512806 -0.417036 -0.750408
vn 0.446100 -0.419630 -0.790510
vn 0.429033 -0.312496 -0.847512
vn 0.518493 -0.336016 -0.786294
vn 0.399891 -0.418437 -0.815474
vn 0.265748 -0.432725 -0.861468
vn 0.256023 -0.273355 -0.927216
vn 0.377028 -0.283687 -0.881687
vn 0.099755 -0.445828 -0.889543
vn -0.000000 -0.450071 -0.892993
vn -0.000000 -0.286163 -0.958181
vn 0.101613 -0.279705 -0.954694
vn -0.399891 -0.418437 -0.815474
vn -0.265748 -0.432725 -0.861468
vn -0.446100 -0.419630 -0.790510
vn -0.429033 -0.312496 -0.847512
vn -0.377028 -0.283687 -0.881687
vn -0.256023 -0.273355 -0.927216
vn -0.512806 -0.417036 -0.750408
vn -0.518493 -0.336016 -0.786294
vn 0.521339 -0.228306 -0.822242
vn 0.407514 -0.199469 -0.891148
vn 0.392813 -0.003276 -0.919612
vn 0.521175 -0.037031 -0.852646
vn 0.335461 -0.160899 -0.928212
vn 0.233734 -0.127888 -0.963853
vn 0.206513 0.045942 -0.977365
vn 0.296635 0.025261 -0.954657
vn 0.105060 -0.123133 -0.986813
vn -0.000000 -0.129644 -0.991561
vn -0.000000 0.044216 -0.999022
vn 0.105572 0.048771 -0.993215
vn -0.335460 -0.160899 -0.928212
vn -0.233734 -0.127889 -0.963853
vn -0.407514 -0.199469 -0.891148
vn -0.392813 -0.003276 -0.919612
vn -0.296635 0.025261 -0.954657
vn -0.206513 0.045942 -0.977365
vn -0.521339 -0.228306 -0.822242
vn -0.521175 -0.037031 -0.852646
vn 0.499099 0.138149 -0.855462
vn 0.369039 0.174410 -0.912903
vn 0.343867 0.245183 -0.906444
vn 0.470740 0.211436 -0.856562
vn 0.270650 0.195038 -0.942714
vn 0.188544 0.203584 -0.960731
vn 0.165906 0.299903 -0.939433
vn 0.248275 0.273645 -0.929235
vn 0.099306 0.207600 -0.973160
vn -0.000001 0.209232 -0.977866
vn 0.000048 0.333807 -0.942641
vn 0.080158 0.323816 -0.942719
vn -0.270650 0.195038 -0.942713
vn -0.188544 0.203584 -0.960731
vn -0.369039 0.174410 -0.912903
vn -0.343937 0.245117 -0.906435
vn -0.248358 0.273459 -0.929268
vn -0.165880 0.299703 -0.939501
vn -0.499099 0.138149 -0.855462
vn -0.470740 0.211436 -0.856562
vn 0.449150 0.216658 -0.866789
vn 0.318318 0.249121 -0.914665
vn 0.294583 0.183781 -0.937788
vn 0.433308 0.166688 -0.885697
vn 0.216659 0.284305 -0.933932
vn 0.128485 0.321369 -0.938197
vn 0.095056 0.225481 -0.969599
vn 0.185800 0.204665 -0.961036
vn 0.048936 0.353386 -0.934197
vn 0.000180 0.365898 -0.930655
vn 0.000350 0.243773 -0.969832
vn 0.025177 0.239587 -0.970549
vn -0.216770 0.283895 -0.934031
vn -0.128299 0.321051 -0.938331
vn -0.318516 0.248711 -0.914708
vn -0.294738 0.183141 -0.937864
vn -0.185735 0.204197 -0.961149
vn -0.094650 0.225203 -0.969704
vn -0.449296 0.216423 -0.866772
vn -0.433583 0.166066 -0.885680
vn 0.427499 0.090069 -0.899518
vn 0.283742 0.083651 -0.955245
vn 0.292468 -0.007209 -0.956248
vn 0.438761 0.019405 -0.898394
vn 0.172235 0.080127 -0.981792
vn 0.086158 0.074866 -0.993465
vn 0.099142 -0.047326 -0.993947
vn 0.180142 -0.028748 -0.983221
vn 0.024909 0.065392 -0.997549
vn 0.000497 0.059857 -0.998207
vn 0.000574 -0.070559 -0.997508
vn 0.039893 -0.063500 -0.997184
vn -0.171924 0.079782 -0.981874
vn -0.085518 0.074649 -0.993536
vn -0.283765 0.083162 -0.955281
vn -0.292319 -0.007531 -0.956291
vn -0.179664 -0.028949 -0.983302
vn -0.098339 -0.047432 -0.994022
vn -0.427791 0.089418 -0.899444
vn -0.438895 0.018943 -0.898339
vn 0.464451 -0.038451 -0.884764
vn 0.317524 -0.079177 -0.944939
vn 0.352696 -0.125623 -0.927267
vn 0.497344 -0.079439 -0.863909
vn 0.202377 -0.112466 -0.972828
vn 0.119380 -0.137133 -0.983333
vn 0.143502 -0.195739 -0.970100
vn 0.234306 -0.165530 -0.957967
vn 0.054839 -0.153100 -0.986688
vn 0.000585 -0.158741 -0.987320
vn 0.000552 -0.220619 -0.975360
vn 0.068319 -0.214391 -0.974356
vn -0.201788 -0.112523 -0.972944
vn -0.118502 -0.137137 -0.983438
vn -0.317238 -0.079321 -0.945023
vn -0.352324 -0.125633 -0.927408
vn -0.233664 -0.165490 -0.958131
vn -0.142624 -0.195681 -0.970241
vn -0.464447 -0.038701 -0.884755
vn -0.497240 -0.079519 -0.863961
vn 0.530542 -0.100717 -0.841654
vn 0.391777 -0.147441 -0.908169
vn 0.432014 -0.144650 -0.890191
vn 0.562154 -0.098709 -0.821120
vn 0.272828 -0.190713 -0.942971
vn 0.173136 -0.225764 -0.958674
vn 0.208197 -0.228042 -0.951131
vn 0.315043 -0.189446 -0.929978
vn 0.084489 -0.248614 -0.964911
vn 0.000498 -0.256570 -0.966525
vn 0.000441 -0.265541 -0.964100
vn 0.105351 -0.255351 -0.961092
vn -0.272187 -0.190605 -0.943178
vn -0.172307 -0.225670 -0.958845
vn -0.391373 -0.147345 -0.908360
vn -0.431629 -0.144450 -0.890410
vn -0.314452 -0.189281 -0.930211
vn -0.207449 -0.227925 -0.951323
vn -0.530384 -0.100650 -0.841762
vn -0.561985 -0.098494 -0.821262
vn 0.614556 0.273044 -0.740114
vn 0.584438 0.396291 -0.708086
vn 0.499939 0.290642 -0.815835
vn 0.475748 0.417187 -0.774351
vn 0.445822 0.548476 -0.707402
vn 0.538381 0.529318 -0.655720
vn 0.380449 0.307374 -0.872227
vn 0.368988 0.430017 -0.823974
vn 0.259771 0.318124 -0.911765
vn 0.267655 0.425428 -0.864507
vn 0.297594 0.530310 -0.793857
vn 0.367130 0.550123 -0.750053
vn 0.000000 0.505333 -0.862925
vn 0.000000 0.403411 -0.915019
vn -0.146624 0.410490 -0.899999
vn -0.172719 0.511501 -0.841745
vn 0.000000 0.322675 -0.946510
vn -0.134737 0.322123 -0.937061
vn -0.259771 0.318124 -0.911765
vn -0.267655 0.425428 -0.864507
vn -0.297595 0.530310 -0.793857
vn -0.380449 0.307374 -0.872227
vn -0.368989 0.430017 -0.823974
vn -0.499940 0.290643 -0.815835
vn -0.475748 0.417187 -0.774351
vn -0.445823 0.548476 -0.707401
vn -0.367130 0.550124 -0.750053
vn -0.614556 0.273044 -0.740113
vn -0.584438 0.396291 -0.708085
vn -0.538381 0.529318 -0.655720
vn 0.507678 0.591206 -0.626688
vn 0.436512 0.608586 -0.662631
vn 0.386329 0.606894 -0.694571
vn 0.330145 0.599915 -0.728770
vn -0.000000 0.616830 -0.787096
vn -0.192649 0.609478 -0.769040
vn -0.330146 0.599916 -0.728769
vn -0.386330 0.606895 -0.694571
vn -0.436512 0.608586 -0.662631
vn -0.507678 0.591207 -0.626688
vn -0.993948 0.047228 -0.099183
vn -0.994472 0.026369 -0.101634
vn 0.993910 0.047256 -0.099548
vn 0.994406 0.026283 -0.102308
vn 0.244275 -0.965086 -0.094550
vn -0.244275 -0.965086 -0.094550
vn -0.151589 -0.985863 -0.071376
vn -0.013735 -0.130019 0.991416
vn -0.013899 0.013167 0.999817
vn -0.030735 -0.092227 0.995264
vn -0.015587 -0.161588 0.986735
vn 0.024886 0.145792 0.989002
vn 0.002031 0.007733 0.999968
vn 0.007054 -0.102613 0.994696
vn -0.020534 -0.134167 0.990746
vn -0.001447 -0.072402 0.997374
vn 0.013735 -0.130019 0.991416
vn 0.015586 -0.161588 0.986735
vn 0.030735 -0.092227 0.995264
vn 0.013899 0.013168 0.999817
vn 0.001447 -0.072402 0.997374
vn 0.020534 -0.134167 0.990746
vn -0.007055 -0.102613 0.994696
vn -0.002031 0.007733 0.999968
vn -0.024886 0.145792 0.989002
vn 0.049115 -0.034946 0.998182
vn 0.068042 0.143169 0.987357
vn 0.177153 0.058805 0.982425
vn 0.214284 0.240876 0.946605
vn 0.234909 0.349137 0.907150
vn 0.100327 0.267890 0.958212
vn -0.177153 0.058805 0.982425
vn -0.049115 -0.034946 0.998182
vn -0.068042 0.143169 0.987357
vn -0.214283 0.240876 0.946605
vn -0.100327 0.267890 0.958212
vn -0.234909 0.349138 0.907150
vn 0.335589 0.107814 0.935818
vn 0.401198 0.280277 0.872058
vn 0.513297 0.090912 0.853382
vn 0.614030 0.245433 0.750153
vn 0.633254 0.314829 0.707016
vn 0.417757 0.369954 0.829827
vn -0.513297 0.090912 0.853382
vn -0.335589 0.107814 0.935818
vn -0.401198 0.280277 0.872058
vn -0.614030 0.245433 0.750154
vn -0.417757 0.369954 0.829827
vn -0.633255 0.314830 0.707016
vn -0.173287 -0.036447 0.984197
vn -0.146716 -0.018688 0.989002
vn -0.131189 -0.051860 0.990000
vn -0.156694 -0.071260 0.985073
vn -0.080547 0.004466 0.996741
vn -0.066800 -0.031839 0.997258
vn -0.055876 -0.122670 0.990873
vn -0.116860 -0.130812 0.984496
vn -0.140426 -0.137726 0.980465
vn 0.014289 -0.130890 0.991294
vn 0.003979 -0.121320 0.992606
vn 0.003743 -0.216323 0.976315
vn 0.005464 -0.225567 0.974212
vn 0.055875 -0.122670 0.990873
vn 0.051593 -0.214534 0.975353
vn 0.057265 -0.258995 0.964180
vn 0.012688 -0.266390 0.963782
vn -0.000015 -0.274283 0.961649
vn -0.105712 -0.210914 0.971772
vn -0.130236 -0.205350 0.969985
vn -0.051593 -0.214534 0.975353
vn -0.057265 -0.258995 0.964180
vn -0.104213 -0.252950 0.961850
vn -0.127639 -0.244575 0.961193
vn 0.010887 0.031099 0.999457
vn 0.020253 0.025609 0.999467
vn 0.009706 -0.023395 0.999679
vn 0.016690 -0.030037 0.999409
vn 0.080547 0.004466 0.996741
vn 0.066800 -0.031839 0.997258
vn -0.009706 -0.023395 0.999679
vn -0.003979 -0.121320 0.992606
vn -0.020253 0.025609 0.999467
vn -0.010887 0.031099 0.999457
vn -0.016690 -0.030037 0.999409
vn -0.014289 -0.130890 0.991294
vn -0.003743 -0.216324 0.976315
vn -0.012688 -0.266390 0.963782
vn -0.005464 -0.225566 0.974213
vn 0.000015 -0.274282 0.961649
vn 0.131188 -0.051860 0.990000
vn 0.116860 -0.130812 0.984496
vn 0.146716 -0.018688 0.989002
vn 0.173287 -0.036447 0.984197
vn 0.156695 -0.071261 0.985073
vn 0.140427 -0.137727 0.980465
vn 0.105712 -0.210915 0.971772
vn 0.104213 -0.252950 0.961850
vn 0.130236 -0.205349 0.969985
vn 0.127638 -0.244574 0.961193
vn -0.035713 -0.246012 0.968609
vn -0.011782 -0.292153 0.956299
vn -0.061299 -0.135562 0.988871
vn -0.095586 -0.124726 0.987576
vn -0.052143 -0.248903 0.967124
vn -0.017435 -0.286477 0.957929
vn 0.095586 -0.124726 0.987576
vn 0.052143 -0.248904 0.967124
vn 0.029053 -0.219050 0.975281
vn 0.068212 -0.095618 0.993078
vn 0.017435 -0.286478 0.957928
vn 0.008087 -0.238750 0.971048
vn -0.022297 -0.283212 0.958798
vn -0.068434 -0.267665 0.961079
vn -0.029968 -0.263989 0.964060
vn -0.089189 -0.232037 0.968609
vn 0.029969 -0.263989 0.964060
vn 0.038830 -0.188325 0.981339
vn 0.089190 -0.232038 0.968609
vn 0.126733 -0.127022 0.983770
vn 0.233593 -0.091544 0.968016
vn 0.333449 -0.102101 0.937223
vn 0.155149 -0.214978 0.964216
vn 0.201758 -0.212647 0.956073
vn -0.155148 -0.214978 0.964216
vn -0.118794 -0.257997 0.958815
vn -0.201759 -0.212648 0.956072
vn -0.148274 -0.245058 0.958103
vn -0.156641 -0.207727 0.965564
vn -0.168909 -0.143182 0.975176
vn -0.229602 -0.199890 0.952537
vn -0.259380 -0.158172 0.952735
vn 0.229601 -0.199889 0.952538
vn 0.423664 -0.144866 0.894160
vn 0.259380 -0.158171 0.952735
vn 0.488278 -0.176499 0.854653
vn 0.748584 -0.136201 0.648900
vn 0.679181 -0.012932 0.733856
vn 0.288325 -0.130366 0.948616
vn 0.491999 -0.180529 0.851673
vn 0.289827 -0.114541 0.950200
vn 0.440257 -0.145827 0.885951
vn 0.632799 -0.101034 0.767696
vn 0.714044 -0.182061 0.676014
vn -0.192566 -0.088462 0.977289
vn -0.210567 -0.060677 0.975695
vn -0.288325 -0.130366 0.948617
vn -0.289826 -0.114540 0.950201
vn -0.081287 0.069270 0.994281
vn -0.105905 0.005867 0.994359
vn -0.066489 -0.016866 0.997645
vn -0.043961 0.051744 0.997692
vn 0.081288 0.069270 0.994281
vn 0.105906 0.005867 0.994359
vn 0.091649 0.032011 0.995277
vn 0.093668 0.090223 0.991507
vn 0.025918 0.056303 0.998077
vn 0.070089 0.141212 0.987495
vn -0.016062 -0.145286 0.989259
vn -0.025874 -0.036193 0.999010
vn 0.002424 -0.161414 0.986884
vn -0.000000 -0.179505 0.983757
vn 0.000000 -0.148816 0.988865
vn 0.000000 -0.029543 0.999564
vn -0.002425 -0.161414 0.986884
vn 0.016062 -0.145286 0.989259
vn 0.025875 -0.036193 0.999010
vn 0.144873 -0.006838 0.989427
vn 0.073151 0.056564 0.995716
vn 0.110637 0.080444 0.990600
vn 0.198765 0.015598 0.979923
vn 0.150224 0.126316 0.980549
vn 0.254011 0.065364 0.964990
vn -0.040177 0.046082 0.998129
vn -0.103767 0.005572 0.994586
vn -0.144873 -0.006838 0.989427
vn -0.073151 0.056564 0.995716
vn -0.180676 -0.033132 0.982985
vn -0.243748 -0.073516 0.967048
vn 0.243748 -0.073516 0.967048
vn 0.335877 -0.073139 0.939062
vn 0.412687 -0.018838 0.910678
vn -0.025919 0.056303 0.998077
vn 0.013786 0.075233 0.997071
vn -0.070089 0.141212 0.987495
vn -0.013106 0.162771 0.986577
vn -0.000000 0.174232 0.984705
vn 0.000000 0.085933 0.996301
vn -0.013786 0.075233 0.997071
vn 0.013106 0.162771 0.986577
vn 0.404470 0.382257 0.830834
vn 0.244137 0.372076 0.895521
vn 0.601188 0.329939 0.727814
vn 0.560716 0.305327 0.769658
vn 0.390392 0.332035 0.858689
vn 0.252847 0.322997 0.911999
vn 0.131739 0.314962 0.939917
vn 0.074812 0.236575 0.968729
vn 0.151076 0.292630 0.944216
vn 0.082262 0.261569 0.961673
vn 0.047268 0.126703 0.990814
vn 0.034981 -0.006973 0.999364
vn 0.052173 0.222858 0.973454
vn 0.040117 0.116710 0.992356
vn 0.013750 -0.064840 0.997801
vn -0.000000 -0.078844 0.996887
vn 0.013877 0.116746 0.993065
vn -0.000000 0.112264 0.993678
vn -0.040116 0.116710 0.992356
vn -0.034981 -0.006973 0.999364
vn -0.013750 -0.064840 0.997801
vn -0.013877 0.116746 0.993065
vn -0.047269 0.126703 0.990814
vn -0.074812 0.236576 0.968729
vn -0.052173 0.222858 0.973454
vn -0.082262 0.261569 0.961673
vn -0.131739 0.314963 0.939917
vn -0.244138 0.372076 0.895520
vn -0.151076 0.292631 0.944216
vn -0.252847 0.322997 0.911998
vn -0.404470 0.382257 0.830833
vn -0.601188 0.329939 0.727814
vn -0.390392 0.332035 0.858689
vn -0.560715 0.305326 0.769658
vn -0.029053 -0.219050 0.975281
vn -0.008088 -0.238749 0.971048
vn -0.068212 -0.095618 0.993078
vn -0.038831 -0.188325 0.981339
vn -0.126733 -0.127021 0.983771
vn -0.233593 -0.091544 0.968016
vn -0.333450 -0.102101 0.937223
vn -0.423665 -0.144867 0.894160
vn -0.488278 -0.176499 0.854653
vn -0.679182 -0.012932 0.733856
vn -0.748585 -0.136201 0.648899
vn -0.491999 -0.180529 0.851673
vn -0.440257 -0.145827 0.885950
vn -0.714044 -0.182061 0.676014
vn -0.632799 -0.101034 0.767696
vn -0.335877 -0.073139 0.939062
vn -0.198765 0.015598 0.979923
vn -0.412687 -0.018838 0.910678
vn -0.254011 0.065364 0.964990
vn -0.110637 0.080443 0.990600
vn -0.093668 0.090223 0.991507
vn -0.150224 0.126316 0.980549
vn -0.091650 0.032011 0.995277
vn 0.035713 -0.246014 0.968608
vn 0.061299 -0.135562 0.988871
vn 0.011782 -0.292156 0.956298
vn 0.022297 -0.283212 0.958798
vn 0.068435 -0.267665 0.961079
vn 0.118794 -0.257997 0.958815
vn 0.148274 -0.245057 0.958103
vn 0.156641 -0.207727 0.965564
vn 0.168909 -0.143182 0.975176
vn 0.192566 -0.088461 0.977289
vn 0.210568 -0.060677 0.975694
vn 0.180676 -0.033132 0.982985
vn 0.103767 0.005572 0.994586
vn 0.040177 0.046081 0.998129
vn 0.043961 0.051744 0.997692
vn 0.066490 -0.016866 0.997645
vn 0.394940 0.244280 0.885635
vn 0.269895 0.217881 0.937915
vn 0.544229 0.261150 0.797255
vn -0.394940 0.244280 0.885635
vn -0.544229 0.261150 0.797255
vn -0.269895 0.217881 0.937915
vn -0.170362 0.201199 0.964622
vn -0.089448 0.197239 0.976266
vn 0.170362 0.201199 0.964622
vn 0.089448 0.197239 0.976266
vn -0.022333 0.194967 0.980556
vn 0.000000 0.197589 0.980285
vn -0.028658 0.264995 0.963824
vn 0.000000 0.266664 0.963790
vn 0.023036 0.160145 0.986825
vn 0.022333 0.194967 0.980556
vn 0.028658 0.264996 0.963824
vn -0.022550 0.250194 0.967933
vn -0.000000 0.250958 0.967998
vn 0.022551 0.250195 0.967933
vn -0.460248 0.039238 0.886923
vn -0.308818 0.107279 0.945052
vn -0.641255 -0.013933 0.767201
vn 0.460248 0.039238 0.886923
vn 0.641255 -0.013933 0.767201
vn 0.308818 0.107279 0.945052
vn -0.195508 0.161622 0.967293
vn -0.107631 0.195857 0.974708
vn 0.195508 0.161622 0.967293
vn 0.107631 0.195857 0.974708
vn 0.000000 0.231303 0.972882
vn -0.039714 0.220566 0.974563
vn -0.065664 0.247714 0.966606
vn 0.039714 0.220566 0.974563
vn 0.808591 0.107808 0.578411
vn 0.829434 0.167407 0.532931
vn 0.876943 -0.048197 0.478171
vn 0.921808 0.013915 0.387397
vn -0.808591 0.107808 0.578411
vn -0.829434 0.167407 0.532930
vn -0.921808 0.013915 0.387397
vn -0.876943 -0.048196 0.478171
vn 0.051196 0.216053 0.975038
vn 0.090717 0.322642 0.942164
vn 0.123468 0.496499 0.859211
vn 0.145662 0.666231 0.731381
vn 0.153550 0.906362 0.393612
vn 0.143806 0.965896 0.215326
vn 0.157096 0.851872 0.499635
vn 0.125792 0.990422 0.056927
vn 0.113517 0.992917 -0.035079
vn 0.116764 0.983581 -0.137604
vn 0.135362 0.965691 -0.221625
vn 0.161000 0.943108 -0.290907
vn 0.184238 0.892545 -0.411607
vn 0.195466 0.806632 -0.557797
vn 0.197754 0.711076 -0.674733
vn 0.172719 0.511501 -0.841745
vn 0.192648 0.609478 -0.769040
vn 0.134737 0.322122 -0.937061
vn 0.146624 0.410491 -0.899999
vn -0.105841 0.355025 0.928846
vn -0.087028 0.282657 0.955265
vn -0.134703 0.384624 0.913192
vn -0.123339 0.410295 0.903574
vn -0.137124 0.202169 0.969703
vn -0.136908 0.298267 0.944613
vn -0.150327 -0.067016 0.986362
vn -0.143056 0.086213 0.985953
vn -0.152811 -0.397454 0.904809
vn -0.153742 -0.234010 0.960002
vn -0.125014 -0.651009 0.748704
vn -0.143427 -0.543270 0.827216
vn -0.081131 -0.795778 0.600129
vn -0.102482 -0.727548 0.678360
vn -0.041429 -0.964808 0.259673
vn -0.041135 -0.984780 0.168869
vn -0.051040 -0.923650 0.379823
vn -0.052443 -0.993212 0.103828
vn -0.065435 -0.997238 0.035135
vn -0.071673 -0.996000 -0.053365
vn -0.081353 -0.980600 -0.178343
vn -0.088853 -0.944011 -0.317725
vn -0.092482 -0.884408 -0.457460
vn -0.096295 -0.785163 -0.611757
vn -0.099253 -0.629077 -0.770980
vn -0.099755 -0.445828 -0.889543
vn -0.101613 -0.279705 -0.954694
vn -0.105061 -0.123133 -0.986813
vn -0.105572 0.048771 -0.993215
vn -0.099303 0.207603 -0.973160
vn -0.080078 0.323703 -0.942764
vn -0.048614 0.353217 -0.934277
vn -0.024549 0.239449 -0.970599
vn -0.024004 0.065290 -0.997578
vn -0.038832 -0.063541 -0.997223
vn -0.053742 -0.153090 -0.986750
vn -0.067272 -0.214352 -0.974437
vn -0.083534 -0.248560 -0.965008
vn -0.104501 -0.255292 -0.961200
vn 0.134709 0.255617 -0.957347
vn 0.000000 0.256639 -0.966507
vn 0.264767 0.250306 -0.931260
vn 0.273087 0.182804 -0.944461
vn 0.138971 0.191254 -0.971653
vn 0.000000 0.194119 -0.980978
vn -0.134709 0.255617 -0.957347
vn -0.264767 0.250306 -0.931260
vn -0.138971 0.191254 -0.971653
vn -0.273087 0.182804 -0.944461
vn 0.391831 0.239136 -0.888416
vn 0.514102 0.223992 -0.827965
vn 0.525939 0.156905 -0.835924
vn 0.402808 0.170706 -0.899225
vn -0.391831 0.239136 -0.888416
vn -0.514102 0.223992 -0.827965
vn -0.402808 0.170706 -0.899225
vn -0.525939 0.156905 -0.835924
vn 0.628729 0.208567 -0.749133
vn 0.729790 0.196074 -0.654952
vn 0.739482 0.131921 -0.660124
vn 0.639538 0.143450 -0.755257
vn -0.628729 0.208567 -0.749133
vn -0.729790 0.196074 -0.654951
vn -0.639538 0.143450 -0.755257
vn -0.739481 0.131921 -0.660125
vn -0.811769 0.187506 -0.553058
vn -0.873323 0.181769 -0.451960
vn -0.821529 0.122867 -0.556771
vn -0.884329 0.115123 -0.452449
vn 0.811769 0.187506 -0.553058
vn 0.873323 0.181769 -0.451959
vn 0.884329 0.115123 -0.452448
vn 0.821529 0.122867 -0.556771
vn -0.918294 0.176575 -0.354342
vn -0.950491 0.169919 -0.260181
vn -0.930436 0.107339 -0.350381
vn -0.963100 0.098133 -0.250617
vn 0.918294 0.176575 -0.354341
vn 0.950491 0.169919 -0.260180
vn 0.963100 0.098133 -0.250617
vn 0.930436 0.107339 -0.350381
vn -0.972565 0.161629 -0.167313
vn -0.985499 0.153793 -0.071692
vn -0.984362 0.087115 -0.153109
vn -0.995518 0.076118 -0.056127
vn 0.972565 0.161629 -0.167313
vn 0.985499 0.153793 -0.071692
vn 0.995518 0.076118 -0.056127
vn 0.984362 0.087115 -0.153109
vn -0.987833 0.151634 0.034540
vn -0.973264 0.161739 0.163087
vn -0.996533 0.069627 0.045551
vn -0.983736 0.075598 0.162940
vn 0.987833 0.151634 0.034540
vn 0.973264 0.161739 0.163087
vn 0.983736 0.075598 0.162940
vn 0.996533 0.069626 0.045551
vn 0.999492 -0.014494 -0.028382
vn 0.997404 -0.021003 0.068883
vn 0.996626 -0.028100 0.077118
vn 0.999518 -0.023209 -0.020602
vn 0.985306 -0.024323 0.169060
vn 0.983809 -0.035028 0.175761
vn 0.982189 -0.027797 0.185827
vn 0.996258 -0.019565 0.084192
vn 0.999788 -0.014204 -0.014933
vn 0.973029 0.003889 -0.230649
vn 0.991822 -0.006371 -0.127472
vn 0.992663 -0.018286 -0.119524
vn 0.975259 -0.011203 -0.220781
vn 0.993523 -0.010184 -0.113174
vn 0.977179 -0.007116 -0.212297
vn 0.892642 0.024605 -0.450094
vn 0.940831 0.015462 -0.338522
vn 0.944486 -0.002017 -0.328544
vn 0.895503 0.004494 -0.445034
vn 0.947661 -0.005553 -0.319229
vn 0.898360 -0.006982 -0.439205
vn 0.742645 0.024942 -0.669221
vn 0.826485 0.027725 -0.562276
vn 0.825905 0.002857 -0.563802
vn 0.737333 -0.008756 -0.675473
vn 0.825176 -0.014052 -0.564701
vn 0.728253 -0.031299 -0.684593
vn 0.534434 0.012753 -0.845114
vn 0.643977 0.018725 -0.764816
vn 0.634431 -0.028077 -0.772470
vn 0.524801 -0.049084 -0.849809
vn 0.616246 -0.059850 -0.785276
vn 0.503099 -0.093459 -0.859160
vn 0.292866 0.013359 -0.956060
vn 0.417038 0.010385 -0.908830
vn 0.410912 -0.065960 -0.909286
vn 0.292266 -0.075977 -0.953314
vn 0.390585 -0.125233 -0.912009
vn 0.276236 -0.151602 -0.949058
vn 0.000274 0.024382 -0.999703
vn 0.156208 0.020338 -0.987515
vn 0.159299 -0.079498 -0.984024
vn 0.000337 -0.079825 -0.996809
vn 0.150115 -0.170044 -0.973935
vn 0.000362 -0.176896 -0.984230
vn -0.292809 0.013929 -0.956070
vn -0.155949 0.020679 -0.987549
vn -0.158767 -0.079242 -0.984131
vn -0.291859 -0.075385 -0.953486
vn -0.149427 -0.169939 -0.974060
vn -0.275656 -0.151402 -0.949258
vn -0.534389 0.013677 -0.845128
vn -0.416946 0.011178 -0.908863
vn -0.410603 -0.065105 -0.909487
vn -0.524622 -0.048070 -0.849977
vn -0.390153 -0.124950 -0.912233
vn -0.502838 -0.093103 -0.859352
vn -0.742655 0.025853 -0.669175
vn -0.643970 0.019687 -0.764798
vn -0.634361 -0.026985 -0.772566
vn -0.737321 -0.007669 -0.675499
vn -0.616140 -0.059434 -0.785391
vn -0.728242 -0.030840 -0.684626
vn -0.892640 0.025293 -0.450061
vn -0.826494 0.028529 -0.562222
vn -0.825905 0.003880 -0.563796
vn -0.895484 0.005420 -0.445060
vn -0.825202 -0.013577 -0.564674
vn -0.898377 -0.006533 -0.439177
vn -0.973066 0.004297 -0.230489
vn -0.940822 0.016072 -0.338519
vn -0.944458 -0.001194 -0.328629
vn -0.975310 -0.010476 -0.220593
vn -0.947663 -0.005172 -0.319230
vn -0.977210 -0.006690 -0.212170
vn -0.999492 -0.014494 -0.028382
vn -0.991838 -0.006247 -0.127353
vn -0.992722 -0.017794 -0.119109
vn -0.999525 -0.023055 -0.020445
vn -0.993595 -0.009763 -0.112574
vn -0.999797 -0.014034 -0.014460
vn -0.982189 -0.027797 0.185827
vn -0.983810 -0.035029 0.175761
vn -0.996626 -0.028100 0.077118
vn -0.996258 -0.019565 0.084192
vn -0.985306 -0.024323 0.169060
vn -0.997404 -0.021003 0.068883
vn 0.995821 -0.000153 0.091332
vn 0.999953 0.004490 -0.008593
vn 0.980632 -0.006296 0.195760
vn 0.994193 0.007675 -0.107338
vn 0.978052 0.007373 -0.208230
vn 0.948457 0.001626 -0.316902
vn 0.899244 -0.008406 -0.437367
vn 0.823832 -0.022416 -0.566391
vn 0.716856 -0.046163 -0.695691
vn 0.591510 -0.082141 -0.802103
vn 0.470856 -0.124367 -0.873400
vn 0.356713 -0.166417 -0.919272
vn 0.245396 -0.203779 -0.947763
vn 0.129511 -0.231666 -0.964136
vn 0.000394 -0.242529 -0.970144
vn -0.128755 -0.231595 -0.964254
vn -0.244739 -0.203633 -0.947964
vn -0.356203 -0.166195 -0.919510
vn -0.470529 -0.124075 -0.873617
vn -0.591363 -0.081799 -0.802246
vn -0.716839 -0.045810 -0.695732
vn -0.823879 -0.022096 -0.566334
vn -0.899292 -0.008147 -0.437272
vn -0.948489 0.001818 -0.316806
vn -0.978070 0.007498 -0.208143
vn -0.994275 0.007747 -0.106571
vn -0.999958 0.004518 -0.007937
vn -0.995821 -0.000153 0.091332
vn -0.980632 -0.006296 0.195760
vn -0.950155 -0.014691 0.311430
vn -0.895513 -0.024705 0.444349
vn -0.906206 -0.066830 0.417521
vn -0.954614 -0.042341 0.294821
vn 0.906206 -0.066830 0.417521
vn 0.895513 -0.024705 0.444349
vn 0.950155 -0.014691 0.311430
vn 0.954614 -0.042341 0.294822
vn -0.946222 0.104697 0.306110
vn -0.928307 0.187080 0.321321
vn -0.868574 0.162471 0.468170
vn -0.839195 0.222342 0.496302
vn 0.839195 0.222342 0.496302
vn 0.928307 0.187080 0.321321
vn 0.868573 0.162471 0.468170
vn 0.946222 0.104696 0.306110
vn -0.998274 0.008764 0.058066
vn -0.999037 0.016790 -0.040539
vn -0.986297 0.010596 0.164639
vn -0.989906 0.028099 -0.138912
vn -0.969852 0.039809 -0.240422
vn -0.937163 0.050245 -0.345255
vn -0.890123 0.058819 -0.451909
vn -0.826255 0.065642 -0.559458
vn -0.744293 0.071535 -0.664011
vn -0.645706 0.077856 -0.759607
vn -0.533902 0.085290 -0.841234
vn -0.412675 0.094347 -0.905979
vn -0.283964 0.104947 -0.953074
vn -0.147276 0.115624 -0.982314
vn 0.000082 0.120277 -0.992741
vn 0.147275 0.115505 -0.982328
vn 0.283914 0.104895 -0.953095
vn 0.412674 0.094347 -0.905979
vn 0.533902 0.085290 -0.841234
vn 0.645706 0.077856 -0.759607
vn 0.744293 0.071535 -0.664011
vn 0.826255 0.065642 -0.559459
vn 0.890123 0.058819 -0.451909
vn 0.937163 0.050245 -0.345255
vn 0.969852 0.039809 -0.240422
vn 0.989906 0.028099 -0.138912
vn 0.999037 0.016790 -0.040539
vn 0.998274 0.008764 0.058066
vn 0.986297 0.010596 0.164639
vn -0.703040 0.253073 0.664596
vn -0.678996 0.340596 0.650352
vn -0.735022 0.240448 0.633978
vn -0.646884 0.456049 0.611196
vn -0.627742 0.514126 0.584478
vn -0.603866 0.579565 0.547220
vn -0.541164 0.664208 0.515722
vn -0.457909 0.715495 0.527623
vn -0.349852 0.752718 0.557691
vn -0.287031 0.764961 0.576582
vn -0.258530 0.767767 0.586256
vn -0.155721 0.784281 0.600546
vn 0.000000 0.793134 0.609048
vn 0.155721 0.784281 0.600545
vn 0.258530 0.767767 0.586255
vn 0.287031 0.764962 0.576582
vn 0.349852 0.752719 0.557690
vn 0.457909 0.715496 0.527623
vn 0.541163 0.664207 0.515724
vn 0.603867 0.579565 0.547219
vn 0.627743 0.514127 0.584477
vn 0.646884 0.456049 0.611195
vn 0.678996 0.340596 0.650352
vn 0.735022 0.240448 0.633977
vn 0.703040 0.253073 0.664596
vn -0.902473 0.101170 0.418697
vn -0.789270 0.214447 0.575383
vn 0.902473 0.101169 0.418697
vn 0.789270 0.214447 0.575384
vn -0.957031 0.036791 0.287642
vn -0.960379 -0.017340 0.278156
vn 0.957031 0.036790 0.287642
vn 0.960379 -0.017340 0.278156
vn 0.799987 0.040062 0.598678
vn 0.797589 -0.030170 0.602447
vn 0.810404 -0.098820 0.577478
vn 0.803905 0.111066 0.584295
vn 0.808557 0.177360 0.561052
vn 0.816158 0.224294 0.532522
vn 0.828418 0.242067 0.505102
vn 0.844994 0.224063 0.485572
vn 0.863125 0.163137 0.477914
vn 0.874786 0.074608 0.478731
vn 0.875026 -0.030555 0.483111
vn 0.860064 -0.154587 0.486203
vn 0.821589 -0.304302 0.482070
vn 0.767815 -0.431365 0.473692
vn 0.726336 -0.496066 0.475768
vn 0.685157 -0.551056 0.476337
vn 0.600183 -0.644796 0.473306
vn 0.486326 -0.723521 0.489903
vn 0.409259 -0.763426 0.499687
vn 0.331118 -0.799793 0.500692
vn 0.194401 -0.841501 0.504068
vn 0.064407 -0.863927 0.499481
vn -0.000000 -0.869329 0.494235
vn -0.064407 -0.863927 0.499482
vn -0.194401 -0.841501 0.504068
vn -0.331118 -0.799793 0.500692
vn -0.409259 -0.763427 0.499687
vn -0.486326 -0.723521 0.489903
vn -0.600183 -0.644796 0.473306
vn -0.685157 -0.551056 0.476338
vn -0.726336 -0.496066 0.475768
vn -0.767815 -0.431365 0.473692
vn -0.821589 -0.304302 0.482070
vn -0.860064 -0.154587 0.486203
vn -0.875026 -0.030555 0.483111
vn -0.874786 0.074608 0.478731
vn -0.863125 0.163137 0.477914
vn -0.844995 0.224063 0.485572
vn -0.828418 0.242067 0.505102
vn -0.816158 0.224294 0.532522
vn -0.808557 0.177360 0.561052
vn -0.803905 0.111066 0.584295
vn -0.799987 0.040062 0.598678
vn -0.797589 -0.030170 0.602447
vn -0.810404 -0.098820 0.577478
vn -0.959227 -0.047168 0.278673
vn -0.924161 -0.073260 0.374913
vn 0.959227 -0.047168 0.278673
vn 0.924161 -0.073260 0.374913
vn -0.854155 -0.129273 0.503695
vn 0.854155 -0.129273 0.503695
s 1
g BodyMesh
usemtl lambert2SG
f 1318/3161/1315 2185/3250/1316 2619/1391/1317 2188/3249/1318
f 2185/3250/1316 1317/3248/1319 2186/1394/1320 2619/1391/1317
f 2619/1391/1317 2186/1394/1320 1316/1395/1321 2187/1396/1322
f 2188/3249/1318 2619/1391/1317 2187/1396/1322 1315/3240/1323
f 1317/3248/1319 2189/3247/1324 2620/1399/1325 2186/1394/1320
f 2189/3247/1324 1320/3246/1326 2190/1401/1327 2620/1399/1325
f 2620/1399/1325 2190/1401/1327 1319/1402/1328 2191/1403/1329
f 2186/1394/1320 2620/1399/1325 2191/1403/1329 1316/1395/1321
f 1320/3246/1326 2192/3245/1330 2621/1405/1331 2190/1401/1327
f 2192/3245/1330 1322/3244/1332 2193/1407/1333 2621/1405/1331
f 2621/1405/1331 2193/1407/1333 1321/1408/1334 2194/1409/1335
f 2190/1401/1327 2621/1405/1331 2194/1409/1335 1319/1402/1328
f 1322/3244/1332 2195/3243/1336 2622/1411/1337 2193/1407/1333
f 2195/3243/1336 1324/3242/1338 2196/1413/1339 2622/1411/1337
f 2622/1411/1337 2196/1413/1339 1323/1414/1340 2197/1415/1341
f 2193/1407/1333 2622/1411/1337 2197/1415/1341 1321/1408/1334
f 1324/3242/1338 2198/3241/1342 2623/1417/1343 2196/1413/1339
f 2198/3241/1342 1326/3128/1344 2199/1419/1345 2623/1417/1343
f 2623/1417/1343 2199/1419/1345 1325/1420/1346 2200/1421/1347
f 2196/1413/1339 2623/1417/1343 2200/1421/1347 1323/1414/1340
usemtl lambert3SG
f 1315/3240/1323 2187/1396/1322 2624/1422/1348 2203/3239/1349
f 2187/1396/1322 1316/1395/1321 2201/1424/1350 2624/1422/1348
f 2624/1422/1348 2201/1424/1350 1328/1425/1351 2202/1426/1352
f 2203/3239/1349 2624/1422/1348 2202/1426/1352 1327/3238/1353
f 1316/1395/1321 2191/1403/1329 2625/1428/1354 2201/1424/1350
f 2191/1403/1329 1319/1402/1328 2204/1429/1355 2625/1428/1354
f 2625/1428/1354 2204/1429/1355 1329/1430/1356 2205/1431/1357
f 2201/1424/1350 2625/1428/1354 2205/1431/1357 1328/1425/1351
f 1319/1402/1328 2194/1409/1335 2626/1432/1358 2204/1429/1355
f 2194/1409/1335 1321/1408/1334 2206/1433/1359 2626/1432/1358
f 2626/1432/1358 2206/1433/1359 1330/1434/1360 2207/1435/1361
f 2204/1429/1355 2626/1432/1358 2207/1435/1361 1329/1430/1356
f 1321/1408/1334 2197/1415/1341 2627/1436/1362 2206/1433/1359
f 2197/1415/1341 1323/1414/1340 2208/1437/1363 2627/1436/1362
f 2627/1436/1362 2208/1437/1363 1331/1438/1364 2209/1439/1365
f 2206/1433/1359 2627/1436/1362 2209/1439/1365 1330/1434/1360
f 1323/1414/1340 2200/1421/1347 2628/1440/1366 2208/1437/1363
f 2200/1421/1347 1325/1420/1346 2210/1441/1367 2628/1440/1366
f 2628/1440/1366 2210/1441/1367 1332/1442/1368 2211/1443/1369
f 2208/1437/1363 2628/1440/1366 2211/1443/1369 1331/1438/1364
f 1327/3238/1353 2202/1426/1352 2629/1444/1370 2214/3237/1371
f 2202/1426/1352 1328/1425/1351 2212/1446/1372 2629/1444/1370
f 2629/1444/1370 2212/1446/1372 1334/1447/1373 2213/1448/1374
f 2214/3237/1371 2629/1444/1370 2213/1448/1374 1333/3236/1375
f 1328/1425/1351 2205/1431/1357 2630/1450/1376 2212/1446/1372
f 2205/1431/1357 1329/1430/1356 2215/1451/1377 2630/1450/1376
f 2630/1450/1376 2215/1451/1377 1335/1452/1378 2216/1453/1379
f 2212/1446/1372 2630/1450/1376 2216/1453/1379 1334/1447/1373
f 1329/1430/1356 2207/1435/1361 2631/1454/1380 2215/1451/1377
f 2207/1435/1361 1330/1434/1360 2217/1455/1381 2631/1454/1380
f 2631/1454/1380 2217/1455/1381 1336/1456/1382 2218/1457/1383
f 2215/1451/1377 2631/1454/1380 2218/1457/1383 1335/1452/1378
f 1330/1434/1360 2209/1439/1365 2632/1458/1384 2217/1455/1381
f 2209/1439/1365 1331/1438/1364 2219/1459/1385 2632/1458/1384
f 2632/1458/1384 2219/1459/1385 1337/1460/1386 2220/1461/1387
f 2217/1455/1381 2632/1458/1384 2220/1461/1387 1336/1456/1382
f 1331/1438/1364 2211/1443/1369 2633/1462/1388 2219/1459/1385
f 2211/1443/1369 1332/1442/1368 2221/1463/1389 2633/1462/1388
f 2633/1462/1388 2221/1463/1389 1338/1464/1390 2222/1465/1391
f 2219/1459/1385 2633/1462/1388 2222/1465/1391 1337/1460/1386
f 1333/3236/1375 2213/1448/1374 2634/1466/1392 2225/3235/1393
f 2213/1448/1374 1334/1447/1373 2223/1468/1394 2634/1466/1392
f 2634/1466/1392 2223/1468/1394 1340/1469/1395 2224/1470/1396
f 2225/3235/1393 2634/1466/1392 2224/1470/1396 1339/3234/1397
f 1334/1447/1373 2216/1453/1379 2635/1472/1398 2223/1468/1394
f 2216/1453/1379 1335/1452/1378 2226/1473/1399 2635/1472/1398
f 2635/1472/1398 2226/1473/1399 1341/1474/1400 2227/1475/1401
f 2223/1468/1394 2635/1472/1398 2227/1475/1401 1340/1469/1395
f 1335/1452/1378 2218/1457/1383 2636/1476/1402 2226/1473/1399
f 2218/1457/1383 1336/1456/1382 2228/1477/1403 2636/1476/1402
f 2636/1476/1402 2228/1477/1403 1342/1478/1404 2229/1479/1405
f 2226/1473/1399 2636/1476/1402 2229/1479/1405 1341/1474/1400
f 1336/1456/1382 2220/1461/1387 2637/1480/1406 2228/1477/1403
f 2220/1461/1387 1337/1460/1386 2230/1481/1407 2637/1480/1406
f 2637/1480/1406 2230/1481/1407 1343/1482/1408 2231/1483/1409
f 2228/1477/1403 2637/1480/1406 2231/1483/1409 1342/1478/1404
f 1337/1460/1386 2222/1465/1391 2638/1484/1410 2230/1481/1407
f 2222/1465/1391 1338/1464/1390 2232/1485/1411 2638/1484/1410
f 2638/1484/1410 2232/1485/1411 1344/1486/1412 2233/1487/1413
f 2230/1481/1407 2638/1484/1410 2233/1487/1413 1343/1482/1408
f 1339/3234/1397 2224/1470/1396 2639/1488/1414 2236/3233/1415
f 2224/1470/1396 1340/1469/1395 2234/1490/1416 2639/1488/1414
f 2639/1488/1414 2234/1490/1416 1346/1491/1417 2235/1492/1418
f 2236/3233/1415 2639/1488/1414 2235/1492/1418 1345/3232/1419
f 1340/1469/1395 2227/1475/1401 2640/1494/1420 2234/1490/1416
f 2227/1475/1401 1341/1474/1400 2237/1495/1421 2640/1494/1420
f 2640/1494/1420 2237/1495/1421 1347/1496/1422 2238/1497/1423
f 2234/1490/1416 2640/1494/1420 2238/1497/1423 1346/1491/1417
f 1341/1474/1400 2229/1479/1405 2641/1498/1424 2237/1495/1421
f 2229/1479/1405 1342/1478/1404 2239/1499/1425 2641/1498/1424
f 2641/1498/1424 2239/1499/1425 1348/1500/1426 2240/1501/1427
f 2237/1495/1421 2641/1498/1424 2240/1501/1427 1347/1496/1422
f 1342/1478/1404 2231/1483/1409 2642/1502/1428 2239/1499/1425
f 2231/1483/1409 1343/1482/1408 2241/1503/1429 2642/1502/1428
f 2642/1502/1428 2241/1503/1429 1349/1504/1430 2242/1505/1431
f 2239/1499/1425 2642/1502/1428 2242/1505/1431 1348/1500/1426
f 1343/1482/1408 2233/1487/1413 2643/1506/1432 2241/1503/1429
f 2233/1487/1413 1344/1486/1412 2243/1507/1433 2643/1506/1432
f 2643/1506/1432 2243/1507/1433 1350/1508/1434 2244/1509/1435
f 2241/1503/1429 2643/1506/1432 2244/1509/1435 1349/1504/1430
f 1345/3232/1419 2235/1492/1418 2644/1510/1436 2247/3231/1437
f 2235/1492/1418 1346/1491/1417 2245/1512/1438 2644/1510/1436
f 2644/1510/1436 2245/1512/1438 1352/1513/1439 2246/1514/1440
f 2247/3231/1437 2644/1510/1436 2246/1514/1440 1351/3230/1441
f 1346/1491/1417 2238/1497/1423 2645/1516/1442 2245/1512/1438
f 2238/1497/1423 1347/1496/1422 2248/1517/1443 2645/1516/1442
f 2645/1516/1442 2248/1517/1443 1353/1518/1444 2249/1519/1445
f 2245/1512/1438 2645/1516/1442 2249/1519/1445 1352/1513/1439
f 1347/1496/1422 2240/1501/1427 2646/1520/1446 2248/1517/1443
f 2240/1501/1427 1348/1500/1426 2250/1521/1447 2646/1520/1446
f 2646/1520/1446 2250/1521/1447 1354/1522/1448 2251/1523/1449
f 2248/1517/1443 2646/1520/1446 2251/1523/1449 1353/1518/1444
f 1348/1500/1426 2242/1505/1431 2647/1524/1450 2250/1521/1447
f 2242/1505/1431 1349/1504/1430 2252/1525/1451 2647/1524/1450
f 2647/1524/1450 2252/1525/1451 1355/1526/1452 2253/1527/1453
f 2250/1521/1447 2647/1524/1450 2253/1527/1453 1354/1522/1448
f 1349/1504/1430 2244/1509/1435 2648/1528/1454 2252/1525/1451
f 2244/1509/1435 1350/1508/1434 2254/1529/1455 2648/1528/1454
f 2648/1528/1454 2254/1529/1455 1356/1530/1456 2255/1531/1457
f 2252/1525/1451 2648/1528/1454 2255/1531/1457 1355/1526/1452
f 1351/3230/1441 2246/1514/1440 2649/1532/1458 2258/3229/1459
f 2246/1514/1440 1352/1513/1439 2256/1534/1460 2649/1532/1458
f 2649/1532/1458 2256/1534/1460 1358/1535/1461 2257/1536/1462
f 2258/3229/1459 2649/1532/1458 2257/1536/1462 1357/1537/1463
f 1352/1513/1439 2249/1519/1445 2650/1538/1464 2256/1534/1460
f 2249/1519/1445 1353/1518/1444 2259/1539/1465 2650/1538/1464
f 2650/1538/1464 2259/1539/1465 1359/1540/1466 2260/1541/1467
f 2256/1534/1460 2650/1538/1464 2260/1541/1467 1358/1535/1461
f 1354/1522/1448 2253/1527/1453 2651/1542/1468 2263/1543/1469
f 2253/1527/1453 1355/1526/1452 2261/1544/1470 2651/1542/1468
f 2651/1542/1468 2261/1544/1470 1361/1545/1471 2262/1546/1472
f 2263/1543/1469 2651/1542/1468 2262/1546/1472 1360/1547/1473
f 1355/1526/1452 2255/1531/1457 2652/1548/1474 2261/1544/1470
f 2255/1531/1457 1356/1530/1456 2264/1549/1475 2652/1548/1474
f 2652/1548/1474 2264/1549/1475 1362/1550/1476 2265/1551/1477
f 2261/1544/1470 2652/1548/1474 2265/1551/1477 1361/1545/1471
f 1366/3150/1478 2266/1553/1479 2653/1554/1480 2269/3228/1481
f 2266/1553/1479 1365/1556/1482 2267/1557/1483 2653/1554/1480
f 2653/1554/1480 2267/1557/1483 1364/1558/1484 2268/1559/1485
f 2269/3228/1481 2653/1554/1480 2268/1559/1485 1363/3226/1486
f 1365/1556/1482 2270/1561/1487 2654/1562/1488 2267/1557/1483
f 2270/1561/1487 1368/1563/1489 2271/1564/1490 2654/1562/1488
f 2654/1562/1488 2271/1564/1490 1367/1565/1491 2272/1566/1492
f 2267/1557/1483 2654/1562/1488 2272/1566/1492 1364/1558/1484
f 1368/1563/1489 2273/1567/1493 2655/1568/1494 2271/1564/1490
f 2273/1567/1493 1370/1569/1495 2274/1570/1496 2655/1568/1494
f 2655/1568/1494 2274/1570/1496 1369/1571/1497 2275/1572/1498
f 2271/1564/1490 2655/1568/1494 2275/1572/1498 1367/1565/1491
f 1370/1569/1495 2276/1573/1499 2656/1574/1500 2274/1570/1496
f 2276/1573/1499 1372/1575/1501 2277/1576/1502 2656/1574/1500
f 2656/1574/1500 2277/1576/1502 1371/1577/1503 2278/1578/1504
f 2274/1570/1496 2656/1574/1500 2278/1578/1504 1369/1571/1497
f 1372/1575/1501 2279/1579/1505 2657/1580/1506 2277/1576/1502
f 2279/1579/1505 1374/1581/1507 2280/1582/1508 2657/1580/1506
f 2657/1580/1506 2280/1582/1508 1373/1583/1509 2281/1584/1510
f 2277/1576/1502 2657/1580/1506 2281/1584/1510 1371/1577/1503
f 1363/3226/1486 2268/1559/1485 2658/1585/1511 2284/3225/1512
f 2268/1559/1485 1364/1558/1484 2282/1587/1513 2658/1585/1511
f 2658/1585/1511 2282/1587/1513 1376/3224/1514 2283/3227/1515
f 2284/3225/1512 2658/1585/1511 2283/3227/1515 1375/3215/1516
f 1364/1558/1484 2272/1566/1492 2659/1591/1517 2282/1587/1513
f 2272/1566/1492 1367/1565/1491 2285/1592/1518 2659/1591/1517
f 2659/1591/1517 2285/1592/1518 1377/3222/1519 2286/3223/1520
f 2282/1587/1513 2659/1591/1517 2286/3223/1520 1376/3224/1514
f 1367/1565/1491 2275/1572/1498 2660/1595/1521 2285/1592/1518
f 2275/1572/1498 1369/1571/1497 2287/1596/1522 2660/1595/1521
f 2660/1595/1521 2287/1596/1522 1378/3220/1523 2288/3221/1524
f 2285/1592/1518 2660/1595/1521 2288/3221/1524 1377/3222/1519
f 1369/1571/1497 2278/1578/1504 2661/1599/1525 2287/1596/1522
f 2278/1578/1504 1371/1577/1503 2289/1600/1526 2661/1599/1525
f 2661/1599/1525 2289/1600/1526 1379/3218/1527 2290/3219/1528
f 2287/1596/1522 2661/1599/1525 2290/3219/1528 1378/3220/1523
f 1371/1577/1503 2281/1584/1510 2662/1603/1529 2289/1600/1526
f 2281/1584/1510 1373/1583/1509 2291/1604/1530 2662/1603/1529
f 2662/1603/1529 2291/1604/1530 1380/1605/1531 2292/3217/1532
f 2289/1600/1526 2662/1603/1529 2292/3217/1532 1379/3218/1527
f 1375/1590/1516 2283/1589/1515 2663/1607/1533 2295/3214/1534
f 2283/1589/1515 1376/1588/1514 2293/1609/1535 2663/1607/1533
f 2663/1607/1533 2293/1609/1535 1382/1610/1536 2294/1611/1537
f 2295/3214/1534 2663/1607/1533 2294/1611/1537 1381/3213/1538
f 1376/1588/1514 2286/1594/1520 2664/1613/1539 2293/1609/1535
f 2286/1594/1520 1377/1593/1519 2296/1614/1540 2664/1613/1539
f 2664/1613/1539 2296/1614/1540 1383/1615/1541 2297/1616/1542
f 2293/1609/1535 2664/1613/1539 2297/1616/1542 1382/1610/1536
f 1377/1593/1519 2288/1598/1524 2665/1617/1543 2296/1614/1540
f 2288/1598/1524 1378/1597/1523 2298/1618/1544 2665/1617/1543
f 2665/1617/1543 2298/1618/1544 1384/1619/1545 2299/1620/1546
f 2296/1614/1540 2665/1617/1543 2299/1620/1546 1383/1615/1541
f 1378/1597/1523 2290/1602/1528 2666/1621/1547 2298/1618/1544
f 2290/1602/1528 1379/1601/1527 2300/1622/1548 2666/1621/1547
f 2666/1621/1547 2300/1622/1548 1385/1623/1549 2301/1624/1550
f 2298/1618/1544 2666/1621/1547 2301/1624/1550 1384/1619/1545
f 1379/1601/1527 2292/1606/1532 2667/1625/1551 2300/1622/1548
f 2292/1606/1532 1380/3134/1531 2302/1626/1552 2667/1625/1551
f 2667/1625/1551 2302/1626/1552 1386/1627/1553 2303/1628/1554
f 2300/1622/1548 2667/1625/1551 2303/1628/1554 1385/1623/1549
f 1381/3213/1538 2294/1611/1537 2668/1629/1555 2306/3212/1556
f 2294/1611/1537 1382/1610/1536 2304/1631/1557 2668/1629/1555
f 2668/1629/1555 2304/1631/1557 1388/1632/1558 2305/1633/1559
f 2306/3212/1556 2668/1629/1555 2305/1633/1559 1387/3211/1560
f 1382/1610/1536 2297/1616/1542 2669/1635/1561 2304/1631/1557
f 2297/1616/1542 1383/1615/1541 2307/1636/1562 2669/1635/1561
f 2669/1635/1561 2307/1636/1562 1389/1637/1563 2308/1638/1564
f 2304/1631/1557 2669/1635/1561 2308/1638/1564 1388/1632/1558
f 1383/1615/1541 2299/1620/1546 2670/1639/1565 2307/1636/1562
f 2299/1620/1546 1384/1619/1545 2309/1640/1566 2670/1639/1565
f 2670/1639/1565 2309/1640/1566 1390/1641/1567 2310/1642/1568
f 2307/1636/1562 2670/1639/1565 2310/1642/1568 1389/1637/1563
f 1384/1619/1545 2301/1624/1550 2671/1643/1569 2309/1640/1566
f 2301/1624/1550 1385/1623/1549 2311/1644/1570 2671/1643/1569
f 2671/1643/1569 2311/1644/1570 1391/1645/1571 2312/1646/1572
f 2309/1640/1566 2671/1643/1569 2312/1646/1572 1390/1641/1567
f 1385/1623/1549 2303/1628/1554 2672/1647/1573 2311/1644/1570
f 2303/1628/1554 1386/1627/1553 2313/1648/1574 2672/1647/1573
f 2672/1647/1573 2313/1648/1574 1392/1649/1575 2314/1650/1576
f 2311/1644/1570 2672/1647/1573 2314/1650/1576 1391/1645/1571
f 1387/3211/1560 2305/1633/1559 2673/1651/1577 2317/3210/1578
f 2305/1633/1559 1388/1632/1558 2315/1653/1579 2673/1651/1577
f 2673/1651/1577 2315/1653/1579 1394/1654/1580 2316/1655/1581
f 2317/3210/1578 2673/1651/1577 2316/1655/1581 1393/1656/1582
f 1388/1632/1558 2308/1638/1564 2674/1657/1583 2315/1653/1579
f 2308/1638/1564 1389/1637/1563 2318/1658/1584 2674/1657/1583
f 2674/1657/1583 2318/1658/1584 1395/1659/1585 2319/1660/1586
f 2315/1653/1579 2674/1657/1583 2319/1660/1586 1394/1654/1580
f 1389/1637/1563 2310/1642/1568 2675/1661/1587 2318/1658/1584
f 2310/1642/1568 1390/1641/1567 2320/1662/1588 2675/1661/1587
f 2675/1661/1587 2320/1662/1588 1396/1663/1589 2321/1664/1590
f 2318/1658/1584 2675/1661/1587 2321/1664/1590 1395/1659/1585
f 1390/1641/1567 2312/1646/1572 2676/1665/1591 2320/1662/1588
f 2312/1646/1572 1391/1645/1571 2322/1666/1592 2676/1665/1591
f 2676/1665/1591 2322/1666/1592 1397/1667/1593 2323/1668/1594
f 2320/1662/1588 2676/1665/1591 2323/1668/1594 1396/1663/1589
f 1391/1645/1571 2314/1650/1576 2677/1669/1595 2322/1666/1592
f 2314/1650/1576 1392/1649/1575 2324/1670/1596 2677/1669/1595
f 2677/1669/1595 2324/1670/1596 1398/1671/1597 2325/1672/1598
f 2322/1666/1592 2677/1669/1595 2325/1672/1598 1397/1667/1593
f 1402/3158/1599 2326/1674/1600 2678/1675/1601 2329/3209/1602
f 2326/1674/1600 1401/1677/1603 2327/1678/1604 2678/1675/1601
f 2678/1675/1601 2327/1678/1604 1400/1679/1605 2328/1680/1606
f 2329/3209/1602 2678/1675/1601 2328/1680/1606 1399/3207/1607
f 1401/1677/1603 2330/1682/1608 2679/1683/1609 2327/1678/1604
f 2330/1682/1608 1404/1684/1610 2331/1685/1611 2679/1683/1609
f 2679/1683/1609 2331/1685/1611 1403/1686/1612 2332/1687/1613
f 2327/1678/1604 2679/1683/1609 2332/1687/1613 1400/1679/1605
f 1404/1684/1610 2333/1688/1614 2680/1689/1615 2331/1685/1611
f 2333/1688/1614 1406/1690/1616 2334/1691/1617 2680/1689/1615
f 2680/1689/1615 2334/1691/1617 1405/1692/1618 2335/1693/1619
f 2331/1685/1611 2680/1689/1615 2335/1693/1619 1403/1686/1612
f 1406/1690/1616 2336/1694/1620 2681/1695/1621 2334/1691/1617
f 2336/1694/1620 1408/1696/1622 2337/1697/1623 2681/1695/1621
f 2681/1695/1621 2337/1697/1623 1407/1698/1624 2338/1699/1625
f 2334/1691/1617 2681/1695/1621 2338/1699/1625 1405/1692/1618
f 1408/1696/1622 2339/1700/1626 2682/1701/1627 2337/1697/1623
f 2339/1700/1626 1410/1702/1628 2340/1703/1629 2682/1701/1627
f 2682/1701/1627 2340/1703/1629 1409/1704/1630 2341/1705/1631
f 2337/1697/1623 2682/1701/1627 2341/1705/1631 1407/1698/1624
f 1399/3207/1607 2328/1680/1606 2683/1706/1632 2344/3206/1633
f 2328/1680/1606 1400/1679/1605 2342/1708/1634 2683/1706/1632
f 2683/1706/1632 2342/1708/1634 1412/3205/1635 2343/3208/1636
f 2344/3206/1633 2683/1706/1632 2343/3208/1636 1411/3196/1637
f 1400/1679/1605 2332/1687/1613 2684/1712/1638 2342/1708/1634
f 2332/1687/1613 1403/1686/1612 2345/1713/1639 2684/1712/1638
f 2684/1712/1638 2345/1713/1639 1413/3203/1640 2346/3204/1641
f 2342/1708/1634 2684/1712/1638 2346/3204/1641 1412/3205/1635
f 1403/1686/1612 2335/1693/1619 2685/1716/1642 2345/1713/1639
f 2335/1693/1619 1405/1692/1618 2347/1717/1643 2685/1716/1642
f 2685/1716/1642 2347/1717/1643 1414/3201/1644 2348/3202/1645
f 2345/1713/1639 2685/1716/1642 2348/3202/1645 1413/3203/1640
f 1405/1692/1618 2338/1699/1625 2686/1720/1646 2347/1717/1643
f 2338/1699/1625 1407/1698/1624 2349/1721/1647 2686/1720/1646
f 2686/1720/1646 2349/1721/1647 1415/3199/1648 2350/3200/1649
f 2347/1717/1643 2686/1720/1646 2350/3200/1649 1414/3201/1644
f 1407/1698/1624 2341/1705/1631 2687/1724/1650 2349/1721/1647
f 2341/1705/1631 1409/1704/1630 2351/1725/1651 2687/1724/1650
f 2687/1724/1650 2351/1725/1651 1416/1726/1652 2352/3198/1653
f 2349/1721/1647 2687/1724/1650 2352/3198/1653 1415/3199/1648
f 1411/1711/1637 2343/1710/1636 2688/1728/1654 2355/3195/1655
f 2343/1710/1636 1412/1709/1635 2353/1730/1656 2688/1728/1654
f 2688/1728/1654 2353/1730/1656 1418/1731/1657 2354/1732/1658
f 2355/3195/1655 2688/1728/1654 2354/1732/1658 1417/3194/1659
f 1412/1709/1635 2346/1715/1641 2689/1734/1660 2353/1730/1656
f 2346/1715/1641 1413/1714/1640 2356/1735/1661 2689/1734/1660
f 2689/1734/1660 2356/1735/1661 1419/1736/1662 2357/1737/1663
f 2353/1730/1656 2689/1734/1660 2357/1737/1663 1418/1731/1657
f 1413/1714/1640 2348/1719/1645 2690/1738/1664 2356/1735/1661
f 2348/1719/1645 1414/1718/1644 2358/1739/1665 2690/1738/1664
f 2690/1738/1664 2358/1739/1665 1420/1740/1666 2359/1741/1667
f 2356/1735/1661 2690/1738/1664 2359/1741/1667 1419/1736/1662
f 1414/1718/1644 2350/1723/1649 2691/1742/1668 2358/1739/1665
f 2350/1723/1649 1415/1722/1648 2360/1743/1669 2691/1742/1668
f 2691/1742/1668 2360/1743/1669 1421/1744/1670 2361/1745/1671
f 2358/1739/1665 2691/1742/1668 2361/1745/1671 1420/1740/1666
f 1415/1722/1648 2352/1727/1653 2692/1746/1672 2360/1743/1669
f 2352/1727/1653 1416/3132/1652 2362/1747/1673 2692/1746/1672
f 2692/1746/1672 2362/1747/1673 1422/1748/1674 2363/1749/1675
f 2360/1743/1669 2692/1746/1672 2363/1749/1675 1421/1744/1670
f 1417/3194/1659 2354/1732/1658 2693/1750/1676 2366/3193/1677
f 2354/1732/1658 1418/1731/1657 2364/1752/1678 2693/1750/1676
f 2693/1750/1676 2364/1752/1678 1424/1753/1679 2365/1754/1680
f 2366/3193/1677 2693/1750/1676 2365/1754/1680 1423/1755/1681
f 1418/1731/1657 2357/1737/1663 2694/1756/1682 2364/1752/1678
f 2357/1737/1663 1419/1736/1662 2367/1757/1683 2694/1756/1682
f 2694/1756/1682 2367/1757/1683 1425/1758/1684 2368/1759/1685
f 2364/1752/1678 2694/1756/1682 2368/1759/1685 1424/1753/1679
f 1419/1736/1662 2359/1741/1667 2695/1760/1686 2367/1757/1683
f 2359/1741/1667 1420/1740/1666 2369/1761/1687 2695/1760/1686
f 2695/1760/1686 2369/1761/1687 1426/1762/1688 2370/1763/1689
f 2367/1757/1683 2695/1760/1686 2370/1763/1689 1425/1758/1684
f 1420/1740/1666 2361/1745/1671 2696/1764/1690 2369/1761/1687
f 2361/1745/1671 1421/1744/1670 2371/1765/1691 2696/1764/1690
f 2696/1764/1690 2371/1765/1691 1427/1766/1692 2372/1767/1693
f 2369/1761/1687 2696/1764/1690 2372/1767/1693 1426/1762/1688
f 1421/1744/1670 2363/1749/1675 2697/1768/1694 2371/1765/1691
f 2363/1749/1675 1422/1748/1674 2373/1769/1695 2697/1768/1694
f 2697/1768/1694 2373/1769/1695 1428/1770/1696 2374/1771/1697
f 2371/1765/1691 2697/1768/1694 2374/1771/1697 1427/1766/1692
f 1432/3146/1698 2375/1773/1699 2698/1774/1700 2378/3192/1701
f 2375/1773/1699 1431/1776/1702 2376/1777/1703 2698/1774/1700
f 2698/1774/1700 2376/1777/1703 1430/1778/1704 2377/1779/1705
f 2378/3192/1701 2698/1774/1700 2377/1779/1705 1429/3191/1706
f 1431/1776/1702 2379/1781/1707 2699/1782/1708 2376/1777/1703
f 2379/1781/1707 1434/1783/1709 2380/1784/1710 2699/1782/1708
f 2699/1782/1708 2380/1784/1710 1433/1785/1711 2381/1786/1712
f 2376/1777/1703 2699/1782/1708 2381/1786/1712 1430/1778/1704
f 1438/1787/1713 2382/1788/1714 2700/1789/1715 2385/1790/1716
f 2382/1788/1714 1437/1791/1717 2383/1792/1718 2700/1789/1715
f 2700/1789/1715 2383/1792/1718 1436/1793/1719 2384/1794/1720
f 2385/1790/1716 2700/1789/1715 2384/1794/1720 1435/1795/1721
f 1437/1791/1717 2386/1796/1722 2701/1797/1723 2383/1792/1718
f 2386/1796/1722 1440/1798/1724 2387/1799/1725 2701/1797/1723
f 2701/1797/1723 2387/1799/1725 1439/1800/1726 2388/1801/1727
f 2383/1792/1718 2701/1797/1723 2388/1801/1727 1436/1793/1719
f 1429/3191/1706 2377/1779/1705 2702/1802/1728 2391/3190/1729
f 2377/1779/1705 1430/1778/1704 2389/1804/1730 2702/1802/1728
f 2702/1802/1728 2389/1804/1730 1442/1805/1731 2390/1806/1732
f 2391/3190/1729 2702/1802/1728 2390/1806/1732 1441/3189/1733
f 1430/1778/1704 2381/1786/1712 2703/1808/1734 2389/1804/1730
f 2381/1786/1712 1433/1785/1711 2392/1809/1735 2703/1808/1734
f 2703/1808/1734 2392/1809/1735 1443/1810/1736 2393/1811/1737
f 2389/1804/1730 2703/1808/1734 2393/1811/1737 1442/1805/1731
f 1433/1785/1711 2394/1812/1738 2704/1813/1739 2392/1809/1735
f 2394/1812/1738 1435/1795/1721 2395/1814/1740 2704/1813/1739
f 2704/1813/1739 2395/1814/1740 1444/1815/1741 2396/1816/1742
f 2392/1809/1735 2704/1813/1739 2396/1816/1742 1443/1810/1736
f 1435/1795/1721 2384/1794/1720 2705/1817/1743 2395/1814/1740
f 2384/1794/1720 1436/1793/1719 2397/1818/1744 2705/1817/1743
f 2705/1817/1743 2397/1818/1744 1445/1819/1745 2398/1820/1746
f 2395/1814/1740 2705/1817/1743 2398/1820/1746 1444/1815/1741
f 1436/1793/1719 2388/1801/1727 2706/1821/1747 2397/1818/1744
f 2388/1801/1727 1439/1800/1726 2399/1822/1748 2706/1821/1747
f 2706/1821/1747 2399/1822/1748 1446/1823/1749 2400/1824/1750
f 2397/1818/1744 2706/1821/1747 2400/1824/1750 1445/1819/1745
f 1441/3189/1733 2390/1806/1732 2707/1825/1751 2403/3188/1752
f 2390/1806/1732 1442/1805/1731 2401/1827/1753 2707/1825/1751
f 2707/1825/1751 2401/1827/1753 1448/1828/1754 2402/1829/1755
f 2403/3188/1752 2707/1825/1751 2402/1829/1755 1447/3187/1756
f 1442/1805/1731 2393/1811/1737 2708/1831/1757 2401/1827/1753
f 2393/1811/1737 1443/1810/1736 2404/1832/1758 2708/1831/1757
f 2708/1831/1757 2404/1832/1758 1449/1833/1759 2405/1834/1760
f 2401/1827/1753 2708/1831/1757 2405/1834/1760 1448/1828/1754
f 1443/1810/1736 2396/1816/1742 2709/1835/1761 2404/1832/1758
f 2396/1816/1742 1444/1815/1741 2406/1836/1762 2709/1835/1761
f 2709/1835/1761 2406/1836/1762 1450/1837/1763 2407/1838/1764
f 2404/1832/1758 2709/1835/1761 2407/1838/1764 1449/1833/1759
f 1444/1815/1741 2398/1820/1746 2710/1839/1765 2406/1836/1762
f 2398/1820/1746 1445/1819/1745 2408/1840/1766 2710/1839/1765
f 2710/1839/1765 2408/1840/1766 1451/1841/1767 2409/1842/1768
f 2406/1836/1762 2710/1839/1765 2409/1842/1768 1450/1837/1763
f 1445/1819/1745 2400/1824/1750 2711/1843/1769 2408/1840/1766
f 2400/1824/1750 1446/1823/1749 2410/1844/1770 2711/1843/1769
f 2711/1843/1769 2410/1844/1770 1452/1845/1771 2411/1846/1772
f 2408/1840/1766 2711/1843/1769 2411/1846/1772 1451/1841/1767
f 1447/3187/1756 2402/1829/1755 2712/1847/1773 2414/3186/1774
f 2402/1829/1755 1448/1828/1754 2412/1849/1775 2712/1847/1773
f 2712/1847/1773 2412/1849/1775 1454/1850/1776 2413/1851/1777
f 2414/3186/1774 2712/1847/1773 2413/1851/1777 1453/3185/1778
f 1448/1828/1754 2405/1834/1760 2713/1853/1779 2412/1849/1775
f 2405/1834/1760 1449/1833/1759 2415/1854/1780 2713/1853/1779
f 2713/1853/1779 2415/1854/1780 1455/1855/1781 2416/1856/1782
f 2412/1849/1775 2713/1853/1779 2416/1856/1782 1454/1850/1776
f 1449/1833/1759 2407/1838/1764 2714/1857/1783 2415/1854/1780
f 2407/1838/1764 1450/1837/1763 2417/1858/1784 2714/1857/1783
f 2714/1857/1783 2417/1858/1784 1456/1859/1785 2418/1860/1786
f 2415/1854/1780 2714/1857/1783 2418/1860/1786 1455/1855/1781
f 1450/1837/1763 2409/1842/1768 2715/1861/1787 2417/1858/1784
f 2409/1842/1768 1451/1841/1767 2419/1862/1788 2715/1861/1787
f 2715/1861/1787 2419/1862/1788 1457/1863/1789 2420/1864/1790
f 2417/1858/1784 2715/1861/1787 2420/1864/1790 1456/1859/1785
f 1451/1841/1767 2411/1846/1772 2716/1865/1791 2419/1862/1788
f 2411/1846/1772 1452/1845/1771 2421/1866/1792 2716/1865/1791
f 2716/1865/1791 2421/1866/1792 1458/1867/1793 2422/1868/1794
f 2419/1862/1788 2716/1865/1791 2422/1868/1794 1457/1863/1789
f 1453/3185/1778 2413/1851/1777 2717/1869/1795 2425/3184/1796
f 2413/1851/1777 1454/1850/1776 2423/1871/1797 2717/1869/1795
f 2717/1869/1795 2423/1871/1797 1460/1872/1798 2424/1873/1799
f 2425/3184/1796 2717/1869/1795 2424/1873/1799 1459/3183/1800
f 1454/1850/1776 2416/1856/1782 2718/1875/1801 2423/1871/1797
f 2416/1856/1782 1455/1855/1781 2426/1876/1802 2718/1875/1801
f 2718/1875/1801 2426/1876/1802 1461/1877/1803 2427/1878/1804
f 2423/1871/1797 2718/1875/1801 2427/1878/1804 1460/1872/1798
f 1455/1855/1781 2418/1860/1786 2719/1879/1805 2426/1876/1802
f 2418/1860/1786 1456/1859/1785 2428/1880/1806 2719/1879/1805
f 2719/1879/1805 2428/1880/1806 1462/1881/1807 2429/1882/1808
f 2426/1876/1802 2719/1879/1805 2429/1882/1808 1461/1877/1803
f 1456/1859/1785 2420/1864/1790 2720/1883/1809 2428/1880/1806
f 2420/1864/1790 1457/1863/1789 2430/1884/1810 2720/1883/1809
f 2720/1883/1809 2430/1884/1810 1463/1885/1811 2431/1886/1812
f 2428/1880/1806 2720/1883/1809 2431/1886/1812 1462/1881/1807
f 1457/1863/1789 2422/1868/1794 2721/1887/1813 2430/1884/1810
f 2422/1868/1794 1458/1867/1793 2432/1888/1814 2721/1887/1813
f 2721/1887/1813 2432/1888/1814 1464/1889/1815 2433/1890/1816
f 2430/1884/1810 2721/1887/1813 2433/1890/1816 1463/1885/1811
f 1459/3183/1800 2424/1873/1799 2722/1891/1817 2436/3182/1818
f 2424/1873/1799 1460/1872/1798 2434/1893/1819 2722/1891/1817
f 2722/1891/1817 2434/1893/1819 1466/1894/1820 2435/1895/1821
f 2436/3182/1818 2722/1891/1817 2435/1895/1821 1465/3180/1822
f 1460/1872/1798 2427/1878/1804 2723/1897/1823 2434/1893/1819
f 2427/1878/1804 1461/1877/1803 2437/1898/1824 2723/1897/1823
f 2723/1897/1823 2437/1898/1824 1467/1899/1825 2438/1900/1826
f 2434/1893/1819 2723/1897/1823 2438/1900/1826 1466/1894/1820
f 1461/1877/1803 2429/1882/1808 2724/1901/1827 2437/1898/1824
f 2429/1882/1808 1462/1881/1807 2439/1902/1828 2724/1901/1827
f 2724/1901/1827 2439/1902/1828 1468/1903/1829 2440/1904/1830
f 2437/1898/1824 2724/1901/1827 2440/1904/1830 1467/1899/1825
f 1462/1881/1807 2431/1886/1812 2725/1905/1831 2439/1902/1828
f 2431/1886/1812 1463/1885/1811 2441/1906/1832 2725/1905/1831
f 2725/1905/1831 2441/1906/1832 1469/1907/1833 2442/1908/1834
f 2439/1902/1828 2725/1905/1831 2442/1908/1834 1468/1903/1829
f 1463/1885/1811 2433/1890/1816 2726/1909/1835 2441/1906/1832
f 2433/1890/1816 1464/1889/1815 2443/1910/1836 2726/1909/1835
f 2726/1909/1835 2443/1910/1836 1470/1911/1837 2444/1912/1838
f 2441/1906/1832 2726/1909/1835 2444/1912/1838 1469/1907/1833
usemtl lambert2SG
f 1465/3180/1822 2435/1895/1821 2727/1913/1839 2447/3179/1840
f 2435/1895/1821 1466/1894/1820 2445/1915/1841 2727/1913/1839
f 2727/1913/1839 2445/1915/1841 1472/3178/1842 2446/3181/1843
f 2447/3179/1840 2727/1913/1839 2446/3181/1843 1471/3169/1844
f 1466/1894/1820 2438/1900/1826 2728/1919/1845 2445/1915/1841
f 2438/1900/1826 1467/1899/1825 2448/1920/1846 2728/1919/1845
f 2728/1919/1845 2448/1920/1846 1473/3176/1847 2449/3177/1848
f 2445/1915/1841 2728/1919/1845 2449/3177/1848 1472/3178/1842
f 1467/1899/1825 2440/1904/1830 2729/1923/1849 2448/1920/1846
f 2440/1904/1830 1468/1903/1829 2450/1924/1850 2729/1923/1849
f 2729/1923/1849 2450/1924/1850 1474/3174/1851 2451/3175/1852
f 2448/1920/1846 2729/1923/1849 2451/3175/1852 1473/3176/1847
f 1468/1903/1829 2442/1908/1834 2730/1927/1853 2450/1924/1850
f 2442/1908/1834 1469/1907/1833 2452/1928/1854 2730/1927/1853
f 2730/1927/1853 2452/1928/1854 1475/3172/1855 2453/3173/1856
f 2450/1924/1850 2730/1927/1853 2453/3173/1856 1474/3174/1851
f 1469/1907/1833 2444/1912/1838 2731/1931/1857 2452/1928/1854
f 2444/1912/1838 1470/1911/1837 2454/1932/1858 2731/1931/1857
f 2731/1931/1857 2454/1932/1858 1476/1933/1859 2455/3171/1860
f 2452/1928/1854 2731/1931/1857 2455/3171/1860 1475/3172/1855
f 1471/1918/1844 2446/1917/1843 2732/1935/1861 2458/3168/1862
f 2446/1917/1843 1472/1916/1842 2456/1937/1863 2732/1935/1861
f 2732/1935/1861 2456/1937/1863 1478/1938/1864 2457/1939/1865
f 2458/3168/1862 2732/1935/1861 2457/1939/1865 1477/3167/1866
f 1472/1916/1842 2449/1922/1848 2733/1941/1867 2456/1937/1863
f 2449/1922/1848 1473/1921/1847 2459/1942/1868 2733/1941/1867
f 2733/1941/1867 2459/1942/1868 1479/1943/1869 2460/1944/1870
f 2456/1937/1863 2733/1941/1867 2460/1944/1870 1478/1938/1864
f 1473/1921/1847 2451/1926/1852 2734/1945/1871 2459/1942/1868
f 2451/1926/1852 1474/1925/1851 2461/1946/1872 2734/1945/1871
f 2734/1945/1871 2461/1946/1872 1480/1947/1873 2462/1948/1874
f 2459/1942/1868 2734/1945/1871 2462/1948/1874 1479/1943/1869
f 1474/1925/1851 2453/1930/1856 2735/1949/1875 2461/1946/1872
f 2453/1930/1856 1475/1929/1855 2463/1950/1876 2735/1949/1875
f 2735/1949/1875 2463/1950/1876 1481/1951/1877 2464/1952/1878
f 2461/1946/1872 2735/1949/1875 2464/1952/1878 1480/1947/1873
f 1475/1929/1855 2455/1934/1860 2736/1953/1879 2463/1950/1876
f 2455/1934/1860 1476/3130/1859 2465/1954/1880 2736/1953/1879
f 2736/1953/1879 2465/1954/1880 1482/1955/1881 2466/1956/1882
f 2463/1950/1876 2736/1953/1879 2466/1956/1882 1481/1951/1877
f 1477/3167/1866 2457/1939/1865 2737/1957/1883 2469/3166/1884
f 2457/1939/1865 1478/1938/1864 2467/1959/1885 2737/1957/1883
f 2737/1957/1883 2467/1959/1885 1484/1960/1886 2468/1961/1887
f 2469/3166/1884 2737/1957/1883 2468/1961/1887 1483/3165/1888
f 1478/1938/1864 2460/1944/1870 2738/1963/1889 2467/1959/1885
f 2460/1944/1870 1479/1943/1869 2470/1964/1890 2738/1963/1889
f 2738/1963/1889 2470/1964/1890 1485/1965/1891 2471/1966/1892
f 2467/1959/1885 2738/1963/1889 2471/1966/1892 1484/1960/1886
f 1480/1947/1873 2464/1952/1878 2739/1967/1893 2474/1968/1894
f 2464/1952/1878 1481/1951/1877 2472/1969/1895 2739/1967/1893
f 2739/1967/1893 2472/1969/1895 1487/1970/1896 2473/1971/1897
f 2474/1968/1894 2739/1967/1893 2473/1971/1897 1486/1972/1898
f 1481/1951/1877 2466/1956/1882 2740/1973/1899 2472/1969/1895
f 2466/1956/1882 1482/1955/1881 2475/1974/1900 2740/1973/1899
f 2740/1973/1899 2475/1974/1900 1488/1975/1901 2476/1976/1902
f 2472/1969/1895 2740/1973/1899 2476/1976/1902 1487/1970/1896
f 1483/3165/1888 2468/1961/1887 2741/1977/1903 2479/3164/1904
f 2468/1961/1887 1484/1960/1886 2477/1979/1905 2741/1977/1903
f 2741/1977/1903 2477/1979/1905 1490/1980/1906 2478/1981/1907
f 2479/3164/1904 2741/1977/1903 2478/1981/1907 1489/1982/1908
f 1484/1960/1886 2471/1966/1892 2742/1983/1909 2477/1979/1905
f 2471/1966/1892 1485/1965/1891 2480/1984/1910 2742/1983/1909
f 2742/1983/1909 2480/1984/1910 1491/1985/1911 2481/1986/1912
f 2477/1979/1905 2742/1983/1909 2481/1986/1912 1490/1980/1906
f 1485/1965/1891 2482/1987/1913 2743/1988/1914 2480/1984/1910
f 2482/1987/1913 1486/1972/1898 2483/1989/1915 2743/1988/1914
f 2743/1988/1914 2483/1989/1915 1492/1990/1916 2484/1991/1917
f 2480/1984/1910 2743/1988/1914 2484/1991/1917 1491/1985/1911
f 1486/1972/1898 2473/1971/1897 2744/1992/1918 2483/1989/1915
f 2473/1971/1897 1487/1970/1896 2485/1993/1919 2744/1992/1918
f 2744/1992/1918 2485/1993/1919 1493/1994/1920 2486/1995/1921
f 2483/1989/1915 2744/1992/1918 2486/1995/1921 1492/1990/1916
f 1487/1970/1896 2476/1976/1902 2745/1996/1922 2485/1993/1919
f 2476/1976/1902 1488/1975/1901 2487/1997/1923 2745/1996/1922
f 2745/1996/1922 2487/1997/1923 1494/1998/1924 2488/1999/1925
f 2485/1993/1919 2745/1996/1922 2488/1999/1925 1493/1994/1920
f 1498/3155/1926 2489/2001/1927 2746/2002/1928 2492/3163/1929
f 2489/2001/1927 1497/2004/1930 2490/2005/1931 2746/2002/1928
f 2746/2002/1928 2490/2005/1931 1496/2006/1932 2491/2007/1933
f 2492/3163/1929 2746/2002/1928 2491/2007/1933 1495/3160/1934
f 1497/2004/1930 2493/2009/1935 2747/2010/1936 2490/2005/1931
f 2493/2009/1935 1500/2011/1937 2494/2012/1938 2747/2010/1936
f 2747/2010/1936 2494/2012/1938 1499/2013/1939 2495/2014/1940
f 2490/2005/1931 2747/2010/1936 2495/2014/1940 1496/2006/1932
f 1504/2015/1941 2496/2016/1942 2748/2017/1943 2499/2018/1944
f 2496/2016/1942 1503/2019/1945 2497/2020/1946 2748/2017/1943
f 2748/2017/1943 2497/2020/1946 1502/2021/1947 2498/2022/1948
f 2499/2018/1944 2748/2017/1943 2498/2022/1948 1501/2023/1949
f 1503/2019/1945 2500/2024/1950 2749/2025/1951 2497/2020/1946
f 2500/2024/1950 1506/2026/1952 2501/2027/1953 2749/2025/1951
f 2749/2025/1951 2501/2027/1953 1505/2028/1954 2502/2029/1955
f 2497/2020/1946 2749/2025/1951 2502/2029/1955 1502/2021/1947
f 1495/3160/1934 2491/2007/1933 2750/2030/1956 2504/3159/1957
f 2491/2007/1933 1496/2006/1932 2503/2032/1958 2750/2030/1956
f 2750/2030/1956 2503/2032/1958 1317/1393/1319 2185/1390/1316
f 2504/3159/1957 2750/2030/1956 2185/1390/1316 1318/3162/1315
f 1496/2006/1932 2495/2014/1940 2751/2033/1959 2503/2032/1958
f 2495/2014/1940 1499/2013/1939 2505/2034/1960 2751/2033/1959
f 2751/2033/1959 2505/2034/1960 1320/1400/1326 2189/1398/1324
f 2503/2032/1958 2751/2033/1959 2189/1398/1324 1317/1393/1319
f 1499/2013/1939 2506/2035/1961 2752/2036/1962 2505/2034/1960
f 2506/2035/1961 1501/2023/1949 2507/2037/1963 2752/2036/1962
f 2752/2036/1962 2507/2037/1963 1322/1406/1332 2192/1404/1330
f 2505/2034/1960 2752/2036/1962 2192/1404/1330 1320/1400/1326
f 1501/2023/1949 2498/2022/1948 2753/2038/1964 2507/2037/1963
f 2498/2022/1948 1502/2021/1947 2508/2039/1965 2753/2038/1964
f 2753/2038/1964 2508/2039/1965 1324/1412/1338 2195/1410/1336
f 2507/2037/1963 2753/2038/1964 2195/1410/1336 1322/1406/1332
f 1502/2021/1947 2502/2029/1955 2754/2040/1966 2508/2039/1965
f 2502/2029/1955 1505/2028/1954 2509/2041/1967 2754/2040/1966
f 2754/2040/1966 2509/2041/1967 1326/1418/1344 2198/1416/1342
f 2508/2039/1965 2754/2040/1966 2198/1416/1342 1324/1412/1338
f 1510/2042/1968 2510/2043/1969 2755/2044/1970 2513/2045/1971
f 2510/2043/1969 1509/2046/1972 2511/2047/1973 2755/2044/1970
f 2755/2044/1970 2511/2047/1973 1508/2048/1974 2512/2049/1975
f 2513/2045/1971 2755/2044/1970 2512/2049/1975 1507/2050/1976
f 1512/2051/1977 2514/2052/1978 2756/2053/1979 2516/2054/1980
f 2514/2052/1978 1510/2042/1968 2513/2045/1971 2756/2053/1979
f 2756/2053/1979 2513/2045/1971 1507/2050/1976 2515/2055/1981
f 2516/2054/1980 2756/2053/1979 2515/2055/1981 1511/2056/1982
f 1514/2057/1983 2517/2058/1984 2757/2059/1985 2519/2060/1986
f 2517/2058/1984 1513/2061/1987 2518/2062/1988 2757/2059/1985
f 2757/2059/1985 2518/2062/1988 1512/2051/1977 2516/2054/1980
f 2519/2060/1986 2757/2059/1985 2516/2054/1980 1511/2056/1982
f 1518/2063/1989 2520/2064/1990 2758/2065/1991 2523/2066/1992
f 2520/2064/1990 1517/2067/1993 2521/2068/1994 2758/2065/1991
f 2758/2065/1991 2521/2068/1994 1516/2069/1995 2522/2070/1996
f 2523/2066/1992 2758/2065/1991 2522/2070/1996 1515/2071/1997
f 1520/2072/1998 2524/2073/1999 2759/2074/2000 2526/2075/2001
f 2524/2073/1999 1518/2063/1989 2523/2066/1992 2759/2074/2000
f 2759/2074/2000 2523/2066/1992 1515/2071/1997 2525/2076/2002
f 2526/2075/2001 2759/2074/2000 2525/2076/2002 1519/2077/2003
usemtl lambert3SG
f 1507/2050/1976 2512/2049/1975 2760/2078/2004 2529/2079/2005
f 2512/2049/1975 1508/2048/1974 2527/2080/2006 2760/2078/2004
f 2760/2078/2004 2527/2080/2006 1522/2081/2007 2528/2082/2008
f 2529/2079/2005 2760/2078/2004 2528/2082/2008 1521/2083/2009
f 1511/2056/1982 2515/2055/1981 2761/2084/2010 2531/2085/2011
f 2515/2055/1981 1507/2050/1976 2529/2079/2005 2761/2084/2010
f 2761/2084/2010 2529/2079/2005 1521/2083/2009 2530/2086/2012
f 2531/2085/2011 2761/2084/2010 2530/2086/2012 1523/2087/2013
f 1524/2088/2014 2532/2089/2015 2762/2090/2016 2533/2091/2017
f 2532/2089/2015 1514/2057/1983 2519/2060/1986 2762/2090/2016
f 2762/2090/2016 2519/2060/1986 1511/2056/1982 2531/2085/2011
f 2533/2091/2017 2762/2090/2016 2531/2085/2011 1523/2087/2013
f 1515/2071/1997 2522/2070/1996 2763/2092/2018 2536/2093/2019
f 2522/2070/1996 1516/2069/1995 2534/2094/2020 2763/2092/2018
f 2763/2092/2018 2534/2094/2020 1526/2095/2021 2535/2096/2022
f 2536/2093/2019 2763/2092/2018 2535/2096/2022 1525/2097/2023
f 1519/2077/2003 2525/2076/2002 2764/2098/2024 2538/2099/2025
f 2525/2076/2002 1515/2071/1997 2536/2093/2019 2764/2098/2024
f 2764/2098/2024 2536/2093/2019 1525/2097/2023 2537/2100/2026
f 2538/2099/2025 2764/2098/2024 2537/2100/2026 1527/2101/2027
f 1521/2083/2009 2528/2082/2008 2765/2102/2028 2541/2103/2029
f 2528/2082/2008 1522/2081/2007 2539/2104/2030 2765/2102/2028
f 2765/2102/2028 2539/2104/2030 1529/2105/2031 2540/2106/2032
f 2541/2103/2029 2765/2102/2028 2540/2106/2032 1528/2107/2033
f 1523/2087/2013 2530/2086/2012 2766/2108/2034 2543/2109/2035
f 2530/2086/2012 1521/2083/2009 2541/2103/2029 2766/2108/2034
f 2766/2108/2034 2541/2103/2029 1528/2107/2033 2542/2110/2036
f 2543/2109/2035 2766/2108/2034 2542/2110/2036 1530/2111/2037
f 1531/2112/2038 2544/2113/2039 2767/2114/2040 2545/2115/2041
f 2544/2113/2039 1524/2088/2014 2533/2091/2017 2767/2114/2040
f 2767/2114/2040 2533/2091/2017 1523/2087/2013 2543/2109/2035
f 2545/2115/2041 2767/2114/2040 2543/2109/2035 1530/2111/2037
f 1525/2097/2023 2535/2096/2022 2768/2116/2042 2548/2117/2043
f 2535/2096/2022 1526/2095/2021 2546/2118/2044 2768/2116/2042
f 2768/2116/2042 2546/2118/2044 1533/2119/2045 2547/2120/2046
f 2548/2117/2043 2768/2116/2042 2547/2120/2046 1532/2121/2047
f 1527/2101/2027 2537/2100/2026 2769/2122/2048 2550/2123/2049
f 2537/2100/2026 1525/2097/2023 2548/2117/2043 2769/2122/2048
f 2769/2122/2048 2548/2117/2043 1532/2121/2047 2549/2124/2050
f 2550/2123/2049 2769/2122/2048 2549/2124/2050 1534/2125/2051
f 1528/2107/2033 2540/2106/2032 2770/2126/2052 2553/2127/2053
f 2540/2106/2032 1529/2105/2031 2551/2128/2054 2770/2126/2052
f 2770/2126/2052 2551/2128/2054 1536/2129/2055 2552/2130/2056
f 2553/2127/2053 2770/2126/2052 2552/2130/2056 1535/2131/2057
f 1530/2111/2037 2542/2110/2036 2771/2132/2058 2555/2133/2059
f 2542/2110/2036 1528/2107/2033 2553/2127/2053 2771/2132/2058
f 2771/2132/2058 2553/2127/2053 1535/2131/2057 2554/2134/2060
f 2555/2133/2059 2771/2132/2058 2554/2134/2060 1537/2135/2061
f 1538/2136/2062 2556/2137/2063 2772/2138/2064 2557/2139/2065
f 2556/2137/2063 1531/2112/2038 2545/2115/2041 2772/2138/2064
f 2772/2138/2064 2545/2115/2041 1530/2111/2037 2555/2133/2059
f 2557/2139/2065 2772/2138/2064 2555/2133/2059 1537/2135/2061
f 1532/2121/2047 2547/2120/2046 2773/2140/2066 2560/2141/2067
f 2547/2120/2046 1533/2119/2045 2558/2142/2068 2773/2140/2066
f 2773/2140/2066 2558/2142/2068 1540/2143/2069 2559/2144/2070
f 2560/2141/2067 2773/2140/2066 2559/2144/2070 1539/2145/2071
f 1534/2125/2051 2549/2124/2050 2774/2146/2072 2562/2147/2073
f 2549/2124/2050 1532/2121/2047 2560/2141/2067 2774/2146/2072
f 2774/2146/2072 2560/2141/2067 1539/2145/2071 2561/2148/2074
f 2562/2147/2073 2774/2146/2072 2561/2148/2074 1541/2149/2075
f 1535/2131/2057 2552/2130/2056 2775/2150/2076 2565/2151/2077
f 2552/2130/2056 1536/2129/2055 2563/2152/2078 2775/2150/2076
f 2775/2150/2076 2563/2152/2078 1543/2153/2079 2564/2154/2080
f 2565/2151/2077 2775/2150/2076 2564/2154/2080 1542/2155/2081
f 1537/2135/2061 2554/2134/2060 2776/2156/2082 2567/2157/2083
f 2554/2134/2060 1535/2131/2057 2565/2151/2077 2776/2156/2082
f 2776/2156/2082 2565/2151/2077 1542/2155/2081 2566/2158/2084
f 2567/2157/2083 2776/2156/2082 2566/2158/2084 1544/2159/2085
f 1545/2160/2086 2568/2161/2087 2777/2162/2088 2569/2163/2089
f 2568/2161/2087 1538/2136/2062 2557/2139/2065 2777/2162/2088
f 2777/2162/2088 2557/2139/2065 1537/2135/2061 2567/2157/2083
f 2569/2163/2089 2777/2162/2088 2567/2157/2083 1544/2159/2085
f 1539/2145/2071 2559/2144/2070 2778/2164/2090 2572/2165/2091
f 2559/2144/2070 1540/2143/2069 2570/2166/2092 2778/2164/2090
f 2778/2164/2090 2570/2166/2092 1547/2167/2093 2571/2168/2094
f 2572/2165/2091 2778/2164/2090 2571/2168/2094 1546/2169/2095
f 1541/2149/2075 2561/2148/2074 2779/2170/2096 2574/2171/2097
f 2561/2148/2074 1539/2145/2071 2572/2165/2091 2779/2170/2096
f 2779/2170/2096 2572/2165/2091 1546/2169/2095 2573/2172/2098
f 2574/2171/2097 2779/2170/2096 2573/2172/2098 1548/2173/2099
f 1542/2155/2081 2564/2154/2080 2780/2174/2100 2577/2175/2101
f 2564/2154/2080 1543/2153/2079 2575/2176/2102 2780/2174/2100
f 2780/2174/2100 2575/2176/2102 1550/2177/2103 2576/2178/2104
f 2577/2175/2101 2780/2174/2100 2576/2178/2104 1549/2179/2105
f 1544/2159/2085 2566/2158/2084 2781/2180/2106 2579/2181/2107
f 2566/2158/2084 1542/2155/2081 2577/2175/2101 2781/2180/2106
f 2781/2180/2106 2577/2175/2101 1549/2179/2105 2578/2182/2108
f 2579/2181/2107 2781/2180/2106 2578/2182/2108 1551/2183/2109
f 1552/2184/2110 2580/2185/2111 2782/2186/2112 2581/2187/2113
f 2580/2185/2111 1545/2160/2086 2569/2163/2089 2782/2186/2112
f 2782/2186/2112 2569/2163/2089 1544/2159/2085 2579/2181/2107
f 2581/2187/2113 2782/2186/2112 2579/2181/2107 1551/2183/2109
f 1546/2169/2095 2571/2168/2094 2783/2188/2114 2584/2189/2115
f 2571/2168/2094 1547/2167/2093 2582/2190/2116 2783/2188/2114
f 2783/2188/2114 2582/2190/2116 1554/2191/2117 2583/2192/2118
f 2584/2189/2115 2783/2188/2114 2583/2192/2118 1553/2193/2119
f 1548/2173/2099 2573/2172/2098 2784/2194/2120 2586/2195/2121
f 2573/2172/2098 1546/2169/2095 2584/2189/2115 2784/2194/2120
f 2784/2194/2120 2584/2189/2115 1553/2193/2119 2585/2196/2122
f 2586/2195/2121 2784/2194/2120 2585/2196/2122 1555/2197/2123
f 1549/2179/2105 2576/2178/2104 2785/2198/2124 2589/2199/2125
f 2576/2178/2104 1550/2177/2103 2587/2200/2126 2785/2198/2124
f 2785/2198/2124 2587/2200/2126 1557/2201/2127 2588/2202/2128
f 2589/2199/2125 2785/2198/2124 2588/2202/2128 1556/2203/2129
f 1551/2183/2109 2578/2182/2108 2786/2204/2130 2591/2205/2131
f 2578/2182/2108 1549/2179/2105 2589/2199/2125 2786/2204/2130
f 2786/2204/2130 2589/2199/2125 1556/2203/2129 2590/2206/2132
f 2591/2205/2131 2786/2204/2130 2590/2206/2132 1558/2207/2133
f 1559/2208/2134 2592/2209/2135 2787/2210/2136 2593/2211/2137
f 2592/2209/2135 1552/2184/2110 2581/2187/2113 2787/2210/2136
f 2787/2210/2136 2581/2187/2113 1551/2183/2109 2591/2205/2131
f 2593/2211/2137 2787/2210/2136 2591/2205/2131 1558/2207/2133
f 1553/2193/2119 2583/2192/2118 2788/2212/2138 2596/2213/2139
f 2583/2192/2118 1554/2191/2117 2594/2214/2140 2788/2212/2138
f 2788/2212/2138 2594/2214/2140 1561/2215/2141 2595/2216/2142
f 2596/2213/2139 2788/2212/2138 2595/2216/2142 1560/2217/2143
f 1555/2197/2123 2585/2196/2122 2789/2218/2144 2598/2219/2145
f 2585/2196/2122 1553/2193/2119 2596/2213/2139 2789/2218/2144
f 2789/2218/2144 2596/2213/2139 1560/2217/2143 2597/2220/2146
f 2598/2219/2145 2789/2218/2144 2597/2220/2146 1562/2221/2147
f 1566/2222/2148 2599/2223/2149 2790/2224/2150 2602/2225/2151
f 2599/2223/2149 1565/2226/2152 2600/2227/2153 2790/2224/2150
f 2790/2224/2150 2600/2227/2153 1564/2228/2154 2601/2229/2155
f 2602/2225/2151 2790/2224/2150 2601/2229/2155 1563/2230/2156
f 1568/2231/2157 2603/2232/2158 2791/2233/2159 2605/2234/2160
f 2603/2232/2158 1566/2222/2148 2602/2225/2151 2791/2233/2159
f 2791/2233/2159 2602/2225/2151 1563/2230/2156 2604/2235/2161
f 2605/2234/2160 2791/2233/2159 2604/2235/2161 1567/2236/2162
f 1572/2237/2163 2606/2238/2164 2792/2239/2165 2609/2240/2166
f 2606/2238/2164 1571/2241/2167 2607/2242/2168 2792/2239/2165
f 2792/2239/2165 2607/2242/2168 1570/2243/2169 2608/2244/2170
f 2609/2240/2166 2792/2239/2165 2608/2244/2170 1569/2245/2171
f 1574/2246/2172 2610/2247/2173 2793/2248/2174 2612/2249/2175
f 2610/2247/2173 1572/2237/2163 2609/2240/2166 2793/2248/2174
f 2793/2248/2174 2609/2240/2166 1569/2245/2171 2611/2250/2176
f 2612/2249/2175 2793/2248/2174 2611/2250/2176 1573/2251/2177
f 1576/2252/2178 2613/2253/2179 2794/2254/2180 2615/2255/2181
f 2613/2253/2179 1574/2246/2172 2612/2249/2175 2794/2254/2180
f 2794/2254/2180 2612/2249/2175 1573/2251/2177 2614/2256/2182
f 2615/2255/2181 2794/2254/2180 2614/2256/2182 1575/2257/2183
f 1563/2230/2156 2601/2229/2155 2795/2258/2184 2618/2259/2185
f 2601/2229/2155 1564/2228/2154 2616/2260/2186 2795/2258/2184
f 2795/2258/2184 2616/2260/2186 1578/2261/2187 2617/2262/2188
f 2618/2259/2185 2795/2258/2184 2617/2262/2188 1577/2263/2189
f 1567/2236/2162 2604/2235/2161 2796/2264/2190 1752/2265/2191
f 2604/2235/2161 1563/2230/2156 2618/2259/2185 2796/2264/2190
f 2796/2264/2190 2618/2259/2185 1577/2263/2189 1751/2266/2192
f 1752/2265/2191 2796/2264/2190 1751/2266/2192 1579/2267/2193
f 1569/2245/2171 2608/2244/2170 2797/2268/2194 1755/2269/2195
f 2608/2244/2170 1570/2243/2169 1753/2270/2196 2797/2268/2194
f 2797/2268/2194 1753/2270/2196 1581/2271/2197 1754/2272/2198
f 1755/2269/2195 2797/2268/2194 1754/2272/2198 1580/2273/2199
f 1573/2251/2177 2611/2250/2176 2798/2274/2200 1757/2275/2201
f 2611/2250/2176 1569/2245/2171 1755/2269/2195 2798/2274/2200
f 2798/2274/2200 1755/2269/2195 1580/2273/2199 1756/2276/2202
f 1757/2275/2201 2798/2274/2200 1756/2276/2202 1582/2277/2203
f 1575/2257/2183 2614/2256/2182 2799/2278/2204 1759/2279/2205
f 2614/2256/2182 1573/2251/2177 1757/2275/2201 2799/2278/2204
f 2799/2278/2204 1757/2275/2201 1582/2277/2203 1758/2280/2206
f 1759/2279/2205 2799/2278/2204 1758/2280/2206 1583/2281/2207
usemtl lambert2SG
f 1471/3170/1844 2458/1936/1862 2800/2282/2208 2447/1914/1840
f 2458/1936/1862 1477/1940/1866 1760/2283/2209 2800/2282/2208
f 2800/2282/2208 1760/2283/2209 1584/2284/2210 1761/2285/2211
f 2447/1914/1840 2800/2282/2208 1761/2285/2211 1465/1896/1822
f 1477/1940/1866 2469/1958/1884 2801/2286/2212 1760/2283/2209
f 2469/1958/1884 1483/1962/1888 1762/2287/2213 2801/2286/2212
f 2801/2286/2212 1762/2287/2213 1585/2288/2214 1763/2289/2215
f 1760/2283/2209 2801/2286/2212 1763/2289/2215 1584/2284/2210
f 1483/1962/1888 2479/1978/1904 2802/2290/2216 1762/2287/2213
f 2479/1978/1904 1489/3154/1908 1764/2291/2217 2802/2290/2216
f 2802/2290/2216 1764/2291/2217 1586/2292/2218 1765/2293/2219
f 1762/2287/2213 2802/2290/2216 1765/2293/2219 1585/2288/2214
f 1498/2000/1926 2492/2003/1929 2803/2294/2220 1768/2295/2221
f 2492/2003/1929 1495/2008/1934 1766/2296/2222 2803/2294/2220
f 2803/2294/2220 1766/2296/2222 1588/2297/2223 1767/2298/2224
f 1768/2295/2221 2803/2294/2220 1767/2298/2224 1587/2299/2225
f 1495/2008/1934 2504/2031/1957 2804/2300/2226 1766/2296/2222
f 2504/2031/1957 1318/1389/1315 2188/1392/1318 2804/2300/2226
f 2804/2300/2226 2188/1392/1318 1315/1397/1323 1769/2301/2227
f 1766/2296/2222 2804/2300/2226 1769/2301/2227 1588/2297/2223
usemtl lambert3SG
f 1465/1896/1822 1761/2285/2211 2805/2302/2228 2436/1892/1818
f 1761/2285/2211 1584/2284/2210 1770/2303/2229 2805/2302/2228
f 2805/2302/2228 1770/2303/2229 1589/2304/2230 1771/2305/2231
f 2436/1892/1818 2805/2302/2228 1771/2305/2231 1459/1874/1800
f 1584/2284/2210 1763/2289/2215 2806/2306/2232 1770/2303/2229
f 1763/2289/2215 1585/2288/2214 1772/2307/2233 2806/2306/2232
f 2806/2306/2232 1772/2307/2233 1590/2308/2234 1773/2309/2235
f 1770/2303/2229 2806/2306/2232 1773/2309/2235 1589/2304/2230
f 1585/2288/2214 1765/2293/2219 2807/2310/2236 1772/2307/2233
f 1765/2293/2219 1586/2292/2218 1774/2311/2237 2807/2310/2236
f 2807/2310/2236 1774/2311/2237 1591/2312/2238 1775/2313/2239
f 1772/2307/2233 2807/2310/2236 1775/2313/2239 1590/2308/2234
f 1587/2299/2225 1767/2298/2224 2808/2314/2240 1778/2315/2241
f 1767/2298/2224 1588/2297/2223 1776/2316/2242 2808/2314/2240
f 2808/2314/2240 1776/2316/2242 1593/2317/2243 1777/2318/2244
f 1778/2315/2241 2808/2314/2240 1777/2318/2244 1592/2319/2245
f 1588/2297/2223 1769/2301/2227 2809/2320/2246 1776/2316/2242
f 1769/2301/2227 1315/1397/1323 2203/1423/1349 2809/2320/2246
f 2809/2320/2246 2203/1423/1349 1327/1427/1353 1779/2321/2247
f 1776/2316/2242 2809/2320/2246 1779/2321/2247 1593/2317/2243
f 1459/1874/1800 1771/2305/2231 2810/2322/2248 2425/1870/1796
f 1771/2305/2231 1589/2304/2230 1780/2323/2249 2810/2322/2248
f 2810/2322/2248 1780/2323/2249 1594/2324/2250 1781/2325/2251
f 2425/1870/1796 2810/2322/2248 1781/2325/2251 1453/1852/1778
f 1589/2304/2230 1773/2309/2235 2811/2326/2252 1780/2323/2249
f 1773/2309/2235 1590/2308/2234 1782/2327/2253 2811/2326/2252
f 2811/2326/2252 1782/2327/2253 1595/2328/2254 1783/2329/2255
f 1780/2323/2249 2811/2326/2252 1783/2329/2255 1594/2324/2250
f 1590/2308/2234 1775/2313/2239 2812/2330/2256 1782/2327/2253
f 1775/2313/2239 1591/2312/2238 1784/2331/2257 2812/2330/2256
f 2812/2330/2256 1784/2331/2257 1596/2332/2258 1785/2333/2259
f 1782/2327/2253 2812/2330/2256 1785/2333/2259 1595/2328/2254
f 1592/2319/2245 1777/2318/2244 2813/2334/2260 1788/2335/2261
f 1777/2318/2244 1593/2317/2243 1786/2336/2262 2813/2334/2260
f 2813/2334/2260 1786/2336/2262 1598/2337/2263 1787/2338/2264
f 1788/2335/2261 2813/2334/2260 1787/2338/2264 1597/2339/2265
f 1593/2317/2243 1779/2321/2247 2814/2340/2266 1786/2336/2262
f 1779/2321/2247 1327/1427/1353 2214/1445/1371 2814/2340/2266
f 2814/2340/2266 2214/1445/1371 1333/1449/1375 1789/2341/2267
f 1786/2336/2262 2814/2340/2266 1789/2341/2267 1598/2337/2263
f 1453/1852/1778 1781/2325/2251 2815/2342/2268 2414/1848/1774
f 1781/2325/2251 1594/2324/2250 1790/2343/2269 2815/2342/2268
f 2815/2342/2268 1790/2343/2269 1599/2344/2270 1791/2345/2271
f 2414/1848/1774 2815/2342/2268 1791/2345/2271 1447/1830/1756
f 1594/2324/2250 1783/2329/2255 2816/2346/2272 1790/2343/2269
f 1783/2329/2255 1595/2328/2254 1792/2347/2273 2816/2346/2272
f 2816/2346/2272 1792/2347/2273 1600/2348/2274 1793/2349/2275
f 1790/2343/2269 2816/2346/2272 1793/2349/2275 1599/2344/2270
f 1595/2328/2254 1785/2333/2259 2817/2350/2276 1792/2347/2273
f 1785/2333/2259 1596/2332/2258 1794/2351/2277 2817/2350/2276
f 2817/2350/2276 1794/2351/2277 1601/2352/2278 1795/2353/2279
f 1792/2347/2273 2817/2350/2276 1795/2353/2279 1600/2348/2274
f 1597/2339/2265 1787/2338/2264 2818/2354/2280 1798/2355/2281
f 1787/2338/2264 1598/2337/2263 1796/2356/2282 2818/2354/2280
f 2818/2354/2280 1796/2356/2282 1603/2357/2283 1797/2358/2284
f 1798/2355/2281 2818/2354/2280 1797/2358/2284 1602/2359/2285
f 1598/2337/2263 1789/2341/2267 2819/2360/2286 1796/2356/2282
f 1789/2341/2267 1333/1449/1375 2225/1467/1393 2819/2360/2286
f 2819/2360/2286 2225/1467/1393 1339/1471/1397 1799/2361/2287
f 1796/2356/2282 2819/2360/2286 1799/2361/2287 1603/2357/2283
f 1447/1830/1756 1791/2345/2271 2820/2362/2288 2403/1826/1752
f 1791/2345/2271 1599/2344/2270 1800/2363/2289 2820/2362/2288
f 2820/2362/2288 1800/2363/2289 1604/2364/2290 1801/2365/2291
f 2403/1826/1752 2820/2362/2288 1801/2365/2291 1441/1807/1733
f 1599/2344/2270 1793/2349/2275 2821/2366/2292 1800/2363/2289
f 1793/2349/2275 1600/2348/2274 1802/2367/2293 2821/2366/2292
f 2821/2366/2292 1802/2367/2293 1605/2368/2294 1803/2369/2295
f 1800/2363/2289 2821/2366/2292 1803/2369/2295 1604/2364/2290
f 1600/2348/2274 1795/2353/2279 2822/2370/2296 1802/2367/2293
f 1795/2353/2279 1601/2352/2278 1804/2371/2297 2822/2370/2296
f 2822/2370/2296 1804/2371/2297 1606/2372/2298 1805/2373/2299
f 1802/2367/2293 2822/2370/2296 1805/2373/2299 1605/2368/2294
f 1602/2359/2285 1797/2358/2284 2823/2374/2300 1808/2375/2301
f 1797/2358/2284 1603/2357/2283 1806/2376/2302 2823/2374/2300
f 2823/2374/2300 1806/2376/2302 1608/2377/2303 1807/2378/2304
f 1808/2375/2301 2823/2374/2300 1807/2378/2304 1607/2379/2305
f 1603/2357/2283 1799/2361/2287 2824/2380/2306 1806/2376/2302
f 1799/2361/2287 1339/1471/1397 2236/1489/1415 2824/2380/2306
f 2824/2380/2306 2236/1489/1415 1345/1493/1419 1809/2381/2307
f 1806/2376/2302 2824/2380/2306 1809/2381/2307 1608/2377/2303
f 1441/1807/1733 1801/2365/2291 2825/2382/2308 2391/1803/1729
f 1801/2365/2291 1604/2364/2290 1810/2383/2309 2825/2382/2308
f 2825/2382/2308 1810/2383/2309 1609/2384/2310 1811/2385/2311
f 2391/1803/1729 2825/2382/2308 1811/2385/2311 1429/1780/1706
f 1604/2364/2290 1803/2369/2295 2826/2386/2312 1810/2383/2309
f 1803/2369/2295 1605/2368/2294 1812/2387/2313 2826/2386/2312
f 2826/2386/2312 1812/2387/2313 1610/2388/2314 1813/2389/2315
f 1810/2383/2309 2826/2386/2312 1813/2389/2315 1609/2384/2310
f 1605/2368/2294 1805/2373/2299 2827/2390/2316 1812/2387/2313
f 1805/2373/2299 1606/2372/2298 1814/2391/2317 2827/2390/2316
f 2827/2390/2316 1814/2391/2317 1611/2392/2318 1815/2393/2319
f 1812/2387/2313 2827/2390/2316 1815/2393/2319 1610/2388/2314
f 1607/2379/2305 1807/2378/2304 2828/2394/2320 1818/2395/2321
f 1807/2378/2304 1608/2377/2303 1816/2396/2322 2828/2394/2320
f 2828/2394/2320 1816/2396/2322 1613/2397/2323 1817/2398/2324
f 1818/2395/2321 2828/2394/2320 1817/2398/2324 1612/2399/2325
f 1608/2377/2303 1809/2381/2307 2829/2400/2326 1816/2396/2322
f 1809/2381/2307 1345/1493/1419 2247/1511/1437 2829/2400/2326
f 2829/2400/2326 2247/1511/1437 1351/1515/1441 1819/2401/2327
f 1816/2396/2322 2829/2400/2326 1819/2401/2327 1613/2397/2323
f 1429/1780/1706 1811/2385/2311 2830/2402/2328 2378/1775/1701
f 1811/2385/2311 1609/2384/2310 1820/2403/2329 2830/2402/2328
f 2830/2402/2328 1820/2403/2329 1614/2404/2330 1821/2405/2331
f 2378/1775/1701 2830/2402/2328 1821/2405/2331 1432/1772/1698
f 1609/2384/2310 1813/2389/2315 2831/2406/2332 1820/2403/2329
f 1813/2389/2315 1610/2388/2314 1822/2407/2333 2831/2406/2332
f 2831/2406/2332 1822/2407/2333 1615/2408/2334 1823/2409/2335
f 1820/2403/2329 2831/2406/2332 1823/2409/2335 1614/2404/2330
f 1610/2388/2314 1815/2393/2319 2832/2410/2336 1822/2407/2333
f 1815/2393/2319 1611/2392/2318 1824/2411/2337 2832/2410/2336
f 2832/2410/2336 1824/2411/2337 1616/2412/2338 1825/2413/2339
f 1822/2407/2333 2832/2410/2336 1825/2413/2339 1615/2408/2334
f 1612/2399/2325 1817/2398/2324 2833/2414/2340 1828/2415/2341
f 1817/2398/2324 1613/2397/2323 1826/2416/2342 2833/2414/2340
f 2833/2414/2340 1826/2416/2342 1618/2417/2343 1827/2418/2344
f 1828/2415/2341 2833/2414/2340 1827/2418/2344 1617/2419/2345
f 1613/2397/2323 1819/2401/2327 2834/2420/2346 1826/2416/2342
f 1819/2401/2327 1351/1515/1441 2258/1533/1459 2834/2420/2346
f 2834/2420/2346 2258/1533/1459 1357/3143/1463 1829/2421/2347
f 1826/2416/2342 2834/2420/2346 1829/2421/2347 1618/2417/2343
f 1423/3152/1681 1830/2422/2348 2835/2423/2349 2366/1751/1677
f 1830/2422/2348 1620/2424/2350 1831/2425/2351 2835/2423/2349
f 2835/2423/2349 1831/2425/2351 1619/2426/2352 1832/2427/2353
f 2366/1751/1677 2835/2423/2349 1832/2427/2353 1417/1733/1659
f 1620/2424/2350 1833/2428/2354 2836/2429/2355 1831/2425/2351
f 1833/2428/2354 1622/2430/2356 1834/2431/2357 2836/2429/2355
f 2836/2429/2355 1834/2431/2357 1621/2432/2358 1835/2433/2359
f 1831/2425/2351 2836/2429/2355 1835/2433/2359 1619/2426/2352
f 1626/2434/2360 1836/2435/2361 2837/2436/2362 1839/2437/2363
f 1836/2435/2361 1625/2438/2364 1837/2439/2365 2837/2436/2362
f 2837/2436/2362 1837/2439/2365 1624/2440/2366 1838/2441/2367
f 1839/2437/2363 2837/2436/2362 1838/2441/2367 1623/2442/2368
f 1624/2440/2366 1840/2443/2369 2838/2444/2370 1838/2441/2367
f 1840/2443/2369 1628/2445/2371 1841/2446/2372 2838/2444/2370
f 2838/2444/2370 1841/2446/2372 1627/2447/2373 1842/2448/2374
f 1838/2441/2367 2838/2444/2370 1842/2448/2374 1623/2442/2368
f 1628/2445/2371 1843/2449/2375 2839/2450/2376 1841/2446/2372
f 1843/2449/2375 1366/1552/1478 2269/1555/1481 2839/2450/2376
f 2839/2450/2376 2269/1555/1481 1363/1560/1486 1844/2451/2377
f 1841/2446/2372 2839/2450/2376 1844/2451/2377 1627/2447/2373
f 1417/1733/1659 1832/2427/2353 2840/2452/2378 2355/1729/1655
f 1832/2427/2353 1619/2426/2352 1845/2453/2379 2840/2452/2378
f 2840/2452/2378 1845/2453/2379 1399/1681/1607 2344/1707/1633
f 2355/1729/1655 2840/2452/2378 2344/1707/1633 1411/3197/1637
f 1619/2426/2352 1835/2433/2359 2841/2454/2380 1845/2453/2379
f 1835/2433/2359 1621/2432/2358 1846/2455/2381 2841/2454/2380
f 2841/2454/2380 1846/2455/2381 1402/1673/1599 2329/1676/1602
f 1845/2453/2379 2841/2454/2380 2329/1676/1602 1399/1681/1607
f 1393/3157/1582 1847/2456/2382 2842/2457/2383 2317/1652/1578
f 1847/2456/2382 1626/2434/2360 1839/2437/2363 2842/2457/2383
f 2842/2457/2383 1839/2437/2363 1623/2442/2368 1848/2458/2384
f 2317/1652/1578 2842/2457/2383 1848/2458/2384 1387/1634/1560
f 1623/2442/2368 1842/2448/2374 2843/2459/2385 1848/2458/2384
f 1842/2448/2374 1627/2447/2373 1849/2460/2386 2843/2459/2385
f 2843/2459/2385 1849/2460/2386 1381/1612/1538 2306/1630/1556
f 1848/2458/2384 2843/2459/2385 2306/1630/1556 1387/1634/1560
f 1627/2447/2373 1844/2451/2377 2844/2461/2387 1849/2460/2386
f 1844/2451/2377 1363/1560/1486 2284/1586/1512 2844/2461/2387
f 2844/2461/2387 2284/1586/1512 1375/3216/1516 2295/1608/1534
f 1849/2460/2386 2844/2461/2387 2295/1608/1534 1381/1612/1538
f 1354/1522/1448 2263/1543/1469 2845/2462/2388 2251/1523/1449
f 2263/1543/1469 1360/1547/1473 1850/2463/2389 2845/2462/2388
f 2845/2462/2388 1850/2463/2389 1359/1540/1466 2259/1539/1465
f 2251/1523/1449 2845/2462/2388 2259/1539/1465 1353/1518/1444
f 1438/1787/1713 2385/1790/1716 2846/2464/2390 1851/2465/2391
f 2385/1790/1716 1435/1795/1721 2394/1812/1738 2846/2464/2390
f 2846/2464/2390 2394/1812/1738 1433/1785/1711 2380/1784/1710
f 1851/2465/2391 2846/2464/2390 2380/1784/1710 1434/1783/1709
usemtl lambert2SG
f 1480/1947/1873 2474/1968/1894 2847/2466/2392 2462/1948/1874
f 2474/1968/1894 1486/1972/1898 2482/1987/1913 2847/2466/2392
f 2847/2466/2392 2482/1987/1913 1485/1965/1891 2470/1964/1890
f 2462/1948/1874 2847/2466/2392 2470/1964/1890 1479/1943/1869
f 1501/2023/1949 2506/2035/1961 2848/2467/2393 2499/2018/1944
f 2506/2035/1961 1499/2013/1939 2494/2012/1938 2848/2467/2393
f 2848/2467/2393 2494/2012/1938 1500/2011/1937 1852/2468/2394
f 2499/2018/1944 2848/2467/2393 1852/2468/2394 1504/2015/1941
usemtl lambert3SG
f 1632/2469/2395 1853/2470/2396 2849/2471/2397 1856/2472/2398
f 1853/2470/2396 1631/2473/2399 1854/2474/2400 2849/2471/2397
f 2849/2471/2397 1854/2474/2400 1630/2475/2401 1855/2476/2402
f 1856/2472/2398 2849/2471/2397 1855/2476/2402 1629/2477/2403
f 1636/2478/2404 1857/2479/2405 2850/2480/2406 1860/2481/2407
f 1857/2479/2405 1635/2482/2408 1858/2483/2409 2850/2480/2406
f 2850/2480/2406 1858/2483/2409 1634/2484/2410 1859/2485/2411
f 1860/2481/2407 2850/2480/2406 1859/2485/2411 1633/2486/2412
f 1632/2469/2395 1861/2487/2413 2851/2488/2414 1853/2470/2396
f 1861/2487/2413 1638/2489/2415 1862/2490/2416 2851/2488/2414
f 2851/2488/2414 1862/2490/2416 1637/2491/2417 1863/2492/2418
f 1853/2470/2396 2851/2488/2414 1863/2492/2418 1631/2473/2399
f 1640/2493/2419 1864/2494/2420 2852/2495/2421 1866/2496/2422
f 1864/2494/2420 1636/2478/2404 1860/2481/2407 2852/2495/2421
f 2852/2495/2421 1860/2481/2407 1633/2486/2412 1865/2497/2423
f 1866/2496/2422 2852/2495/2421 1865/2497/2423 1639/2498/2424
f 1638/2489/2415 1867/2499/2425 2853/2500/2426 1862/2490/2416
f 1867/2499/2425 1642/2501/2427 1868/2502/2428 2853/2500/2426
f 2853/2500/2426 1868/2502/2428 1641/2503/2429 1869/2504/2430
f 1862/2490/2416 2853/2500/2426 1869/2504/2430 1637/2491/2417
f 1644/2505/2431 1870/2506/2432 2854/2507/2433 1872/2508/2434
f 1870/2506/2432 1640/2493/2419 1866/2496/2422 2854/2507/2433
f 2854/2507/2433 1866/2496/2422 1639/2498/2424 1871/2509/2435
f 1872/2508/2434 2854/2507/2433 1871/2509/2435 1643/2510/2436
f 1648/2511/2437 1873/2512/2438 2855/2513/2439 1876/2514/2440
f 1873/2512/2438 1647/2515/2441 1874/2516/2442 2855/2513/2439
f 2855/2513/2439 1874/2516/2442 1646/2517/2443 1875/2518/2444
f 1876/2514/2440 2855/2513/2439 1875/2518/2444 1645/2519/2445
f 1652/2520/2446 1877/2521/2447 2856/2522/2448 1880/2523/2449
f 1877/2521/2447 1651/2524/2450 1878/2525/2451 2856/2522/2448
f 2856/2522/2448 1878/2525/2451 1650/2526/2452 1879/2527/2453
f 1880/2523/2449 2856/2522/2448 1879/2527/2453 1649/2528/2454
f 1645/2519/2445 1875/2518/2444 2857/2529/2455 1883/2530/2456
f 1875/2518/2444 1646/2517/2443 1881/2531/2457 2857/2529/2455
f 2857/2529/2455 1881/2531/2457 1654/2532/2458 1882/2533/2459
f 1883/2530/2456 2857/2529/2455 1882/2533/2459 1653/2534/2460
f 1656/2535/2461 1884/2536/2462 2858/2537/2463 1886/2538/2464
f 1884/2536/2462 1655/2539/2465 1885/2540/2466 2858/2537/2463
f 2858/2537/2463 1885/2540/2466 1651/2524/2450 1877/2521/2447
f 1886/2538/2464 2858/2537/2463 1877/2521/2447 1652/2520/2446
f 1646/2517/2443 1874/2516/2442 2859/2541/2467 1889/2542/2468
f 1874/2516/2442 1647/2515/2441 1887/2543/2469 2859/2541/2467
f 2859/2541/2467 1887/2543/2469 1658/2544/2470 1888/2545/2471
f 1889/2542/2468 2859/2541/2467 1888/2545/2471 1657/2546/2472
f 1654/2532/2458 1881/2531/2457 2860/2547/2473 1891/2548/2474
f 1881/2531/2457 1646/2517/2443 1889/2542/2468 2860/2547/2473
f 2860/2547/2473 1889/2542/2468 1657/2546/2472 1890/2549/2475
f 1891/2548/2474 2860/2547/2473 1890/2549/2475 1659/2550/2476
f 1651/2524/2450 1885/2540/2466 2861/2551/2477 1894/2552/2478
f 1885/2540/2466 1655/2539/2465 1892/2553/2479 2861/2551/2477
f 2861/2551/2477 1892/2553/2479 1661/2554/2480 1893/2555/2481
f 1894/2552/2478 2861/2551/2477 1893/2555/2481 1660/2556/2482
f 1650/2526/2452 1878/2525/2451 2862/2557/2483 1896/2558/2484
f 1878/2525/2451 1651/2524/2450 1894/2552/2478 2862/2557/2483
f 2862/2557/2483 1894/2552/2478 1660/2556/2482 1895/2559/2485
f 1896/2558/2484 2862/2557/2483 1895/2559/2485 1662/2560/2486
f 1659/2550/2476 1890/2549/2475 2863/2561/2487 1899/2562/2488
f 1890/2549/2475 1657/2546/2472 1897/2563/2489 2863/2561/2487
f 2863/2561/2487 1897/2563/2489 1664/2564/2490 1898/2565/2491
f 1899/2562/2488 2863/2561/2487 1898/2565/2491 1663/2566/2492
f 1666/2567/2493 1900/2568/2494 2864/2569/2495 1902/2570/2496
f 1900/2568/2494 1665/2571/2497 1901/2572/2498 2864/2569/2495
f 2864/2569/2495 1901/2572/2498 1632/2469/2395 1856/2472/2398
f 1902/2570/2496 2864/2569/2495 1856/2472/2398 1629/2477/2403
f 1654/2532/2458 1891/2548/2474 2865/2573/2499 1904/2574/2500
f 1891/2548/2474 1659/2550/2476 1899/2562/2488 2865/2573/2499
f 2865/2573/2499 1899/2562/2488 1663/2566/2492 1903/2575/2501
f 1904/2574/2500 2865/2573/2499 1903/2575/2501 1667/2576/2502
f 1665/2571/2497 1905/2577/2503 2866/2578/2504 1901/2572/2498
f 1905/2577/2503 1668/2579/2505 1906/2580/2506 2866/2578/2504
f 2866/2578/2504 1906/2580/2506 1638/2489/2415 1861/2487/2413
f 1901/2572/2498 2866/2578/2504 1861/2487/2413 1632/2469/2395
f 1642/2501/2427 1867/2499/2425 2867/2581/2507 1908/2582/2508
f 1867/2499/2425 1638/2489/2415 1906/2580/2506 2867/2581/2507
f 2867/2581/2507 1906/2580/2506 1668/2579/2505 1907/2583/2509
f 1908/2582/2508 2867/2581/2507 1907/2583/2509 1669/2584/2510
f 1667/2576/2502 1909/2585/2511 2868/2586/2512 1904/2574/2500
f 1909/2585/2511 1670/2587/2513 1910/2588/2514 2868/2586/2512
f 2868/2586/2512 1910/2588/2514 1653/2534/2460 1882/2533/2459
f 1904/2574/2500 2868/2586/2512 1882/2533/2459 1654/2532/2458
f 1645/2519/2445 1883/2530/2456 2869/2589/2515 1912/2590/2516
f 1883/2530/2456 1653/2534/2460 1910/2588/2514 2869/2589/2515
f 2869/2589/2515 1910/2588/2514 1670/2587/2513 1911/2591/2517
f 1912/2590/2516 2869/2589/2515 1911/2591/2517 1671/2592/2518
f 1669/2584/2510 1913/2593/2519 2870/2594/2520 1908/2582/2508
f 1913/2593/2519 1673/2595/2521 1914/2596/2522 2870/2594/2520
f 2870/2594/2520 1914/2596/2522 1672/2597/2523 1915/2598/2524
f 1908/2582/2508 2870/2594/2520 1915/2598/2524 1642/2501/2427
f 1673/2595/2521 1916/2599/2525 2871/2600/2526 1914/2596/2522
f 1916/2599/2525 1675/2601/2527 1917/2602/2528 2871/2600/2526
f 2871/2600/2526 1917/2602/2528 1674/2603/2529 1918/2604/2530
f 1914/2596/2522 2871/2600/2526 1918/2604/2530 1672/2597/2523
f 1648/2511/2437 1876/2514/2440 2872/2605/2531 1920/2606/2532
f 1876/2514/2440 1645/2519/2445 1912/2590/2516 2872/2605/2531
f 2872/2605/2531 1912/2590/2516 1671/2592/2518 1919/2607/2533
f 1920/2606/2532 2872/2605/2531 1919/2607/2533 1676/2608/2534
f 1677/2609/2535 1921/2610/2536 2873/2611/2537 1922/2612/2538
f 1921/2610/2536 1664/2564/2490 1897/2563/2489 2873/2611/2537
f 2873/2611/2537 1897/2563/2489 1657/2546/2472 1888/2545/2471
f 1922/2612/2538 2873/2611/2537 1888/2545/2471 1658/2544/2470
f 1679/2613/2539 1923/2614/2540 2874/2615/2541 1925/2616/2542
f 1923/2614/2540 1666/2567/2493 1902/2570/2496 2874/2615/2541
f 2874/2615/2541 1902/2570/2496 1629/2477/2403 1924/2617/2543
f 1925/2616/2542 2874/2615/2541 1924/2617/2543 1678/2618/2544
f 1629/2477/2403 1855/2476/2402 2875/2619/2545 1928/2620/2546
f 1855/2476/2402 1630/2475/2401 1926/2621/2547 2875/2619/2545
f 2875/2619/2545 1926/2621/2547 1681/2622/2548 1927/2623/2549
f 1928/2620/2546 2875/2619/2545 1927/2623/2549 1680/2624/2550
f 1681/2622/2548 1929/2625/2551 2876/2626/2552 1927/2623/2549
f 1929/2625/2551 1634/2484/2410 1858/2483/2409 2876/2626/2552
f 2876/2626/2552 1858/2483/2409 1635/2482/2408 1930/2627/2553
f 1927/2623/2549 2876/2626/2552 1930/2627/2553 1680/2624/2550
f 1683/2628/2554 1931/2629/2555 2877/2630/2556 1933/2631/2557
f 1931/2629/2555 1679/2613/2539 1925/2616/2542 2877/2630/2556
f 2877/2630/2556 1925/2616/2542 1678/2618/2544 1932/2632/2558
f 1933/2631/2557 2877/2630/2556 1932/2632/2558 1682/2633/2559
f 1658/2544/2470 1887/2543/2469 2878/2634/2560 1922/2612/2538
f 1887/2543/2469 1647/2515/2441 1934/2635/2561 2878/2634/2560
f 2878/2634/2560 1934/2635/2561 1684/2636/2562 1935/2637/2563
f 1922/2612/2538 2878/2634/2560 1935/2637/2563 1677/2609/2535
f 1647/2515/2441 1873/2512/2438 2879/2638/2564 1934/2635/2561
f 1873/2512/2438 1648/2511/2437 1920/2606/2532 2879/2638/2564
f 2879/2638/2564 1920/2606/2532 1676/2608/2534 1936/2639/2565
f 1934/2635/2561 2879/2638/2564 1936/2639/2565 1684/2636/2562
f 1675/2601/2527 1937/2640/2566 2880/2641/2567 1917/2602/2528
f 1937/2640/2566 1683/2628/2554 1933/2631/2557 2880/2641/2567
f 2880/2641/2567 1933/2631/2557 1682/2633/2559 1938/2642/2568
f 1917/2602/2528 2880/2641/2567 1938/2642/2568 1674/2603/2529
f 1635/2482/2408 1939/2643/2569 2881/2644/2570 1930/2627/2553
f 1939/2643/2569 1686/2645/2571 1940/2646/2572 2881/2644/2570
f 2881/2644/2570 1940/2646/2572 1685/2647/2573 1941/2648/2574
f 1930/2627/2553 2881/2644/2570 1941/2648/2574 1680/2624/2550
f 1678/2618/2544 1924/2617/2543 2882/2649/2575 1942/2650/2576
f 1924/2617/2543 1629/2477/2403 1928/2620/2546 2882/2649/2575
f 2882/2649/2575 1928/2620/2546 1680/2624/2550 1941/2648/2574
f 1942/2650/2576 2882/2649/2575 1941/2648/2574 1685/2647/2573
f 1637/2491/2417 1869/2504/2430 2883/2651/2577 1945/2652/2578
f 1869/2504/2430 1641/2503/2429 1943/2653/2579 2883/2651/2577
f 2883/2651/2577 1943/2653/2579 1688/2654/2580 1944/2655/2581
f 1945/2652/2578 2883/2651/2577 1944/2655/2581 1687/2656/2582
f 1631/2473/2399 1863/2492/2418 2884/2657/2583 1947/2658/2584
f 1863/2492/2418 1637/2491/2417 1945/2652/2578 2884/2657/2583
f 2884/2657/2583 1945/2652/2578 1687/2656/2582 1946/2659/2585
f 1947/2658/2584 2884/2657/2583 1946/2659/2585 1689/2660/2586
f 1630/2475/2401 1854/2474/2400 2885/2661/2587 1949/2662/2588
f 1854/2474/2400 1631/2473/2399 1947/2658/2584 2885/2661/2587
f 2885/2661/2587 1947/2658/2584 1689/2660/2586 1948/2663/2589
f 1949/2662/2588 2885/2661/2587 1948/2663/2589 1690/2664/2590
f 1681/2622/2548 1926/2621/2547 2886/2665/2591 1951/2666/2592
f 1926/2621/2547 1630/2475/2401 1949/2662/2588 2886/2665/2591
f 2886/2665/2591 1949/2662/2588 1690/2664/2590 1950/2667/2593
f 1951/2666/2592 2886/2665/2591 1950/2667/2593 1691/2668/2594
f 1692/2669/2595 1952/2670/2596 2887/2671/2597 1953/2672/2598
f 1952/2670/2596 1634/2484/2410 1929/2625/2551 2887/2671/2597
f 2887/2671/2597 1929/2625/2551 1681/2622/2548 1951/2666/2592
f 1953/2672/2598 2887/2671/2597 1951/2666/2592 1691/2668/2594
f 1633/2486/2412 1859/2485/2411 2888/2673/2599 1955/2674/2600
f 1859/2485/2411 1634/2484/2410 1952/2670/2596 2888/2673/2599
f 2888/2673/2599 1952/2670/2596 1692/2669/2595 1954/2675/2601
f 1955/2674/2600 2888/2673/2599 1954/2675/2601 1693/2676/2602
f 1639/2498/2424 1865/2497/2423 2889/2677/2603 1957/2678/2604
f 1865/2497/2423 1633/2486/2412 1955/2674/2600 2889/2677/2603
f 2889/2677/2603 1955/2674/2600 1693/2676/2602 1956/2679/2605
f 1957/2678/2604 2889/2677/2603 1956/2679/2605 1694/2680/2606
f 1643/2510/2436 1871/2509/2435 2890/2681/2607 1959/2682/2608
f 1871/2509/2435 1639/2498/2424 1957/2678/2604 2890/2681/2607
f 2890/2681/2607 1957/2678/2604 1694/2680/2606 1958/2683/2609
f 1959/2682/2608 2890/2681/2607 1958/2683/2609 1695/2684/2610
f 1663/2566/2492 1898/2565/2491 2891/2685/2611 1961/2686/2612
f 1898/2565/2491 1664/2564/2490 1960/2687/2613 2891/2685/2611
f 2891/2685/2611 1960/2687/2613 1635/2482/2408 1857/2479/2405
f 1961/2686/2612 2891/2685/2611 1857/2479/2405 1636/2478/2404
f 1667/2576/2502 1903/2575/2501 2892/2688/2614 1962/2689/2615
f 1903/2575/2501 1663/2566/2492 1961/2686/2612 2892/2688/2614
f 2892/2688/2614 1961/2686/2612 1636/2478/2404 1864/2494/2420
f 1962/2689/2615 2892/2688/2614 1864/2494/2420 1640/2493/2419
f 1640/2493/2419 1870/2506/2432 2893/2690/2616 1962/2689/2615
f 1870/2506/2432 1644/2505/2431 1963/2691/2617 2893/2690/2616
f 2893/2690/2616 1963/2691/2617 1670/2587/2513 1909/2585/2511
f 1962/2689/2615 2893/2690/2616 1909/2585/2511 1667/2576/2502
f 1671/2592/2518 1911/2591/2517 2894/2692/2618 1965/2693/2619
f 1911/2591/2517 1670/2587/2513 1963/2691/2617 2894/2692/2618
f 2894/2692/2618 1963/2691/2617 1644/2505/2431 1964/2694/2620
f 1965/2693/2619 2894/2692/2618 1964/2694/2620 1696/2695/2621
f 1676/2608/2534 1919/2607/2533 2895/2696/2622 1967/2697/2623
f 1919/2607/2533 1671/2592/2518 1965/2693/2619 2895/2696/2622
f 2895/2696/2622 1965/2693/2619 1696/2695/2621 1966/2698/2624
f 1967/2697/2623 2895/2696/2622 1966/2698/2624 1697/2699/2625
f 1684/2636/2562 1936/2639/2565 2896/2700/2626 1969/2701/2627
f 1936/2639/2565 1676/2608/2534 1967/2697/2623 2896/2700/2626
f 2896/2700/2626 1967/2697/2623 1697/2699/2625 1968/2702/2628
f 1969/2701/2627 2896/2700/2626 1968/2702/2628 1698/2703/2629
f 1677/2609/2535 1935/2637/2563 2897/2704/2630 1971/2705/2631
f 1935/2637/2563 1684/2636/2562 1969/2701/2627 2897/2704/2630
f 2897/2704/2630 1969/2701/2627 1698/2703/2629 1970/2706/2632
f 1971/2705/2631 2897/2704/2630 1970/2706/2632 1686/2645/2571
f 1635/2482/2408 1960/2687/2613 2898/2707/2633 1939/2643/2569
f 1960/2687/2613 1664/2564/2490 1921/2610/2536 2898/2707/2633
f 2898/2707/2633 1921/2610/2536 1677/2609/2535 1971/2705/2631
f 1939/2643/2569 2898/2707/2633 1971/2705/2631 1686/2645/2571
f 1652/2520/2446 1880/2523/2449 2899/2708/2634 1973/2709/2635
f 1880/2523/2449 1649/2528/2454 1972/2710/2636 2899/2708/2634
f 2899/2708/2634 1972/2710/2636 1665/2571/2497 1900/2568/2494
f 1973/2709/2635 2899/2708/2634 1900/2568/2494 1666/2567/2493
f 1649/2528/2454 1879/2527/2453 2900/2711/2637 1972/2710/2636
f 1879/2527/2453 1650/2526/2452 1974/2712/2638 2900/2711/2637
f 2900/2711/2637 1974/2712/2638 1668/2579/2505 1905/2577/2503
f 1972/2710/2636 2900/2711/2637 1905/2577/2503 1665/2571/2497
f 1669/2584/2510 1907/2583/2509 2901/2713/2639 1975/2714/2640
f 1907/2583/2509 1668/2579/2505 1974/2712/2638 2901/2713/2639
f 2901/2713/2639 1974/2712/2638 1650/2526/2452 1896/2558/2484
f 1975/2714/2640 2901/2713/2639 1896/2558/2484 1662/2560/2486
f 1662/2560/2486 1895/2559/2485 2902/2715/2641 1975/2714/2640
f 1895/2559/2485 1660/2556/2482 1976/2716/2642 2902/2715/2641
f 2902/2715/2641 1976/2716/2642 1673/2595/2521 1913/2593/2519
f 1975/2714/2640 2902/2715/2641 1913/2593/2519 1669/2584/2510
f 1660/2556/2482 1893/2555/2481 2903/2717/2643 1976/2716/2642
f 1893/2555/2481 1661/2554/2480 1977/2718/2644 2903/2717/2643
f 2903/2717/2643 1977/2718/2644 1675/2601/2527 1916/2599/2525
f 1976/2716/2642 2903/2717/2643 1916/2599/2525 1673/2595/2521
f 1661/2554/2480 1892/2553/2479 2904/2719/2645 1977/2718/2644
f 1892/2553/2479 1655/2539/2465 1978/2720/2646 2904/2719/2645
f 2904/2719/2645 1978/2720/2646 1683/2628/2554 1937/2640/2566
f 1977/2718/2644 2904/2719/2645 1937/2640/2566 1675/2601/2527
f 1655/2539/2465 1884/2536/2462 2905/2721/2647 1978/2720/2646
f 1884/2536/2462 1656/2535/2461 1979/2722/2648 2905/2721/2647
f 2905/2721/2647 1979/2722/2648 1679/2613/2539 1931/2629/2555
f 1978/2720/2646 2905/2721/2647 1931/2629/2555 1683/2628/2554
f 1652/2520/2446 1973/2709/2635 2906/2723/2649 1886/2538/2464
f 1973/2709/2635 1666/2567/2493 1923/2614/2540 2906/2723/2649
f 2906/2723/2649 1923/2614/2540 1679/2613/2539 1979/2722/2648
f 1886/2538/2464 2906/2723/2649 1979/2722/2648 1656/2535/2461
f 1687/2656/2582 1944/2655/2581 2907/2724/2650 1981/2725/2651
f 1944/2655/2581 1688/2654/2580 1980/2726/2652 2907/2724/2650
f 2907/2724/2650 1980/2726/2652 1565/2226/2152 2599/2223/2149
f 1981/2725/2651 2907/2724/2650 2599/2223/2149 1566/2222/2148
f 1695/2684/2610 1958/2683/2609 2908/2727/2653 1983/2728/2654
f 1958/2683/2609 1694/2680/2606 1982/2729/2655 2908/2727/2653
f 2908/2727/2653 1982/2729/2655 1574/2246/2172 2613/2253/2179
f 1983/2728/2654 2908/2727/2653 2613/2253/2179 1576/2252/2178
f 1694/2680/2606 1956/2679/2605 2909/2730/2656 1982/2729/2655
f 1956/2679/2605 1693/2676/2602 1984/2731/2657 2909/2730/2656
f 2909/2730/2656 1984/2731/2657 1572/2237/2163 2610/2247/2173
f 1982/2729/2655 2909/2730/2656 2610/2247/2173 1574/2246/2172
f 1689/2660/2586 1946/2659/2585 2910/2732/2658 1985/2733/2659
f 1946/2659/2585 1687/2656/2582 1981/2725/2651 2910/2732/2658
f 2910/2732/2658 1981/2725/2651 1566/2222/2148 2603/2232/2158
f 1985/2733/2659 2910/2732/2658 2603/2232/2158 1568/2231/2157
f 1571/2241/2167 2606/2238/2164 2911/2734/2660 1987/2735/2661
f 2606/2238/2164 1572/2237/2163 1984/2731/2657 2911/2734/2660
f 2911/2734/2660 1984/2731/2657 1693/2676/2602 1986/2736/2662
f 1987/2735/2661 2911/2734/2660 1986/2736/2662 1699/2737/2663
f 1568/2231/2157 1988/2738/2664 2912/2739/2665 1985/2733/2659
f 1988/2738/2664 1571/2241/2167 1987/2735/2661 2912/2739/2665
f 2912/2739/2665 1987/2735/2661 1699/2737/2663 1989/2740/2666
f 1985/2733/2659 2912/2739/2665 1989/2740/2666 1689/2660/2586
f 1693/2676/2602 1954/2675/2601 2913/2741/2667 1986/2736/2662
f 1954/2675/2601 1692/2669/2595 1953/2672/2598 2913/2741/2667
f 2913/2741/2667 1953/2672/2598 1691/2668/2594 1990/2742/2668
f 1986/2736/2662 2913/2741/2667 1990/2742/2668 1699/2737/2663
f 1690/2664/2590 1948/2663/2589 2914/2743/2669 1950/2667/2593
f 1948/2663/2589 1689/2660/2586 1989/2740/2666 2914/2743/2669
f 2914/2743/2669 1989/2740/2666 1699/2737/2663 1990/2742/2668
f 1950/2667/2593 2914/2743/2669 1990/2742/2668 1691/2668/2594
f 1698/2703/2629 1968/2702/2628 2915/2744/2670 1992/2745/2671
f 1968/2702/2628 1697/2699/2625 1991/2746/2672 2915/2744/2670
f 2915/2744/2670 1991/2746/2672 1562/2221/2147 2597/2220/2146
f 1992/2745/2671 2915/2744/2670 2597/2220/2146 1560/2217/2143
f 1674/2603/2529 1938/2642/2568 2916/2747/2673 1994/2748/2674
f 1938/2642/2568 1682/2633/2559 1993/2749/2675 2916/2747/2673
f 2916/2747/2673 1993/2749/2675 1556/2203/2129 2588/2202/2128
f 1994/2748/2674 2916/2747/2673 2588/2202/2128 1557/2201/2127
f 1560/2217/2143 2595/2216/2142 2917/2750/2676 1992/2745/2671
f 2595/2216/2142 1561/2215/2141 1995/2751/2677 2917/2750/2676
f 2917/2750/2676 1995/2751/2677 1686/2645/2571 1970/2706/2632
f 1992/2745/2671 2917/2750/2676 1970/2706/2632 1698/2703/2629
f 1558/2207/2133 2590/2206/2132 2918/2752/2678 1996/2753/2679
f 2590/2206/2132 1556/2203/2129 1993/2749/2675 2918/2752/2678
f 2918/2752/2678 1993/2749/2675 1682/2633/2559 1932/2632/2558
f 1996/2753/2679 2918/2752/2678 1932/2632/2558 1678/2618/2544
f 1559/2208/2134 1997/2754/2680 2919/2755/2681 1998/2756/2682
f 1997/2754/2680 1685/2647/2573 1940/2646/2572 2919/2755/2681
f 2919/2755/2681 1940/2646/2572 1686/2645/2571 1995/2751/2677
f 1998/2756/2682 2919/2755/2681 1995/2751/2677 1561/2215/2141
f 1685/2647/2573 1997/2754/2680 2920/2757/2683 1942/2650/2576
f 1997/2754/2680 1559/2208/2134 2593/2211/2137 2920/2757/2683
f 2920/2757/2683 2593/2211/2137 1558/2207/2133 1996/2753/2679
f 1942/2650/2576 2920/2757/2683 1996/2753/2679 1678/2618/2544
f 1641/2503/2429 1868/2502/2428 2921/2758/2684 2000/2759/2685
f 1868/2502/2428 1642/2501/2427 1915/2598/2524 2921/2758/2684
f 2921/2758/2684 1915/2598/2524 1672/2597/2523 1999/2760/2686
f 2000/2759/2685 2921/2758/2684 1999/2760/2686 1700/2761/2687
f 1644/2505/2431 1872/2508/2434 2922/2762/2688 1964/2694/2620
f 1872/2508/2434 1643/2510/2436 2001/2763/2689 2922/2762/2688
f 2922/2762/2688 2001/2763/2689 1701/2764/2690 2002/2765/2691
f 1964/2694/2620 2922/2762/2688 2002/2765/2691 1696/2695/2621
f 1570/2243/2169 2607/2242/2168 2923/2766/2692 2003/2767/2693
f 2607/2242/2168 1571/2241/2167 1988/2738/2664 2923/2766/2692
f 2923/2766/2692 1988/2738/2664 1568/2231/2157 2605/2234/2160
f 2003/2767/2693 2923/2766/2692 2605/2234/2160 1567/2236/2162
f 1581/2271/2197 1753/2270/2196 2924/2768/2694 2004/2769/2695
f 1753/2270/2196 1570/2243/2169 2003/2767/2693 2924/2768/2694
f 2924/2768/2694 2003/2767/2693 1567/2236/2162 1752/2265/2191
f 2004/2769/2695 2924/2768/2694 1752/2265/2191 1579/2267/2193
f 1397/1667/1593 2325/1672/1598 2925/2770/2696 2006/2771/2697
f 2325/1672/1598 1398/1671/1597 2005/2772/2698 2925/2770/2696
f 2925/2770/2696 2005/2772/2698 1410/1702/1628 2339/1700/1626
f 2006/2771/2697 2925/2770/2696 2339/1700/1626 1408/1696/1622
f 1396/1663/1589 2323/1668/1594 2926/2773/2699 2007/2774/2700
f 2323/1668/1594 1397/1667/1593 2006/2771/2697 2926/2773/2699
f 2926/2773/2699 2006/2771/2697 1408/1696/1622 2336/1694/1620
f 2007/2774/2700 2926/2773/2699 2336/1694/1620 1406/1690/1616
f 1395/1659/1585 2321/1664/1590 2927/2775/2701 2008/2776/2702
f 2321/1664/1590 1396/1663/1589 2007/2774/2700 2927/2775/2701
f 2927/2775/2701 2007/2774/2700 1406/1690/1616 2333/1688/1614
f 2008/2776/2702 2927/2775/2701 2333/1688/1614 1404/1684/1610
f 1394/1654/1580 2319/1660/1586 2928/2777/2703 2009/2778/2704
f 2319/1660/1586 1395/1659/1585 2008/2776/2702 2928/2777/2703
f 2928/2777/2703 2008/2776/2702 1404/1684/1610 2330/1682/1608
f 2009/2778/2704 2928/2777/2703 2330/1682/1608 1401/1677/1603
f 1393/1656/1582 2316/1655/1581 2929/2779/2705 2010/3156/2706
f 2316/1655/1581 1394/1654/1580 2009/2778/2704 2929/2779/2705
f 2929/2779/2705 2009/2778/2704 1401/1677/1603 2326/1674/1600
f 2010/3156/2706 2929/2779/2705 2326/1674/1600 1402/3158/1599
f 1621/2432/2358 2011/2781/2707 2930/2782/2708 1846/2455/2381
f 2011/2781/2707 1626/2434/2360 1847/2456/2382 2930/2782/2708
f 2930/2782/2708 1847/2456/2382 1393/3157/1582 2010/2780/2706
f 1846/2455/2381 2930/2782/2708 2010/2780/2706 1402/1673/1599
f 1622/2430/2356 2012/2783/2709 2931/2784/2710 1834/2431/2357
f 2012/2783/2709 1625/2438/2364 1836/2435/2361 2931/2784/2710
f 2931/2784/2710 1836/2435/2361 1626/2434/2360 2011/2781/2707
f 1834/2431/2357 2931/2784/2710 2011/2781/2707 1621/2432/2358
f 1554/2191/2117 2013/2785/2711 2932/2786/2712 2594/2214/2140
f 2013/2785/2711 1552/2184/2110 2592/2209/2135 2932/2786/2712
f 2932/2786/2712 2592/2209/2135 1559/2208/2134 1998/2756/2682
f 2594/2214/2140 2932/2786/2712 1998/2756/2682 1561/2215/2141
f 1547/2167/2093 2014/2787/2713 2933/2788/2714 2582/2190/2116
f 2014/2787/2713 1545/2160/2086 2580/2185/2111 2933/2788/2714
f 2933/2788/2714 2580/2185/2111 1552/2184/2110 2013/2785/2711
f 2582/2190/2116 2933/2788/2714 2013/2785/2711 1554/2191/2117
f 1540/2143/2069 2015/2789/2715 2934/2790/2716 2570/2166/2092
f 2015/2789/2715 1538/2136/2062 2568/2161/2087 2934/2790/2716
f 2934/2790/2716 2568/2161/2087 1545/2160/2086 2014/2787/2713
f 2570/2166/2092 2934/2790/2716 2014/2787/2713 1547/2167/2093
f 1533/2119/2045 2016/2791/2717 2935/2792/2718 2558/2142/2068
f 2016/2791/2717 1531/2112/2038 2556/2137/2063 2935/2792/2718
f 2935/2792/2718 2556/2137/2063 1538/2136/2062 2015/2789/2715
f 2558/2142/2068 2935/2792/2718 2015/2789/2715 1540/2143/2069
f 1526/2095/2021 2017/2793/2719 2936/2794/2720 2546/2118/2044
f 2017/2793/2719 1524/2088/2014 2544/2113/2039 2936/2794/2720
f 2936/2794/2720 2544/2113/2039 1531/2112/2038 2016/2791/2717
f 2546/2118/2044 2936/2794/2720 2016/2791/2717 1533/2119/2045
f 1516/2069/1995 2018/2795/2721 2937/2796/2722 2534/2094/2020
f 2018/2795/2721 1514/2057/1983 2532/2089/2015 2937/2796/2722
f 2937/2796/2722 2532/2089/2015 1524/2088/2014 2017/2793/2719
f 2534/2094/2020 2937/2796/2722 2017/2793/2719 1526/2095/2021
usemtl lambert2SG
f 1517/2067/1993 2019/2797/2723 2938/2798/2724 2521/2068/1994
f 2019/2797/2723 1513/2061/1987 2517/2058/1984 2938/2798/2724
f 2938/2798/2724 2517/2058/1984 1514/2057/1983 2018/2795/2721
f 2521/2068/1994 2938/2798/2724 2018/2795/2721 1516/2069/1995
f 1493/1994/1920 2488/1999/1925 2939/2799/2725 2021/2800/2726
f 2488/1999/1925 1494/1998/1924 2020/2801/2727 2939/2799/2725
f 2939/2799/2725 2020/2801/2727 1506/2026/1952 2500/2024/1950
f 2021/2800/2726 2939/2799/2725 2500/2024/1950 1503/2019/1945
f 1492/1990/1916 2486/1995/1921 2940/2802/2728 2022/2803/2729
f 2486/1995/1921 1493/1994/1920 2021/2800/2726 2940/2802/2728
f 2940/2802/2728 2021/2800/2726 1503/2019/1945 2496/2016/1942
f 2022/2803/2729 2940/2802/2728 2496/2016/1942 1504/2015/1941
f 1491/1985/1911 2484/1991/1917 2941/2804/2730 2023/2805/2731
f 2484/1991/1917 1492/1990/1916 2022/2803/2729 2941/2804/2730
f 2941/2804/2730 2022/2803/2729 1504/2015/1941 1852/2468/2394
f 2023/2805/2731 2941/2804/2730 1852/2468/2394 1500/2011/1937
f 1490/1980/1906 2481/1986/1912 2942/2806/2732 2024/2807/2733
f 2481/1986/1912 1491/1985/1911 2023/2805/2731 2942/2806/2732
f 2942/2806/2732 2023/2805/2731 1500/2011/1937 2493/2009/1935
f 2024/2807/2733 2942/2806/2732 2493/2009/1935 1497/2004/1930
f 1489/1982/1908 2478/1981/1907 2943/2808/2734 2025/3153/2735
f 2478/1981/1907 1490/1980/1906 2024/2807/2733 2943/2808/2734
f 2943/2808/2734 2024/2807/2733 1497/2004/1930 2489/2001/1927
f 2025/3153/2735 2943/2808/2734 2489/2001/1927 1498/3155/1926
f 1586/2292/2218 1764/2291/2217 2944/2810/2736 2026/2811/2737
f 1764/2291/2217 1489/3154/1908 2025/2809/2735 2944/2810/2736
f 2944/2810/2736 2025/2809/2735 1498/2000/1926 1768/2295/2221
f 2026/2811/2737 2944/2810/2736 1768/2295/2221 1587/2299/2225
usemtl lambert3SG
f 1591/2312/2238 1774/2311/2237 2945/2812/2738 2027/2813/2739
f 1774/2311/2237 1586/2292/2218 2026/2811/2737 2945/2812/2738
f 2945/2812/2738 2026/2811/2737 1587/2299/2225 1778/2315/2241
f 2027/2813/2739 2945/2812/2738 1778/2315/2241 1592/2319/2245
f 1596/2332/2258 1784/2331/2257 2946/2814/2740 2028/2815/2741
f 1784/2331/2257 1591/2312/2238 2027/2813/2739 2946/2814/2740
f 2946/2814/2740 2027/2813/2739 1592/2319/2245 1788/2335/2261
f 2028/2815/2741 2946/2814/2740 1788/2335/2261 1597/2339/2265
f 1601/2352/2278 1794/2351/2277 2947/2816/2742 2029/2817/2743
f 1794/2351/2277 1596/2332/2258 2028/2815/2741 2947/2816/2742
f 2947/2816/2742 2028/2815/2741 1597/2339/2265 1798/2355/2281
f 2029/2817/2743 2947/2816/2742 1798/2355/2281 1602/2359/2285
f 1606/2372/2298 1804/2371/2297 2948/2818/2744 2030/2819/2745
f 1804/2371/2297 1601/2352/2278 2029/2817/2743 2948/2818/2744
f 2948/2818/2744 2029/2817/2743 1602/2359/2285 1808/2375/2301
f 2030/2819/2745 2948/2818/2744 1808/2375/2301 1607/2379/2305
f 1611/2392/2318 1814/2391/2317 2949/2820/2746 2031/2821/2747
f 1814/2391/2317 1606/2372/2298 2030/2819/2745 2949/2820/2746
f 2949/2820/2746 2030/2819/2745 1607/2379/2305 1818/2395/2321
f 2031/2821/2747 2949/2820/2746 1818/2395/2321 1612/2399/2325
f 1616/2412/2338 1824/2411/2337 2950/2822/2748 2032/2823/2749
f 1824/2411/2337 1611/2392/2318 2031/2821/2747 2950/2822/2748
f 2950/2822/2748 2031/2821/2747 1612/2399/2325 1828/2415/2341
f 2032/2823/2749 2950/2822/2748 1828/2415/2341 1617/2419/2345
f 1625/2438/2364 2012/2783/2709 2951/2824/2750 2035/2825/2751
f 2012/2783/2709 1622/2430/2356 2033/2826/2752 2951/2824/2750
f 2951/2824/2750 2033/2826/2752 1703/2827/2753 2034/2828/2754
f 2035/2825/2751 2951/2824/2750 2034/2828/2754 1702/2829/2755
f 1624/2440/2366 1837/2439/2365 2952/2830/2756 2037/2831/2757
f 1837/2439/2365 1625/2438/2364 2035/2825/2751 2952/2830/2756
f 2952/2830/2756 2035/2825/2751 1702/2829/2755 2036/2832/2758
f 2037/2831/2757 2952/2830/2756 2036/2832/2758 1704/2833/2759
f 1622/2430/2356 1833/2428/2354 2953/2834/2760 2033/2826/2752
f 1833/2428/2354 1620/2424/2350 2038/2835/2761 2953/2834/2760
f 2953/2834/2760 2038/2835/2761 1705/2836/2762 2039/2837/2763
f 2033/2826/2752 2953/2834/2760 2039/2837/2763 1703/2827/2753
f 1628/2445/2371 1840/2443/2369 2954/2838/2764 2041/2839/2765
f 1840/2443/2369 1624/2440/2366 2037/2831/2757 2954/2838/2764
f 2954/2838/2764 2037/2831/2757 1704/2833/2759 2040/2840/2766
f 2041/2839/2765 2954/2838/2764 2040/2840/2766 1706/2841/2767
f 1620/2424/2350 1830/2422/2348 2955/2842/2768 2038/2835/2761
f 1830/2422/2348 1423/3152/1681 2042/3151/2769 2955/2842/2768
f 2955/2842/2768 2042/3151/2769 1707/3137/2770 2043/2845/2771
f 2038/2835/2761 2955/2842/2768 2043/2845/2771 1705/2836/2762
f 1366/1552/1478 1843/2449/2375 2956/2846/2772 2045/3149/2773
f 1843/2449/2375 1628/2445/2371 2041/2839/2765 2956/2846/2772
f 2956/2846/2772 2041/2839/2765 1706/2841/2767 2044/2848/2774
f 2045/3149/2773 2956/2846/2772 2044/2848/2774 1708/2849/2775
f 1365/1556/1482 2266/1553/1479 2957/2850/2776 2047/2851/2777
f 2266/1553/1479 1366/3150/1478 2045/2847/2773 2957/2850/2776
f 2957/2850/2776 2045/2847/2773 1708/3140/2775 2046/2852/2778
f 2047/2851/2777 2957/2850/2776 2046/2852/2778 1709/2853/2779
f 1423/1755/1681 2365/1754/1680 2958/2854/2780 2042/2843/2769
f 2365/1754/1680 1424/1753/1679 2048/2855/2781 2958/2854/2780
f 2958/2854/2780 2048/2855/2781 1710/2856/2782 2049/2857/2783
f 2042/2843/2769 2958/2854/2780 2049/2857/2783 1707/2844/2770
f 1368/1563/1489 2270/1561/1487 2959/2858/2784 2051/2859/2785
f 2270/1561/1487 1365/1556/1482 2047/2851/2777 2959/2858/2784
f 2959/2858/2784 2047/2851/2777 1709/2853/2779 2050/2860/2786
f 2051/2859/2785 2959/2858/2784 2050/2860/2786 1711/2861/2787
f 1424/1753/1679 2368/1759/1685 2960/2862/2788 2048/2855/2781
f 2368/1759/1685 1425/1758/1684 2052/2863/2789 2960/2862/2788
f 2960/2862/2788 2052/2863/2789 1712/2864/2790 2053/2865/2791
f 2048/2855/2781 2960/2862/2788 2053/2865/2791 1710/2856/2782
f 1370/1569/1495 2273/1567/1493 2961/2866/2792 2055/2867/2793
f 2273/1567/1493 1368/1563/1489 2051/2859/2785 2961/2866/2792
f 2961/2866/2792 2051/2859/2785 1711/2861/2787 2054/2868/2794
f 2055/2867/2793 2961/2866/2792 2054/2868/2794 1713/2869/2795
f 1425/1758/1684 2370/1763/1689 2962/2870/2796 2052/2863/2789
f 2370/1763/1689 1426/1762/1688 2056/2871/2797 2962/2870/2796
f 2962/2870/2796 2056/2871/2797 1714/2872/2798 2057/2873/2799
f 2052/2863/2789 2962/2870/2796 2057/2873/2799 1712/2864/2790
f 1372/1575/1501 2276/1573/1499 2963/2874/2800 2059/2875/2801
f 2276/1573/1499 1370/1569/1495 2055/2867/2793 2963/2874/2800
f 2963/2874/2800 2055/2867/2793 1713/2869/2795 2058/2876/2802
f 2059/2875/2801 2963/2874/2800 2058/2876/2802 1715/2877/2803
f 1426/1762/1688 2372/1767/1693 2964/2878/2804 2056/2871/2797
f 2372/1767/1693 1427/1766/1692 2060/2879/2805 2964/2878/2804
f 2964/2878/2804 2060/2879/2805 1716/2880/2806 2061/2881/2807
f 2056/2871/2797 2964/2878/2804 2061/2881/2807 1714/2872/2798
f 1720/2882/2808 2062/2883/2809 2965/2884/2810 2065/2885/2811
f 2062/2883/2809 1719/2886/2812 2063/2887/2813 2965/2884/2810
f 2965/2884/2810 2063/2887/2813 1718/2888/2814 2064/2889/2815
f 2065/2885/2811 2965/2884/2810 2064/2889/2815 1717/2890/2816
f 1722/2891/2817 2066/2892/2818 2966/2893/2819 2068/2894/2820
f 2066/2892/2818 1720/2882/2808 2065/2885/2811 2966/2893/2819
f 2966/2893/2819 2065/2885/2811 1717/2890/2816 2067/2895/2821
f 2068/2894/2820 2966/2893/2819 2067/2895/2821 1721/2896/2822
f 1724/2897/2823 2069/2898/2824 2967/2899/2825 2071/2900/2826
f 2069/2898/2824 1722/2891/2817 2068/2894/2820 2967/2899/2825
f 2967/2899/2825 2068/2894/2820 1721/2896/2822 2070/2901/2827
f 2071/2900/2826 2967/2899/2825 2070/2901/2827 1723/2902/2828
f 1726/3136/2829 2072/2904/2830 2968/2905/2831 2074/3148/2832
f 2072/2904/2830 1724/2897/2823 2071/2900/2826 2968/2905/2831
f 2968/2905/2831 2071/2900/2826 1723/2902/2828 2073/2907/2833
f 2074/3148/2832 2968/2905/2831 2073/2907/2833 1725/2908/2834
f 1728/2909/2835 2075/2910/2836 2969/2911/2837 2077/2912/2838
f 2075/2910/2836 1726/2903/2829 2074/2906/2832 2969/2911/2837
f 2969/2911/2837 2074/2906/2832 1725/3145/2834 2076/2913/2839
f 2077/2912/2838 2969/2911/2837 2076/2913/2839 1727/2914/2840
f 1730/2915/2841 2078/2916/2842 2970/2917/2843 2080/2918/2844
f 2078/2916/2842 1728/2909/2835 2077/2912/2838 2970/2917/2843
f 2970/2917/2843 2077/2912/2838 1727/2914/2840 2079/2919/2845
f 2080/2918/2844 2970/2917/2843 2079/2919/2845 1729/2920/2846
f 1732/2921/2847 2081/2922/2848 2971/2923/2849 2083/2924/2850
f 2081/2922/2848 1730/2915/2841 2080/2918/2844 2971/2923/2849
f 2971/2923/2849 2080/2918/2844 1729/2920/2846 2082/2925/2851
f 2083/2924/2850 2971/2923/2849 2082/2925/2851 1731/2926/2852
f 1734/2927/2853 2084/2928/2854 2972/2929/2855 2086/2930/2856
f 2084/2928/2854 1732/2921/2847 2083/2924/2850 2972/2929/2855
f 2972/2929/2855 2083/2924/2850 1731/2926/2852 2085/2931/2857
f 2086/2930/2856 2972/2929/2855 2085/2931/2857 1733/2932/2858
f 1736/2933/2859 2087/2934/2860 2973/2935/2861 2089/2936/2862
f 2087/2934/2860 1734/2927/2853 2086/2930/2856 2973/2935/2861
f 2973/2935/2861 2086/2930/2856 1733/2932/2858 2088/2937/2863
f 2089/2936/2862 2973/2935/2861 2088/2937/2863 1735/2938/2864
f 1738/3139/2865 2090/2940/2866 2974/2941/2867 2092/3147/2868
f 2090/2940/2866 1736/2933/2859 2089/2936/2862 2974/2941/2867
f 2974/2941/2867 2089/2936/2862 1735/2938/2864 2091/2943/2869
f 2092/3147/2868 2974/2941/2867 2091/2943/2869 1737/2944/2870
f 1740/2945/2871 2093/2946/2872 2975/2947/2873 2095/2948/2874
f 2093/2946/2872 1738/2939/2865 2092/2942/2868 2975/2947/2873
f 2975/2947/2873 2092/2942/2868 1737/3142/2870 2094/2949/2875
f 2095/2948/2874 2975/2947/2873 2094/2949/2875 1739/2950/2876
f 1742/2951/2877 2096/2952/2878 2976/2953/2879 2098/2954/2880
f 2096/2952/2878 1740/2945/2871 2095/2948/2874 2976/2953/2879
f 2976/2953/2879 2095/2948/2874 1739/2950/2876 2097/2955/2881
f 2098/2954/2880 2976/2953/2879 2097/2955/2881 1741/2956/2882
f 1744/2957/2883 2099/2958/2884 2977/2959/2885 2101/2960/2886
f 2099/2958/2884 1742/2951/2877 2098/2954/2880 2977/2959/2885
f 2977/2959/2885 2098/2954/2880 1741/2956/2882 2100/2961/2887
f 2101/2960/2886 2977/2959/2885 2100/2961/2887 1743/2962/2888
f 1746/2963/2889 2102/2964/2890 2978/2965/2891 2104/2966/2892
f 2102/2964/2890 1745/2967/2893 2103/2968/2894 2978/2965/2891
f 2978/2965/2891 2103/2968/2894 1744/2957/2883 2101/2960/2886
f 2104/2966/2892 2978/2965/2891 2101/2960/2886 1743/2962/2888
f 1717/2890/2816 2064/2889/2815 2979/2969/2895 2106/2970/2896
f 2064/2889/2815 1718/2888/2814 2105/2971/2897 2979/2969/2895
f 2979/2969/2895 2105/2971/2897 1437/1791/1717 2382/1788/1714
f 2106/2970/2896 2979/2969/2895 2382/1788/1714 1438/1787/1713
f 1721/2896/2822 2067/2895/2821 2980/2972/2898 2107/2973/2899
f 2067/2895/2821 1717/2890/2816 2106/2970/2896 2980/2972/2898
f 2980/2972/2898 2106/2970/2896 1438/1787/1713 1851/2465/2391
f 2107/2973/2899 2980/2972/2898 1851/2465/2391 1434/1783/1709
f 1723/2902/2828 2070/2901/2827 2981/2974/2900 2108/2975/2901
f 2070/2901/2827 1721/2896/2822 2107/2973/2899 2981/2974/2900
f 2981/2974/2900 2107/2973/2899 1434/1783/1709 2379/1781/1707
f 2108/2975/2901 2981/2974/2900 2379/1781/1707 1431/1776/1702
f 1725/2908/2834 2073/2907/2833 2982/2976/2902 2109/3144/2903
f 2073/2907/2833 1723/2902/2828 2108/2975/2901 2982/2976/2902
f 2982/2976/2902 2108/2975/2901 1431/1776/1702 2375/1773/1699
f 2109/3144/2903 2982/2976/2902 2375/1773/1699 1432/3146/1698
f 1727/2914/2840 2076/2913/2839 2983/2978/2904 2110/2979/2905
f 2076/2913/2839 1725/3145/2834 2109/2977/2903 2983/2978/2904
f 2983/2978/2904 2109/2977/2903 1432/1772/1698 1821/2405/2331
f 2110/2979/2905 2983/2978/2904 1821/2405/2331 1614/2404/2330
f 1729/2920/2846 2079/2919/2845 2984/2980/2906 2111/2981/2907
f 2079/2919/2845 1727/2914/2840 2110/2979/2905 2984/2980/2906
f 2984/2980/2906 2110/2979/2905 1614/2404/2330 1823/2409/2335
f 2111/2981/2907 2984/2980/2906 1823/2409/2335 1615/2408/2334
f 1731/2926/2852 2082/2925/2851 2985/2982/2908 2112/2983/2909
f 2082/2925/2851 1729/2920/2846 2111/2981/2907 2985/2982/2908
f 2985/2982/2908 2111/2981/2907 1615/2408/2334 1825/2413/2339
f 2112/2983/2909 2985/2982/2908 1825/2413/2339 1616/2412/2338
f 1733/2932/2858 2085/2931/2857 2986/2984/2910 2113/2985/2911
f 2085/2931/2857 1731/2926/2852 2112/2983/2909 2986/2984/2910
f 2986/2984/2910 2112/2983/2909 1616/2412/2338 2032/2823/2749
f 2113/2985/2911 2986/2984/2910 2032/2823/2749 1617/2419/2345
f 1735/2938/2864 2088/2937/2863 2987/2986/2912 2114/2987/2913
f 2088/2937/2863 1733/2932/2858 2113/2985/2911 2987/2986/2912
f 2987/2986/2912 2113/2985/2911 1617/2419/2345 1827/2418/2344
f 2114/2987/2913 2987/2986/2912 1827/2418/2344 1618/2417/2343
f 1737/2944/2870 2091/2943/2869 2988/2988/2914 2115/3141/2915
f 2091/2943/2869 1735/2938/2864 2114/2987/2913 2988/2988/2914
f 2988/2988/2914 2114/2987/2913 1618/2417/2343 1829/2421/2347
f 2115/3141/2915 2988/2988/2914 1829/2421/2347 1357/3143/1463
f 1739/2950/2876 2094/2949/2875 2989/2990/2916 2116/2991/2917
f 2094/2949/2875 1737/3142/2870 2115/2989/2915 2989/2990/2916
f 2989/2990/2916 2115/2989/2915 1357/1537/1463 2257/1536/1462
f 2116/2991/2917 2989/2990/2916 2257/1536/1462 1358/1535/1461
f 1741/2956/2882 2097/2955/2881 2990/2992/2918 2117/2993/2919
f 2097/2955/2881 1739/2950/2876 2116/2991/2917 2990/2992/2918
f 2990/2992/2918 2116/2991/2917 1358/1535/1461 2260/1541/1467
f 2117/2993/2919 2990/2992/2918 2260/1541/1467 1359/1540/1466
f 1743/2962/2888 2100/2961/2887 2991/2994/2920 2118/2995/2921
f 2100/2961/2887 1741/2956/2882 2117/2993/2919 2991/2994/2920
f 2991/2994/2920 2117/2993/2919 1359/1540/1466 1850/2463/2389
f 2118/2995/2921 2991/2994/2920 1850/2463/2389 1360/1547/1473
f 1746/2963/2889 2104/2966/2892 2992/2996/2922 2119/2997/2923
f 2104/2966/2892 1743/2962/2888 2118/2995/2921 2992/2996/2922
f 2992/2996/2922 2118/2995/2921 1360/1547/1473 2262/1546/1472
f 2119/2997/2923 2992/2996/2922 2262/1546/1472 1361/1545/1471
f 1361/1545/1471 2265/1551/1477 2993/2998/2924 2119/2997/2923
f 2265/1551/1477 1362/1550/1476 2120/2999/2925 2993/2998/2924
f 2993/2998/2924 2120/2999/2925 1747/3000/2926 2121/3001/2927
f 2119/2997/2923 2993/2998/2924 2121/3001/2927 1746/2963/2889
f 1748/3002/2928 2122/3003/2929 2994/3004/2930 2123/3005/2931
f 2122/3003/2929 1440/1798/1724 2386/1796/1722 2994/3004/2930
f 2994/3004/2930 2386/1796/1722 1437/1791/1717 2105/2971/2897
f 2123/3005/2931 2994/3004/2930 2105/2971/2897 1718/2888/2814
f 1715/2877/2803 2124/3006/2932 2995/3007/2933 2059/2875/2801
f 2124/3006/2932 1749/3008/2934 2125/3009/2935 2995/3007/2933
f 2995/3007/2933 2125/3009/2935 1374/1581/1507 2279/1579/1505
f 2059/2875/2801 2995/3007/2933 2279/1579/1505 1372/1575/1501
f 1428/1770/1696 2126/3010/2936 2996/3011/2937 2374/1771/1697
f 2126/3010/2936 1750/3012/2938 2127/3013/2939 2996/3011/2937
f 2996/3011/2937 2127/3013/2939 1716/2880/2806 2060/2879/2805
f 2374/1771/1697 2996/3011/2937 2060/2879/2805 1427/1766/1692
f 1744/2957/2883 2103/2968/2894 2997/3014/2940 2129/3015/2941
f 2103/2968/2894 1745/2967/2893 2128/3016/2942 2997/3014/2940
f 2997/3014/2940 2128/3016/2942 1715/2877/2803 2058/2876/2802
f 2129/3015/2941 2997/3014/2940 2058/2876/2802 1713/2869/2795
f 1713/2869/2795 2054/2868/2794 2998/3017/2943 2129/3015/2941
f 2054/2868/2794 1711/2861/2787 2130/3018/2944 2998/3017/2943
f 2998/3017/2943 2130/3018/2944 1742/2951/2877 2099/2958/2884
f 2129/3015/2941 2998/3017/2943 2099/2958/2884 1744/2957/2883
f 1711/2861/2787 2050/2860/2786 2999/3019/2945 2130/3018/2944
f 2050/2860/2786 1709/2853/2779 2131/3020/2946 2999/3019/2945
f 2999/3019/2945 2131/3020/2946 1740/2945/2871 2096/2952/2878
f 2130/3018/2944 2999/3019/2945 2096/2952/2878 1742/2951/2877
f 1709/2853/2779 2046/2852/2778 3000/3021/2947 2131/3020/2946
f 2046/2852/2778 1708/3140/2775 2132/3138/2948 3000/3021/2947
f 3000/3021/2947 2132/3138/2948 1738/2939/2865 2093/2946/2872
f 2131/3020/2946 3000/3021/2947 2093/2946/2872 1740/2945/2871
f 1708/2849/2775 2044/2848/2774 3001/3023/2949 2132/3022/2948
f 2044/2848/2774 1706/2841/2767 2133/3024/2950 3001/3023/2949
f 3001/3023/2949 2133/3024/2950 1736/2933/2859 2090/2940/2866
f 2132/3022/2948 3001/3023/2949 2090/2940/2866 1738/3139/2865
f 1706/2841/2767 2040/2840/2766 3002/3025/2951 2133/3024/2950
f 2040/2840/2766 1704/2833/2759 2134/3026/2952 3002/3025/2951
f 3002/3025/2951 2134/3026/2952 1734/2927/2853 2087/2934/2860
f 2133/3024/2950 3002/3025/2951 2087/2934/2860 1736/2933/2859
f 1704/2833/2759 2036/2832/2758 3003/3027/2953 2134/3026/2952
f 2036/2832/2758 1702/2829/2755 2135/3028/2954 3003/3027/2953
f 3003/3027/2953 2135/3028/2954 1732/2921/2847 2084/2928/2854
f 2134/3026/2952 3003/3027/2953 2084/2928/2854 1734/2927/2853
f 1702/2829/2755 2034/2828/2754 3004/3029/2955 2135/3028/2954
f 2034/2828/2754 1703/2827/2753 2136/3030/2956 3004/3029/2955
f 3004/3029/2955 2136/3030/2956 1730/2915/2841 2081/2922/2848
f 2135/3028/2954 3004/3029/2955 2081/2922/2848 1732/2921/2847
f 1703/2827/2753 2039/2837/2763 3005/3031/2957 2136/3030/2956
f 2039/2837/2763 1705/2836/2762 2137/3032/2958 3005/3031/2957
f 3005/3031/2957 2137/3032/2958 1728/2909/2835 2078/2916/2842
f 2136/3030/2956 3005/3031/2957 2078/2916/2842 1730/2915/2841
f 1705/2836/2762 2043/2845/2771 3006/3033/2959 2137/3032/2958
f 2043/2845/2771 1707/3137/2770 2138/3135/2960 3006/3033/2959
f 3006/3033/2959 2138/3135/2960 1726/2903/2829 2075/2910/2836
f 2137/3032/2958 3006/3033/2959 2075/2910/2836 1728/2909/2835
f 1707/2844/2770 2049/2857/2783 3007/3035/2961 2138/3034/2960
f 2049/2857/2783 1710/2856/2782 2139/3036/2962 3007/3035/2961
f 3007/3035/2961 2139/3036/2962 1724/2897/2823 2072/2904/2830
f 2138/3034/2960 3007/3035/2961 2072/2904/2830 1726/3136/2829
f 1710/2856/2782 2053/2865/2791 3008/3037/2963 2139/3036/2962
f 2053/2865/2791 1712/2864/2790 2140/3038/2964 3008/3037/2963
f 3008/3037/2963 2140/3038/2964 1722/2891/2817 2069/2898/2824
f 2139/3036/2962 3008/3037/2963 2069/2898/2824 1724/2897/2823
f 1712/2864/2790 2057/2873/2799 3009/3039/2965 2140/3038/2964
f 2057/2873/2799 1714/2872/2798 2141/3040/2966 3009/3039/2965
f 3009/3039/2965 2141/3040/2966 1720/2882/2808 2066/2892/2818
f 2140/3038/2964 3009/3039/2965 2066/2892/2818 1722/2891/2817
f 1714/2872/2798 2061/2881/2807 3010/3041/2967 2141/3040/2966
f 2061/2881/2807 1716/2880/2806 2142/3042/2968 3010/3041/2967
f 3010/3041/2967 2142/3042/2968 1719/2886/2812 2062/2883/2809
f 2141/3040/2966 3010/3041/2967 2062/2883/2809 1720/2882/2808
f 1374/1581/1507 2125/3009/2935 3011/3043/2969 2144/3044/2970
f 2125/3009/2935 1749/3008/2934 2143/3045/2971 3011/3043/2969
f 3011/3043/2969 2143/3045/2971 1695/2684/2610 1983/2728/2654
f 2144/3044/2970 3011/3043/2969 1983/2728/2654 1576/2252/2178
f 1373/1583/1509 2280/1582/1508 3012/3046/2972 2145/3047/2973
f 2280/1582/1508 1374/1581/1507 2144/3044/2970 3012/3046/2972
f 3012/3046/2972 2144/3044/2970 1576/2252/2178 2615/2255/2181
f 2145/3047/2973 3012/3046/2972 2615/2255/2181 1575/2257/2183
f 1380/1605/1531 2291/1604/1530 3013/3048/2974 2146/3133/2975
f 2291/1604/1530 1373/1583/1509 2145/3047/2973 3013/3048/2974
f 3013/3048/2974 2145/3047/2973 1575/2257/2183 1759/2279/2205
f 2146/3133/2975 3013/3048/2974 1759/2279/2205 1583/2281/2207
f 1386/1627/1553 2302/1626/1552 3014/3050/2976 2147/3051/2977
f 2302/1626/1552 1380/3134/1531 2146/3049/2975 3014/3050/2976
f 3014/3050/2976 2146/3049/2975 1583/2281/2207 1758/2280/2206
f 2147/3051/2977 3014/3050/2976 1758/2280/2206 1582/2277/2203
f 1392/1649/1575 2313/1648/1574 3015/3052/2978 2148/3053/2979
f 2313/1648/1574 1386/1627/1553 2147/3051/2977 3015/3052/2978
f 3015/3052/2978 2147/3051/2977 1582/2277/2203 1756/2276/2202
f 2148/3053/2979 3015/3052/2978 1756/2276/2202 1580/2273/2199
f 1398/1671/1597 2324/1670/1596 3016/3054/2980 2149/3055/2981
f 2324/1670/1596 1392/1649/1575 2148/3053/2979 3016/3054/2980
f 3016/3054/2980 2148/3053/2979 1580/2273/2199 1754/2272/2198
f 2149/3055/2981 3016/3054/2980 1754/2272/2198 1581/2271/2197
f 1410/1702/1628 2005/2772/2698 3017/3056/2982 2150/3057/2983
f 2005/2772/2698 1398/1671/1597 2149/3055/2981 3017/3056/2982
f 3017/3056/2982 2149/3055/2981 1581/2271/2197 2004/2769/2695
f 2150/3057/2983 3017/3056/2982 2004/2769/2695 1579/2267/2193
f 1409/1704/1630 2340/1703/1629 3018/3058/2984 2151/3059/2985
f 2340/1703/1629 1410/1702/1628 2150/3057/2983 3018/3058/2984
f 3018/3058/2984 2150/3057/2983 1579/2267/2193 1751/2266/2192
f 2151/3059/2985 3018/3058/2984 1751/2266/2192 1577/2263/2189
f 1416/1726/1652 2351/1725/1651 3019/3060/2986 2152/3131/2987
f 2351/1725/1651 1409/1704/1630 2151/3059/2985 3019/3060/2986
f 3019/3060/2986 2151/3059/2985 1577/2263/2189 2617/2262/2188
f 2152/3131/2987 3019/3060/2986 2617/2262/2188 1578/2261/2187
f 1422/1748/1674 2362/1747/1673 3020/3062/2988 2153/3063/2989
f 2362/1747/1673 1416/3132/1652 2152/3061/2987 3020/3062/2988
f 3020/3062/2988 2152/3061/2987 1578/2261/2187 2616/2260/2186
f 2153/3063/2989 3020/3062/2988 2616/2260/2186 1564/2228/2154
f 1428/1770/1696 2373/1769/1695 3021/3064/2990 2154/3065/2991
f 2373/1769/1695 1422/1748/1674 2153/3063/2989 3021/3064/2990
f 3021/3064/2990 2153/3063/2989 1564/2228/2154 2600/2227/2153
f 2154/3065/2991 3021/3064/2990 2600/2227/2153 1565/2226/2152
f 1688/2654/2580 2155/3066/2992 3022/3067/2993 1980/2726/2652
f 2155/3066/2992 1750/3012/2938 2126/3010/2936 3022/3067/2993
f 3022/3067/2993 2126/3010/2936 1428/1770/1696 2154/3065/2991
f 1980/2726/2652 3022/3067/2993 2154/3065/2991 1565/2226/2152
f 1749/3008/2934 2156/3068/2994 3023/3069/2995 2143/3045/2971
f 2156/3068/2994 1701/2764/2690 2001/2763/2689 3023/3069/2995
f 3023/3069/2995 2001/2763/2689 1643/2510/2436 1959/2682/2608
f 2143/3045/2971 3023/3069/2995 1959/2682/2608 1695/2684/2610
f 1700/2761/2687 2157/3070/2996 3024/3071/2997 2000/2759/2685
f 2157/3070/2996 1750/3012/2938 2155/3066/2992 3024/3071/2997
f 3024/3071/2997 2155/3066/2992 1688/2654/2580 1943/2653/2579
f 2000/2759/2685 3024/3071/2997 1943/2653/2579 1641/2503/2429
f 1701/2764/2690 2156/3068/2994 3025/3072/2998 2158/3073/2999
f 2156/3068/2994 1749/3008/2934 2124/3006/2932 3025/3072/2998
f 3025/3072/2998 2124/3006/2932 1715/2877/2803 2128/3016/2942
f 2158/3073/2999 3025/3072/2998 2128/3016/2942 1745/2967/2893
f 1750/3012/2938 2157/3070/2996 3026/3074/3000 2127/3013/2939
f 2157/3070/2996 1700/2761/2687 2159/3075/3001 3026/3074/3000
f 3026/3074/3000 2159/3075/3001 1719/2886/2812 2142/3042/2968
f 2127/3013/2939 3026/3074/3000 2142/3042/2968 1716/2880/2806
f 1557/2201/2127 2160/3076/3002 3027/3077/3003 1994/2748/2674
f 2160/3076/3002 1440/1798/1724 2122/3003/2929 3027/3077/3003
f 3027/3077/3003 2122/3003/2929 1748/3002/2928 2161/3078/3004
f 1994/2748/2674 3027/3077/3003 2161/3078/3004 1674/2603/2529
f 1439/1800/1726 2387/1799/1725 3028/3079/3005 2162/3080/3006
f 2387/1799/1725 1440/1798/1724 2160/3076/3002 3028/3079/3005
f 3028/3079/3005 2160/3076/3002 1557/2201/2127 2587/2200/2126
f 2162/3080/3006 3028/3079/3005 2587/2200/2126 1550/2177/2103
f 1446/1823/1749 2399/1822/1748 3029/3081/3007 2163/3082/3008
f 2399/1822/1748 1439/1800/1726 2162/3080/3006 3029/3081/3007
f 3029/3081/3007 2162/3080/3006 1550/2177/2103 2575/2176/2102
f 2163/3082/3008 3029/3081/3007 2575/2176/2102 1543/2153/2079
f 1452/1845/1771 2410/1844/1770 3030/3083/3009 2164/3084/3010
f 2410/1844/1770 1446/1823/1749 2163/3082/3008 3030/3083/3009
f 3030/3083/3009 2163/3082/3008 1543/2153/2079 2563/2152/2078
f 2164/3084/3010 3030/3083/3009 2563/2152/2078 1536/2129/2055
f 1458/1867/1793 2421/1866/1792 3031/3085/3011 2165/3086/3012
f 2421/1866/1792 1452/1845/1771 2164/3084/3010 3031/3085/3011
f 3031/3085/3011 2164/3084/3010 1536/2129/2055 2551/2128/2054
f 2165/3086/3012 3031/3085/3011 2551/2128/2054 1529/2105/2031
f 1464/1889/1815 2432/1888/1814 3032/3087/3013 2166/3088/3014
f 2432/1888/1814 1458/1867/1793 2165/3086/3012 3032/3087/3013
f 3032/3087/3013 2165/3086/3012 1529/2105/2031 2539/2104/2030
f 2166/3088/3014 3032/3087/3013 2539/2104/2030 1522/2081/2007
f 1470/1911/1837 2443/1910/1836 3033/3089/3015 2167/3090/3016
f 2443/1910/1836 1464/1889/1815 2166/3088/3014 3033/3089/3015
f 3033/3089/3015 2166/3088/3014 1522/2081/2007 2527/2080/2006
f 2167/3090/3016 3033/3089/3015 2527/2080/2006 1508/2048/1974
usemtl lambert2SG
f 1476/1933/1859 2454/1932/1858 3034/3091/3017 2168/3129/3018
f 2454/1932/1858 1470/1911/1837 2167/3090/3016 3034/3091/3017
f 3034/3091/3017 2167/3090/3016 1508/2048/1974 2511/2047/1973
f 2168/3129/3018 3034/3091/3017 2511/2047/1973 1509/2046/1972
f 1482/1955/1881 2465/1954/1880 3035/3093/3019 2169/3094/3020
f 2465/1954/1880 1476/3130/1859 2168/3092/3018 3035/3093/3019
f 3035/3093/3019 2168/3092/3018 1509/2046/1972 2510/2043/1969
f 2169/3094/3020 3035/3093/3019 2510/2043/1969 1510/2042/1968
f 1488/1975/1901 2475/1974/1900 3036/3095/3021 2170/3096/3022
f 2475/1974/1900 1482/1955/1881 2169/3094/3020 3036/3095/3021
f 3036/3095/3021 2169/3094/3020 1510/2042/1968 2514/2052/1978
f 2170/3096/3022 3036/3095/3021 2514/2052/1978 1512/2051/1977
f 1494/1998/1924 2487/1997/1923 3037/3097/3023 2171/3098/3024
f 2487/1997/1923 1488/1975/1901 2170/3096/3022 3037/3097/3023
f 3037/3097/3023 2170/3096/3022 1512/2051/1977 2518/2062/1988
f 2171/3098/3024 3037/3097/3023 2518/2062/1988 1513/2061/1987
f 1506/2026/1952 2020/2801/2727 3038/3099/3025 2172/3100/3026
f 2020/2801/2727 1494/1998/1924 2171/3098/3024 3038/3099/3025
f 3038/3099/3025 2171/3098/3024 1513/2061/1987 2019/2797/2723
f 2172/3100/3026 3038/3099/3025 2019/2797/2723 1517/2067/1993
f 1505/2028/1954 2501/2027/1953 3039/3101/3027 2173/3102/3028
f 2501/2027/1953 1506/2026/1952 2172/3100/3026 3039/3101/3027
f 3039/3101/3027 2172/3100/3026 1517/2067/1993 2520/2064/1990
f 2173/3102/3028 3039/3101/3027 2520/2064/1990 1518/2063/1989
f 1326/1418/1344 2509/2041/1967 3040/3103/3029 2174/3127/3030
f 2509/2041/1967 1505/2028/1954 2173/3102/3028 3040/3103/3029
f 3040/3103/3029 2173/3102/3028 1518/2063/1989 2524/2073/1999
f 2174/3127/3030 3040/3103/3029 2524/2073/1999 1520/2072/1998
f 1325/1420/1346 2199/1419/1345 3041/3105/3031 2175/3106/3032
f 2199/1419/1345 1326/3128/1344 2174/3104/3030 3041/3105/3031
f 3041/3105/3031 2174/3104/3030 1520/2072/1998 2526/2075/2001
f 2175/3106/3032 3041/3105/3031 2526/2075/2001 1519/2077/2003
usemtl lambert3SG
f 1332/1442/1368 2210/1441/1367 3042/3107/3033 2176/3108/3034
f 2210/1441/1367 1325/1420/1346 2175/3106/3032 3042/3107/3033
f 3042/3107/3033 2175/3106/3032 1519/2077/2003 2538/2099/2025
f 2176/3108/3034 3042/3107/3033 2538/2099/2025 1527/2101/2027
f 1338/1464/1390 2221/1463/1389 3043/3109/3035 2177/3110/3036
f 2221/1463/1389 1332/1442/1368 2176/3108/3034 3043/3109/3035
f 3043/3109/3035 2176/3108/3034 1527/2101/2027 2550/2123/2049
f 2177/3110/3036 3043/3109/3035 2550/2123/2049 1534/2125/2051
f 1344/1486/1412 2232/1485/1411 3044/3111/3037 2178/3112/3038
f 2232/1485/1411 1338/1464/1390 2177/3110/3036 3044/3111/3037
f 3044/3111/3037 2177/3110/3036 1534/2125/2051 2562/2147/2073
f 2178/3112/3038 3044/3111/3037 2562/2147/2073 1541/2149/2075
f 1350/1508/1434 2243/1507/1433 3045/3113/3039 2179/3114/3040
f 2243/1507/1433 1344/1486/1412 2178/3112/3038 3045/3113/3039
f 3045/3113/3039 2178/3112/3038 1541/2149/2075 2574/2171/2097
f 2179/3114/3040 3045/3113/3039 2574/2171/2097 1548/2173/2099
f 1356/1530/1456 2254/1529/1455 3046/3115/3041 2180/3116/3042
f 2254/1529/1455 1350/1508/1434 2179/3114/3040 3046/3115/3041
f 3046/3115/3041 2179/3114/3040 1548/2173/2099 2586/2195/2121
f 2180/3116/3042 3046/3115/3041 2586/2195/2121 1555/2197/2123
f 1362/1550/1476 2264/1549/1475 3047/3117/3043 2181/3118/3044
f 2264/1549/1475 1356/1530/1456 2180/3116/3042 3047/3117/3043
f 3047/3117/3043 2180/3116/3042 1555/2197/2123 2598/2219/2145
f 2181/3118/3044 3047/3117/3043 2598/2219/2145 1562/2221/2147
f 1747/3000/2926 2120/2999/2925 3048/3119/3045 2182/3120/3046
f 2120/2999/2925 1362/1550/1476 2181/3118/3044 3048/3119/3045
f 3048/3119/3045 2181/3118/3044 1562/2221/2147 1991/2746/2672
f 2182/3120/3046 3048/3119/3045 1991/2746/2672 1697/2699/2625
f 1745/2967/2893 2102/2964/2890 3049/3121/3047 2158/3073/2999
f 2102/2964/2890 1746/2963/2889 2121/3001/2927 3049/3121/3047
f 3049/3121/3047 2121/3001/2927 1747/3000/2926 2183/3122/3048
f 2158/3073/2999 3049/3121/3047 2183/3122/3048 1701/2764/2690
f 1718/2888/2814 2063/2887/2813 3050/3123/3049 2123/3005/2931
f 2063/2887/2813 1719/2886/2812 2159/3075/3001 3050/3123/3049
f 3050/3123/3049 2159/3075/3001 1700/2761/2687 2184/3124/3050
f 2123/3005/2931 3050/3123/3049 2184/3124/3050 1748/3002/2928
f 1701/2764/2690 2183/3122/3048 3051/3125/3051 2002/2765/2691
f 2183/3122/3048 1747/3000/2926 2182/3120/3046 3051/3125/3051
f 3051/3125/3051 2182/3120/3046 1697/2699/2625 1966/2698/2624
f 2002/2765/2691 3051/3125/3051 1966/2698/2624 1696/2695/2621
f 1748/3002/2928 2184/3124/3050 3052/3126/3052 2161/3078/3004
f 2184/3124/3050 1700/2761/2687 1999/2760/2686 3052/3126/3052
f 3052/3126/3052 1999/2760/2686 1672/2597/2523 1918/2604/2530
f 2161/3078/3004 3052/3126/3052 1918/2604/2530 1674/2603/2529
g default
v 0.295046 2.220744 0.375446
v 0.291410 2.227879 0.375446
v 0.281185 2.220450 0.372412
v 0.283026 2.216838 0.372412
v 0.285747 2.233542 0.375446
v 0.278319 2.223317 0.372412
v 0.278612 2.237177 0.375446
v 0.274706 2.225157 0.372412
v 0.270702 2.238430 0.375446
v 0.270702 2.225792 0.372412
v 0.262792 2.237177 0.375446
v 0.266698 2.225157 0.372412
v 0.255657 2.233542 0.375446
v 0.263086 2.223317 0.372412
v 0.249994 2.227879 0.375446
v 0.260219 2.220450 0.372412
v 0.246359 2.220744 0.375446
v 0.258379 2.216838 0.372412
v 0.245106 2.212834 0.375446
v 0.257745 2.212834 0.372412
v 0.246359 2.204924 0.375446
v 0.258379 2.208830 0.372412
v 0.249994 2.197789 0.375446
v 0.260219 2.205218 0.372412
v 0.255657 2.192126 0.375446
v 0.263086 2.202351 0.372412
v 0.262792 2.188490 0.375446
v 0.266698 2.200510 0.372412
v 0.270702 2.187238 0.375446
v 0.270702 2.199876 0.372412
v 0.278612 2.188490 0.375446
v 0.274706 2.200510 0.372412
v 0.285747 2.192126 0.375446
v 0.278319 2.202351 0.372412
v 0.291410 2.197789 0.375446
v 0.281185 2.205218 0.372412
v 0.295046 2.204924 0.375446
v 0.283026 2.208830 0.372412
v 0.296298 2.212834 0.375446
v 0.283660 2.212834 0.372412
v 0.306466 2.224454 0.380420
v 0.301125 2.234937 0.380420
v 0.292806 2.243257 0.380420
v 0.282323 2.248598 0.380420
v 0.270702 2.250439 0.380420
v 0.259082 2.248598 0.380420
v 0.248599 2.243257 0.380420
v 0.240279 2.234937 0.380420
v 0.234938 2.224454 0.380420
v 0.233098 2.212834 0.380420
v 0.234938 2.201213 0.380420
v 0.240279 2.190730 0.380420
v 0.248599 2.182411 0.380420
v 0.259082 2.177070 0.380420
v 0.270702 2.175229 0.380420
v 0.282323 2.177070 0.380420
v 0.292806 2.182411 0.380420
v 0.301125 2.190730 0.380420
v 0.306466 2.201213 0.380420
v 0.308307 2.212834 0.380420
v 0.317006 2.227879 0.387211
v 0.310091 2.241451 0.387211
v 0.299320 2.252223 0.387211
v 0.285747 2.259138 0.387211
v 0.270702 2.261521 0.387211
v 0.255657 2.259138 0.387211
v 0.242085 2.252223 0.387211
v 0.231314 2.241451 0.387211
v 0.224398 2.227879 0.387211
v 0.222015 2.212834 0.387211
v 0.224398 2.197789 0.387211
v 0.231314 2.184216 0.387211
v 0.242085 2.173445 0.387211
v 0.255657 2.166530 0.387211
v 0.270702 2.164147 0.387211
v 0.285747 2.166530 0.387211
v 0.299320 2.173445 0.387211
v 0.310091 2.184216 0.387211
v 0.317006 2.197789 0.387211
v 0.319389 2.212834 0.387211
v 0.326406 2.230933 0.395653
v 0.318087 2.247261 0.395653
v 0.305129 2.260219 0.395653
v 0.288802 2.268538 0.395653
v 0.270702 2.271405 0.395653
v 0.252603 2.268538 0.395653
v 0.236275 2.260219 0.395653
v 0.223318 2.247261 0.395653
v 0.214998 2.230933 0.395653
v 0.212132 2.212834 0.395653
v 0.214998 2.194735 0.395653
v 0.223318 2.178407 0.395653
v 0.236275 2.165449 0.395653
v 0.252603 2.157130 0.395653
v 0.270702 2.154263 0.395653
v 0.288801 2.157130 0.395653
v 0.305129 2.165449 0.395653
v 0.318087 2.178407 0.395653
v 0.326406 2.194735 0.395653
v 0.329273 2.212834 0.395653
v 0.334434 2.233542 0.405536
v 0.324916 2.252223 0.405536
v 0.310091 2.267048 0.405536
v 0.291410 2.276566 0.405536
v 0.270702 2.279846 0.405536
v 0.249994 2.276566 0.405536
v 0.231314 2.267048 0.405536
v 0.216488 2.252223 0.405536
v 0.206970 2.233542 0.405536
v 0.203690 2.212834 0.405536
v 0.206970 2.192126 0.405536
v 0.216488 2.173445 0.405536
v 0.231314 2.158620 0.405536
v 0.249994 2.149102 0.405536
v 0.270702 2.145822 0.405536
v 0.291410 2.149102 0.405536
v 0.310091 2.158620 0.405536
v 0.324916 2.173445 0.405536
v 0.334434 2.192126 0.405536
v 0.337714 2.212834 0.405536
v 0.340893 2.235640 0.416619
v 0.330410 2.256214 0.416619
v 0.314083 2.272542 0.416619
v 0.293509 2.283025 0.416619
v 0.270702 2.286637 0.416619
v 0.247896 2.283025 0.416619
v 0.227322 2.272542 0.416619
v 0.210994 2.256214 0.416619
v 0.200511 2.235640 0.416619
v 0.196899 2.212834 0.416619
v 0.200511 2.190027 0.416619
v 0.210994 2.169453 0.416619
v 0.227322 2.153126 0.416619
v 0.247896 2.142643 0.416619
v 0.270702 2.139031 0.416619
v 0.293509 2.142643 0.416619
v 0.314083 2.153126 0.416619
v 0.330410 2.169453 0.416619
v 0.340893 2.190027 0.416619
v 0.344505 2.212834 0.416619
v 0.345624 2.237177 0.428627
v 0.334434 2.259138 0.428627
v 0.317006 2.276566 0.428627
v 0.295046 2.287756 0.428627
v 0.270702 2.291611 0.428627
v 0.246359 2.287756 0.428627
v 0.224398 2.276566 0.428627
v 0.206970 2.259138 0.428627
v 0.195781 2.237177 0.428627
v 0.191925 2.212834 0.428627
v 0.195781 2.188490 0.428627
v 0.206970 2.166530 0.428627
v 0.224398 2.149102 0.428627
v 0.246359 2.137912 0.428627
v 0.270702 2.134057 0.428627
v 0.295046 2.137912 0.428627
v 0.317006 2.149102 0.428627
v 0.334434 2.166530 0.428627
v 0.345624 2.188490 0.428627
v 0.349479 2.212834 0.428627
v 0.348510 2.238115 0.441266
v 0.336889 2.260922 0.441266
v 0.318790 2.279021 0.441266
v 0.295983 2.290641 0.441266
v 0.270702 2.294646 0.441266
v 0.245421 2.290641 0.441266
v 0.222615 2.279021 0.441266
v 0.204515 2.260922 0.441266
v 0.192895 2.238115 0.441266
v 0.188891 2.212834 0.441266
v 0.192895 2.187553 0.441266
v 0.204515 2.164746 0.441266
v 0.222615 2.146647 0.441266
v 0.245421 2.135027 0.441266
v 0.270702 2.131022 0.441266
v 0.295983 2.135027 0.441266
v 0.318790 2.146647 0.441266
v 0.336889 2.164746 0.441266
v 0.348510 2.187553 0.441266
v 0.352514 2.212834 0.441266
v 0.349480 2.238430 0.454223
v 0.337714 2.261521 0.454223
v 0.319389 2.279846 0.454223
v 0.296298 2.291611 0.454223
v 0.270702 2.295665 0.454223
v 0.245106 2.291611 0.454223
v 0.222015 2.279846 0.454223
v 0.203690 2.261521 0.454223
v 0.191925 2.238430 0.454223
v 0.187871 2.212834 0.454223
v 0.191925 2.187238 0.454223
v 0.203690 2.164147 0.454223
v 0.222015 2.145822 0.454223
v 0.245106 2.134057 0.454223
v 0.270702 2.130003 0.454223
v 0.296298 2.134057 0.454223
v 0.319389 2.145822 0.454223
v 0.337714 2.164147 0.454223
v 0.349479 2.187238 0.454223
v 0.353534 2.212834 0.454223
v 0.348510 2.238115 0.467181
v 0.336889 2.260922 0.467181
v 0.318790 2.279021 0.467181
v 0.295983 2.290641 0.467181
v 0.270702 2.294646 0.467181
v 0.245421 2.290641 0.467181
v 0.222615 2.279021 0.467181
v 0.204515 2.260922 0.467181
v 0.192895 2.238115 0.467181
v 0.188891 2.212834 0.467181
v 0.192895 2.187553 0.467181
v 0.204515 2.164746 0.467181
v 0.222615 2.146647 0.467181
v 0.245421 2.135027 0.467181
v 0.270702 2.131022 0.467181
v 0.295983 2.135027 0.467181
v 0.318790 2.146647 0.467181
v 0.336889 2.164746 0.467181
v 0.348510 2.187553 0.467181
v 0.352514 2.212834 0.467181
v 0.345624 2.237177 0.479820
v 0.334434 2.259138 0.479820
v 0.317006 2.276566 0.479820
v 0.295046 2.287756 0.479820
v 0.270702 2.291611 0.479820
v 0.246359 2.287756 0.479820
v 0.224398 2.276566 0.479820
v 0.206970 2.259138 0.479820
v 0.195781 2.237177 0.479820
v 0.191925 2.212834 0.479820
v 0.195781 2.188490 0.479820
v 0.206970 2.166530 0.479820
v 0.224398 2.149102 0.479820
v 0.246359 2.137912 0.479820
v 0.270702 2.134057 0.479820
v 0.295046 2.137912 0.479820
v 0.317006 2.149102 0.479820
v 0.334434 2.166530 0.479820
v 0.345624 2.188490 0.479820
v 0.349479 2.212834 0.479820
v 0.340893 2.235640 0.491828
v 0.330410 2.256214 0.491828
v 0.314083 2.272542 0.491828
v 0.293509 2.283025 0.491828
v 0.270702 2.286637 0.491828
v 0.247896 2.283025 0.491828
v 0.227322 2.272542 0.491828
v 0.210994 2.256214 0.491828
v 0.200511 2.235640 0.491828
v 0.196899 2.212834 0.491828
v 0.200511 2.190027 0.491828
v 0.210994 2.169453 0.491828
v 0.227322 2.153126 0.491828
v 0.247896 2.142643 0.491828
v 0.270702 2.139031 0.491828
v 0.293509 2.142643 0.491828
v 0.314083 2.153126 0.491828
v 0.330410 2.169453 0.491828
v 0.340893 2.190027 0.491828
v 0.344505 2.212834 0.491828
v 0.334434 2.233542 0.502910
v 0.324916 2.252223 0.502910
v 0.310091 2.267048 0.502910
v 0.291410 2.276566 0.502910
v 0.270702 2.279846 0.502910
v 0.249994 2.276566 0.502910
v 0.231314 2.267048 0.502910
v 0.216488 2.252223 0.502910
v 0.206970 2.233542 0.502910
v 0.203690 2.212834 0.502910
v 0.206970 2.192126 0.502910
v 0.216488 2.173445 0.502910
v 0.231314 2.158620 0.502910
v 0.249994 2.149102 0.502910
v 0.270702 2.145822 0.502910
v 0.291410 2.149102 0.502910
v 0.310091 2.158620 0.502910
v 0.324916 2.173445 0.502910
v 0.334434 2.192126 0.502910
v 0.337714 2.212834 0.502910
v 0.326406 2.230933 0.512794
v 0.318087 2.247261 0.512794
v 0.305129 2.260219 0.512794
v 0.288802 2.268538 0.512794
v 0.270702 2.271405 0.512794
v 0.252603 2.268538 0.512794
v 0.236275 2.260219 0.512794
v 0.223318 2.247261 0.512794
v 0.214998 2.230933 0.512794
v 0.212132 2.212834 0.512794
v 0.214998 2.194735 0.512794
v 0.223318 2.178407 0.512794
v 0.236275 2.165449 0.512794
v 0.252603 2.157130 0.512794
v 0.270702 2.154263 0.512794
v 0.288801 2.157130 0.512794
v 0.305129 2.165449 0.512794
v 0.318087 2.178407 0.512794
v 0.326406 2.194735 0.512794
v 0.329273 2.212834 0.512794
v 0.317006 2.227879 0.521235
v 0.310091 2.241451 0.521235
v 0.299320 2.252223 0.521235
v 0.285747 2.259138 0.521235
v 0.270702 2.261521 0.521235
v 0.255657 2.259138 0.521235
v 0.242085 2.252223 0.521235
v 0.231314 2.241451 0.521235
v 0.224398 2.227879 0.521235
v 0.222015 2.212834 0.521235
v 0.224398 2.197789 0.521235
v 0.231314 2.184216 0.521235
v 0.242085 2.173445 0.521235
v 0.255657 2.166530 0.521235
v 0.270702 2.164147 0.521235
v 0.285747 2.166530 0.521235
v 0.299320 2.173445 0.521235
v 0.310091 2.184216 0.521235
v 0.317006 2.197789 0.521235
v 0.319389 2.212834 0.521235
v 0.306466 2.224454 0.528027
v 0.301125 2.234937 0.528027
v 0.292806 2.243257 0.528027
v 0.282323 2.248598 0.528027
v 0.270702 2.250439 0.528027
v 0.259082 2.248598 0.528027
v 0.248599 2.243257 0.528027
v 0.240279 2.234937 0.528027
v 0.234938 2.224454 0.528027
v 0.233098 2.212834 0.528027
v 0.234938 2.201213 0.528027
v 0.240279 2.190730 0.528027
v 0.248599 2.182411 0.528027
v 0.259082 2.177070 0.528027
v 0.270702 2.175229 0.528027
v 0.282323 2.177070 0.528027
v 0.292806 2.182411 0.528027
v 0.301125 2.190730 0.528027
v 0.306466 2.201213 0.528027
v 0.308307 2.212834 0.528027
v 0.295046 2.220744 0.533001
v 0.291410 2.227879 0.533001
v 0.285747 2.233542 0.533001
v 0.278612 2.237177 0.533001
v 0.270702 2.238430 0.533001
v 0.262792 2.237177 0.533001
v 0.255657 2.233542 0.533001
v 0.249994 2.227879 0.533001
v 0.246359 2.220744 0.533001
v 0.245106 2.212834 0.533001
v 0.246359 2.204924 0.533001
v 0.249994 2.197789 0.533001
v 0.255657 2.192126 0.533001
v 0.262792 2.188490 0.533001
v 0.270702 2.187238 0.533001
v 0.278612 2.188490 0.533001
v 0.285747 2.192126 0.533001
v 0.291410 2.197789 0.533001
v 0.295046 2.204924 0.533001
v 0.296298 2.212834 0.533001
v 0.283026 2.216838 0.536035
v 0.281185 2.220450 0.536035
v 0.278319 2.223317 0.536035
v 0.274706 2.225157 0.536035
v 0.270702 2.225792 0.536035
v 0.266698 2.225157 0.536035
v 0.263086 2.223317 0.536035
v 0.260219 2.220450 0.536035
v 0.258379 2.216838 0.536035
v 0.257745 2.212834 0.536035
v 0.258379 2.208830 0.536035
v 0.260219 2.205218 0.536035
v 0.263086 2.202351 0.536035
v 0.266698 2.200510 0.536035
v 0.270702 2.199876 0.536035
v 0.274706 2.200510 0.536035
v 0.278319 2.202351 0.536035
v 0.281185 2.205218 0.536035
v 0.283026 2.208830 0.536035
v 0.283660 2.212834 0.536035
v 0.270702 2.212834 0.371392
v 0.270702 2.212834 0.537055
vt 0.091284 0.030119
vt 0.090646 0.031372
vt 0.094191 0.033948
vt 0.095452 0.031474
vt 0.089652 0.032366
vt 0.092228 0.035912
vt 0.088399 0.033004
vt 0.089754 0.037172
vt 0.087011 0.033224
vt 0.087011 0.037607
vt 0.085622 0.033004
vt 0.084268 0.037172
vt 0.084370 0.032366
vt 0.081793 0.035912
vt 0.083375 0.031372
vt 0.079830 0.033948
vt 0.082737 0.030119
vt 0.078569 0.031474
vt 0.082517 0.028731
vt 0.078135 0.028731
vt 0.082737 0.027342
vt 0.078569 0.025988
vt 0.083375 0.026090
vt 0.079830 0.023513
vt 0.084370 0.025095
vt 0.081793 0.021550
vt 0.085622 0.024457
vt 0.084268 0.020289
vt 0.087011 0.024237
vt 0.087011 0.019855
vt 0.088399 0.024457
vt 0.089754 0.020289
vt 0.089652 0.025095
vt 0.092228 0.021550
vt 0.090646 0.026090
vt 0.094191 0.023513
vt 0.091284 0.027342
vt 0.095452 0.025988
vt 0.091504 0.028731
vt 0.095886 0.028731
vt 0.097560 0.036395
vt 0.099412 0.032760
vt 0.094676 0.039280
vt 0.091040 0.041133
vt 0.087011 0.041771
vt 0.082981 0.041133
vt 0.079346 0.039280
vt 0.076461 0.036395
vt 0.074609 0.032760
vt 0.073971 0.028731
vt 0.074609 0.024701
vt 0.076461 0.021066
vt 0.079346 0.018181
vt 0.082981 0.016329
vt 0.087011 0.015690
vt 0.091040 0.016329
vt 0.094676 0.018181
vt 0.097560 0.021066
vt 0.099412 0.024701
vt 0.100051 0.028731
vt 0.100670 0.038654
vt 0.103067 0.033948
vt 0.096934 0.042390
vt 0.092228 0.044788
vt 0.087011 0.045614
vt 0.081793 0.044788
vt 0.077087 0.042390
vt 0.073352 0.038654
vt 0.070954 0.033948
vt 0.070127 0.028731
vt 0.070954 0.023513
vt 0.073352 0.018807
vt 0.077087 0.015072
vt 0.081793 0.012674
vt 0.087011 0.011847
vt 0.092228 0.012674
vt 0.096934 0.015072
vt 0.100670 0.018807
vt 0.103067 0.023513
vt 0.103894 0.028731
vt 0.103442 0.040669
vt 0.106327 0.035007
vt 0.098949 0.045162
vt 0.093287 0.048047
vt 0.087011 0.049041
vt 0.080734 0.048047
vt 0.075072 0.045162
vt 0.070579 0.040669
vt 0.067694 0.035007
vt 0.066700 0.028731
vt 0.067694 0.022454
vt 0.070579 0.016792
vt 0.075072 0.012299
vt 0.080734 0.009414
vt 0.087011 0.008420
vt 0.093287 0.009414
vt 0.098949 0.012299
vt 0.103442 0.016792
vt 0.106327 0.022454
vt 0.107321 0.028731
vt 0.105810 0.042390
vt 0.109111 0.035912
vt 0.100670 0.047531
vt 0.094191 0.050831
vt 0.087011 0.051968
vt 0.079830 0.050831
vt 0.073352 0.047531
vt 0.068211 0.042390
vt 0.064910 0.035912
vt 0.063773 0.028731
vt 0.064910 0.021550
vt 0.068211 0.015072
vt 0.073352 0.009931
vt 0.079830 0.006630
vt 0.087011 0.005493
vt 0.094191 0.006630
vt 0.100670 0.009931
vt 0.105810 0.015072
vt 0.109111 0.021550
vt 0.110248 0.028731
vt 0.107716 0.043774
vt 0.111351 0.036639
vt 0.102054 0.049436
vt 0.094919 0.053071
vt 0.087011 0.054323
vt 0.079102 0.053071
vt 0.071968 0.049436
vt 0.066306 0.043774
vt 0.062670 0.036639
vt 0.061418 0.028731
vt 0.062670 0.020822
vt 0.066306 0.013687
vt 0.071968 0.008025
vt 0.079102 0.004390
vt 0.087011 0.003138
vt 0.094919 0.004390
vt 0.102054 0.008025
vt 0.107716 0.013687
vt 0.111351 0.020822
vt 0.112603 0.028731
vt 0.109111 0.044788
vt 0.112991 0.037172
vt 0.103067 0.050831
vt 0.095452 0.054712
vt 0.087011 0.056048
vt 0.078569 0.054712
vt 0.070954 0.050831
vt 0.064910 0.044788
vt 0.061030 0.037172
vt 0.059693 0.028731
vt 0.061030 0.020289
vt 0.064910 0.012674
vt 0.070954 0.006630
vt 0.078569 0.002750
vt 0.087011 0.001413
vt 0.095452 0.002750
vt 0.103067 0.006630
vt 0.109111 0.012674
vt 0.112991 0.020289
vt 0.114328 0.028731
vt 0.109962 0.045406
vt 0.113992 0.037497
vt 0.103686 0.051682
vt 0.095777 0.055712
vt 0.087011 0.057101
vt 0.078244 0.055712
vt 0.070335 0.051682
vt 0.064059 0.045406
vt 0.060029 0.037497
vt 0.058641 0.028731
vt 0.060029 0.019964
vt 0.064059 0.012055
vt 0.070335 0.005779
vt 0.078244 0.001749
vt 0.087011 0.000360
vt 0.095777 0.001749
vt 0.103686 0.005779
vt 0.109962 0.012055
vt 0.113992 0.019964
vt 0.115381 0.028731
vt 0.110248 0.045614
vt 0.114328 0.037607
vt 0.103894 0.051968
vt 0.095886 0.056048
vt 0.087011 0.057454
vt 0.078135 0.056048
vt 0.070127 0.051968
vt 0.063773 0.045614
vt 0.059693 0.037607
vt 0.058287 0.028731
vt 0.059693 0.019855
vt 0.063773 0.011847
vt 0.070127 0.005493
vt 0.078135 0.001413
vt 0.087011 0.000007
vt 0.095886 0.001413
vt 0.103894 0.005493
vt 0.110248 0.011847
vt 0.114328 0.019855
vt 0.115734 0.028731
vt 0.109962 0.045406
vt 0.113992 0.037497
vt 0.103686 0.051682
vt 0.095777 0.055712
vt 0.087011 0.057101
vt 0.078244 0.055712
vt 0.070335 0.051682
vt 0.064059 0.045406
vt 0.060029 0.037497
vt 0.058641 0.028731
vt 0.060029 0.019964
vt 0.064059 0.012055
vt 0.070335 0.005779
vt 0.078244 0.001749
vt 0.087011 0.000360
vt 0.095777 0.001749
vt 0.103686 0.005779
vt 0.109962 0.012055
vt 0.113992 0.019964
vt 0.115381 0.028731
vt 0.109111 0.044788
vt 0.112991 0.037172
vt 0.103067 0.050831
vt 0.095452 0.054712
vt 0.087011 0.056048
vt 0.078569 0.054712
vt 0.070954 0.050831
vt 0.064910 0.044788
vt 0.061030 0.037172
vt 0.059693 0.028731
vt 0.061030 0.020289
vt 0.064910 0.012674
vt 0.070954 0.006630
vt 0.078569 0.002750
vt 0.087011 0.001413
vt 0.095452 0.002750
vt 0.103067 0.006630
vt 0.109111 0.012674
vt 0.112991 0.020289
vt 0.114328 0.028731
vt 0.107716 0.043774
vt 0.111351 0.036639
vt 0.102054 0.049436
vt 0.094919 0.053071
vt 0.087011 0.054323
vt 0.079102 0.053071
vt 0.071968 0.049436
vt 0.066306 0.043774
vt 0.062670 0.036639
vt 0.061418 0.028731
vt 0.062670 0.020822
vt 0.066306 0.013687
vt 0.071968 0.008025
vt 0.079102 0.004390
vt 0.087011 0.003138
vt 0.094919 0.004390
vt 0.102054 0.008025
vt 0.107716 0.013687
vt 0.111351 0.020822
vt 0.112603 0.028731
vt 0.105810 0.042390
vt 0.109111 0.035912
vt 0.100670 0.047531
vt 0.094191 0.050831
vt 0.087011 0.051968
vt 0.079830 0.050831
vt 0.073352 0.047531
vt 0.068211 0.042390
vt 0.064910 0.035912
vt 0.063773 0.028731
vt 0.064910 0.021550
vt 0.068211 0.015072
vt 0.073352 0.009931
vt 0.079830 0.006630
vt 0.087011 0.005493
vt 0.094191 0.006630
vt 0.100670 0.009931
vt 0.105810 0.015072
vt 0.109111 0.021550
vt 0.110248 0.028731
vt 0.103442 0.040669
vt 0.106327 0.035007
vt 0.098949 0.045162
vt 0.093287 0.048047
vt 0.087011 0.049041
vt 0.080734 0.048047
vt 0.075072 0.045162
vt 0.070579 0.040669
vt 0.067694 0.035007
vt 0.066700 0.028731
vt 0.067694 0.022454
vt 0.070579 0.016792
vt 0.075072 0.012299
vt 0.080734 0.009414
vt 0.087011 0.008420
vt 0.093287 0.009414
vt 0.098949 0.012299
vt 0.103442 0.016792
vt 0.106327 0.022454
vt 0.107321 0.028731
vt 0.100670 0.038654
vt 0.103067 0.033948
vt 0.096934 0.042390
vt 0.092228 0.044788
vt 0.087011 0.045614
vt 0.081793 0.044788
vt 0.077087 0.042390
vt 0.073352 0.038654
vt 0.070954 0.033948
vt 0.070127 0.028731
vt 0.070954 0.023513
vt 0.073352 0.018807
vt 0.077087 0.015072
vt 0.081793 0.012674
vt 0.087011 0.011847
vt 0.092228 0.012674
vt 0.096934 0.015072
vt 0.100670 0.018807
vt 0.103067 0.023513
vt 0.103894 0.028731
vt 0.097560 0.036395
vt 0.099412 0.032760
vt 0.094676 0.039280
vt 0.091040 0.041133
vt 0.087011 0.041771
vt 0.082981 0.041133
vt 0.079346 0.039280
vt 0.076461 0.036395
vt 0.074609 0.032760
vt 0.073971 0.028731
vt 0.074609 0.024701
vt 0.076461 0.021066
vt 0.079346 0.018181
vt 0.082981 0.016329
vt 0.087011 0.015690
vt 0.091040 0.016329
vt 0.094676 0.018181
vt 0.097560 0.021066
vt 0.099412 0.024701
vt 0.100051 0.028731
vt 0.094191 0.033948
vt 0.095452 0.031474
vt 0.092228 0.035912
vt 0.089754 0.037172
vt 0.087011 0.037607
vt 0.084268 0.037172
vt 0.081793 0.035912
vt 0.079830 0.033948
vt 0.078569 0.031474
vt 0.078135 0.028731
vt 0.078569 0.025988
vt 0.079830 0.023513
vt 0.081793 0.021550
vt 0.084268 0.020289
vt 0.087011 0.019855
vt 0.089754 0.020289
vt 0.092228 0.021550
vt 0.094191 0.023513
vt 0.095452 0.025988
vt 0.095886 0.028731
vt 0.090646 0.031372
vt 0.091284 0.030119
vt 0.089652 0.032366
vt 0.088399 0.033004
vt 0.087011 0.033224
vt 0.085622 0.033004
vt 0.084370 0.032366
vt 0.083375 0.031372
vt 0.082737 0.030119
vt 0.082517 0.028731
vt 0.082737 0.027342
vt 0.083375 0.026090
vt 0.084370 0.025095
vt 0.085622 0.024457
vt 0.087011 0.024237
vt 0.088399 0.024457
vt 0.089652 0.025095
vt 0.090646 0.026090
vt 0.091284 0.027342
vt 0.091504 0.028731
vt 0.087011 0.028731
vt 0.087011 0.028731
vn 0.190547 0.061912 -0.979724
vn 0.162085 0.117762 -0.979725
vn 0.269870 0.196071 -0.942723
vn 0.317253 0.103081 -0.942722
vn 0.117762 0.162089 -0.979724
vn 0.196067 0.269864 -0.942725
vn 0.061908 0.190540 -0.979725
vn 0.103078 0.317243 -0.942726
vn 0.000000 0.200358 -0.979723
vn -0.000000 0.333565 -0.942727
vn -0.061912 0.190545 -0.979724
vn -0.103080 0.317241 -0.942726
vn -0.117754 0.162088 -0.979725
vn -0.196065 0.269867 -0.942725
vn -0.162088 0.117757 -0.979725
vn -0.269870 0.196067 -0.942724
vn -0.190548 0.061901 -0.979724
vn -0.317248 0.103070 -0.942725
vn -0.200351 -0.000000 -0.979724
vn -0.333572 -0.000000 -0.942725
vn -0.190543 -0.061900 -0.979725
vn -0.317248 -0.103067 -0.942725
vn -0.162086 -0.117753 -0.979726
vn -0.269864 -0.196065 -0.942726
vn -0.117772 -0.162078 -0.979725
vn -0.196070 -0.269862 -0.942726
vn -0.061914 -0.190545 -0.979724
vn -0.103079 -0.317249 -0.942724
vn 0.000000 -0.200351 -0.979724
vn 0.000000 -0.333572 -0.942725
vn 0.061910 -0.190543 -0.979725
vn 0.103075 -0.317251 -0.942724
vn 0.117773 -0.162082 -0.979724
vn 0.196070 -0.269859 -0.942726
vn 0.162079 -0.117759 -0.979726
vn 0.269864 -0.196069 -0.942725
vn 0.190541 -0.061912 -0.979725
vn 0.317250 -0.103078 -0.942723
vn 0.200357 0.000000 -0.979723
vn 0.333571 0.000000 -0.942725
vn 0.380844 0.276684 -0.882272
vn 0.447701 0.145466 -0.882272
vn 0.276699 0.380828 -0.882274
vn 0.145465 0.447695 -0.882275
vn -0.000000 0.470729 -0.882278
vn -0.145465 0.447691 -0.882277
vn -0.276698 0.380831 -0.882273
vn -0.380846 0.276696 -0.882267
vn -0.447703 0.145461 -0.882272
vn -0.470732 -0.000000 -0.882276
vn -0.447706 -0.145462 -0.882270
vn -0.380841 -0.276703 -0.882267
vn -0.276691 -0.380843 -0.882271
vn -0.145466 -0.447704 -0.882270
vn -0.000000 -0.470748 -0.882268
vn 0.145464 -0.447704 -0.882271
vn 0.276691 -0.380836 -0.882273
vn 0.380839 -0.276688 -0.882273
vn 0.447705 -0.145467 -0.882269
vn 0.470744 -0.000000 -0.882270
vn 0.485150 0.352465 -0.800249
vn 0.570320 0.185308 -0.800247
vn 0.352483 0.485142 -0.800246
vn 0.185302 0.570327 -0.800244
vn 0.000000 0.599675 -0.800244
vn -0.185311 0.570322 -0.800245
vn -0.352481 0.485137 -0.800250
vn -0.485146 0.352476 -0.800246
vn -0.570324 0.185316 -0.800243
vn -0.599679 -0.000000 -0.800241
vn -0.570333 -0.185313 -0.800237
vn -0.485153 -0.352485 -0.800238
vn -0.352475 -0.485148 -0.800246
vn -0.185310 -0.570323 -0.800245
vn -0.000000 -0.599673 -0.800245
vn 0.185306 -0.570330 -0.800241
vn 0.352475 -0.485157 -0.800240
vn 0.485158 -0.352474 -0.800240
vn 0.570329 -0.185306 -0.800242
vn 0.599673 -0.000000 -0.800245
vn 0.578714 0.420449 -0.698794
vn 0.680317 0.221042 -0.698791
vn 0.420457 0.578715 -0.698788
vn 0.221049 0.680324 -0.698782
vn -0.000000 0.715334 -0.698783
vn -0.221046 0.680322 -0.698785
vn -0.420460 0.578710 -0.698791
vn -0.578703 0.420452 -0.698801
vn -0.680309 0.221044 -0.698798
vn -0.715325 -0.000000 -0.698792
vn -0.680313 -0.221046 -0.698794
vn -0.578709 -0.420453 -0.698796
vn -0.420458 -0.578711 -0.698791
vn -0.221046 -0.680316 -0.698791
vn 0.000000 -0.715324 -0.698793
vn 0.221044 -0.680321 -0.698787
vn 0.420450 -0.578721 -0.698787
vn 0.578722 -0.420451 -0.698786
vn 0.680321 -0.221044 -0.698787
vn 0.715328 0.000000 -0.698789
vn 0.658822 0.478654 -0.580383
vn 0.774485 0.251646 -0.580385
vn 0.478660 0.658814 -0.580387
vn 0.251636 0.774483 -0.580392
vn -0.000000 0.814335 -0.580396
vn -0.251647 0.774481 -0.580391
vn -0.478655 0.658818 -0.580387
vn -0.658810 0.478659 -0.580392
vn -0.774477 0.251643 -0.580398
vn -0.814332 -0.000000 -0.580399
vn -0.774473 -0.251638 -0.580405
vn -0.658805 -0.478653 -0.580402
vn -0.478648 -0.658818 -0.580392
vn -0.251650 -0.774483 -0.580387
vn -0.000000 -0.814339 -0.580389
vn 0.251641 -0.774481 -0.580393
vn 0.478649 -0.658814 -0.580396
vn 0.658815 -0.478647 -0.580396
vn 0.774481 -0.251640 -0.580393
vn 0.814338 -0.000000 -0.580391
vn 0.723304 0.525496 -0.447980
vn 0.850281 0.276271 -0.447992
vn 0.525516 0.723289 -0.447981
vn 0.276270 0.850281 -0.447993
vn 0.000000 0.894036 -0.447995
vn -0.276270 0.850278 -0.447998
vn -0.525502 0.723291 -0.447993
vn -0.723298 0.525502 -0.447982
vn -0.850289 0.276272 -0.447976
vn -0.894045 -0.000000 -0.447977
vn -0.850288 -0.276271 -0.447979
vn -0.723288 -0.525513 -0.447985
vn -0.525496 -0.723298 -0.447989
vn -0.276272 -0.850280 -0.447993
vn -0.000000 -0.894037 -0.447994
vn 0.276271 -0.850280 -0.447993
vn 0.525508 -0.723294 -0.447981
vn 0.723293 -0.525508 -0.447984
vn 0.850278 -0.276270 -0.447997
vn 0.894036 -0.000000 -0.447996
vn 0.770521 0.559815 -0.304803
vn 0.905799 0.294310 -0.304811
vn 0.559821 0.770522 -0.304788
vn 0.294314 0.905806 -0.304785
vn 0.000000 0.952418 -0.304795
vn -0.294312 0.905804 -0.304795
vn -0.559819 0.770523 -0.304791
vn -0.770525 0.559813 -0.304796
vn -0.905807 0.294307 -0.304789
vn -0.952424 -0.000000 -0.304777
vn -0.905809 -0.294313 -0.304778
vn -0.770524 -0.559820 -0.304787
vn -0.559816 -0.770526 -0.304788
vn -0.294313 -0.905806 -0.304789
vn -0.000000 -0.952419 -0.304793
vn 0.294314 -0.905806 -0.304786
vn 0.559819 -0.770526 -0.304782
vn 0.770520 -0.559822 -0.304791
vn 0.905800 -0.294315 -0.304802
vn 0.952413 0.000000 -0.304811
vn 0.799331 0.580754 -0.154258
vn 0.939669 0.305325 -0.154269
vn 0.580747 0.799338 -0.154247
vn 0.305320 0.939676 -0.154240
vn 0.000000 0.988033 -0.154242
vn -0.305326 0.939673 -0.154241
vn -0.580740 0.799343 -0.154246
vn -0.799335 0.580747 -0.154259
vn -0.939675 0.305311 -0.154260
vn -0.988031 -0.000000 -0.154255
vn -0.939677 -0.305309 -0.154251
vn -0.799334 -0.580750 -0.154253
vn -0.580740 -0.799342 -0.154252
vn -0.305325 -0.939674 -0.154239
vn 0.000000 -0.988035 -0.154233
vn 0.305319 -0.939677 -0.154234
vn 0.580748 -0.799337 -0.154244
vn 0.799333 -0.580755 -0.154243
vn 0.939674 -0.305322 -0.154241
vn 0.988030 -0.000005 -0.154264
vn 0.809014 0.587789 -0.000000
vn 0.951055 0.309023 0.000000
vn 0.587776 0.809024 0.000000
vn 0.309018 0.951056 0.000000
vn -0.000000 1.000000 0.000000
vn -0.309021 0.951055 0.000000
vn -0.587780 0.809021 0.000000
vn -0.809019 0.587783 0.000000
vn -0.951060 0.309005 0.000000
vn -1.000000 0.000000 0.000000
vn -0.951060 -0.309006 -0.000000
vn -0.809020 -0.587782 -0.000000
vn -0.587780 -0.809021 0.000000
vn -0.309019 -0.951056 0.000000
vn 0.000000 -1.000000 0.000000
vn 0.309016 -0.951057 0.000000
vn 0.587775 -0.809025 0.000000
vn 0.809019 -0.587782 0.000000
vn 0.951053 -0.309027 0.000000
vn 1.000000 -0.000009 0.000000
vn 0.799331 0.580755 0.154253
vn 0.939670 0.305325 0.154264
vn 0.580748 0.799338 0.154241
vn 0.305320 0.939676 0.154235
vn -0.000000 0.988034 0.154236
vn -0.305326 0.939674 0.154236
vn -0.580741 0.799344 0.154241
vn -0.799336 0.580748 0.154254
vn -0.939676 0.305311 0.154255
vn -0.988032 0.000000 0.154250
vn -0.939678 -0.305309 0.154246
vn -0.799335 -0.580751 0.154248
vn -0.580740 -0.799343 0.154247
vn -0.305325 -0.939675 0.154233
vn 0.000000 -0.988035 0.154228
vn 0.305319 -0.939678 0.154229
vn 0.580748 -0.799338 0.154239
vn 0.799333 -0.580755 0.154238
vn 0.939675 -0.305322 0.154237
vn 0.988030 -0.000005 0.154259
vn 0.770521 0.559815 0.304802
vn 0.905800 0.294309 0.304810
vn 0.559821 0.770522 0.304788
vn 0.294314 0.905806 0.304786
vn -0.000000 0.952418 0.304795
vn -0.294312 0.905804 0.304795
vn -0.559819 0.770523 0.304791
vn -0.770526 0.559813 0.304795
vn -0.905807 0.294307 0.304789
vn -0.952424 -0.000000 0.304777
vn -0.905809 -0.294313 0.304779
vn -0.770524 -0.559820 0.304788
vn -0.559816 -0.770526 0.304788
vn -0.294313 -0.905806 0.304789
vn 0.000000 -0.952419 0.304793
vn 0.294314 -0.905806 0.304786
vn 0.559819 -0.770526 0.304782
vn 0.770521 -0.559822 0.304790
vn 0.905801 -0.294315 0.304802
vn 0.952413 -0.000000 0.304810
vn 0.723298 0.525492 0.447993
vn 0.850275 0.276268 0.448005
vn 0.525511 0.723283 0.447994
vn 0.276267 0.850274 0.448006
vn -0.000000 0.894029 0.448008
vn -0.276267 0.850272 0.448011
vn -0.525498 0.723286 0.448005
vn -0.723294 0.525498 0.447993
vn -0.850283 0.276270 0.447989
vn -0.894038 0.000000 0.447991
vn -0.850281 -0.276269 0.447994
vn -0.723282 -0.525509 0.448001
vn -0.525491 -0.723293 0.448003
vn -0.276269 -0.850274 0.448007
vn -0.000000 -0.894030 0.448007
vn 0.276268 -0.850274 0.448007
vn 0.525503 -0.723289 0.447995
vn 0.723287 -0.525504 0.447997
vn 0.850273 -0.276268 0.448008
vn 0.894030 -0.000000 0.448008
vn 0.658819 0.478652 0.580388
vn 0.774482 0.251644 0.580391
vn 0.478657 0.658813 0.580390
vn 0.251635 0.774480 0.580397
vn -0.000000 0.814331 0.580401
vn -0.251645 0.774478 0.580396
vn -0.478653 0.658816 0.580390
vn -0.658809 0.478658 0.580394
vn -0.774474 0.251642 0.580402
vn -0.814328 0.000000 0.580405
vn -0.774469 -0.251636 0.580411
vn -0.658802 -0.478652 0.580408
vn -0.478646 -0.658816 0.580397
vn -0.251648 -0.774480 0.580392
vn 0.000000 -0.814336 0.580394
vn 0.251639 -0.774478 0.580398
vn 0.478646 -0.658812 0.580400
vn 0.658811 -0.478646 0.580402
vn 0.774477 -0.251639 0.580399
vn 0.814335 -0.000000 0.580395
vn 0.578721 0.420453 0.698785
vn 0.680324 0.221045 0.698783
vn 0.420462 0.578721 0.698780
vn 0.221051 0.680330 0.698775
vn 0.000000 0.715340 0.698777
vn -0.221048 0.680328 0.698778
vn -0.420466 0.578715 0.698783
vn -0.578708 0.420456 0.698795
vn -0.680314 0.221046 0.698793
vn -0.715331 0.000000 0.698786
vn -0.680319 -0.221048 0.698788
vn -0.578715 -0.420457 0.698788
vn -0.420462 -0.578716 0.698784
vn -0.221047 -0.680322 0.698785
vn 0.000000 -0.715330 0.698787
vn 0.221046 -0.680326 0.698781
vn 0.420454 -0.578726 0.698781
vn 0.578724 -0.420454 0.698782
vn 0.680324 -0.221045 0.698783
vn 0.715334 -0.000000 0.698783
vn 0.485144 0.352459 0.800255
vn 0.570313 0.185306 0.800253
vn 0.352477 0.485135 0.800252
vn 0.185299 0.570319 0.800250
vn 0.000000 0.599666 0.800251
vn -0.185307 0.570313 0.800253
vn -0.352476 0.485129 0.800257
vn -0.485137 0.352469 0.800254
vn -0.570314 0.185313 0.800251
vn -0.599670 0.000000 0.800247
vn -0.570324 -0.185311 0.800244
vn -0.485145 -0.352479 0.800246
vn -0.352469 -0.485140 0.800253
vn -0.185307 -0.570314 0.800252
vn 0.000000 -0.599663 0.800252
vn 0.185303 -0.570320 0.800249
vn 0.352469 -0.485148 0.800249
vn 0.485147 -0.352467 0.800249
vn 0.570318 -0.185302 0.800250
vn 0.599664 -0.000000 0.800252
vn 0.380873 0.276704 0.882253
vn 0.447738 0.145477 0.882251
vn 0.276720 0.380858 0.882254
vn 0.145476 0.447732 0.882254
vn 0.000000 0.470768 0.882257
vn -0.145476 0.447728 0.882256
vn -0.276720 0.380864 0.882252
vn -0.380876 0.276718 0.882248
vn -0.447738 0.145472 0.882252
vn -0.470771 0.000000 0.882256
vn -0.447740 -0.145473 0.882251
vn -0.380868 -0.276722 0.882250
vn -0.276712 -0.380873 0.882251
vn -0.145480 -0.447741 0.882249
vn -0.000000 -0.470784 0.882248
vn 0.145476 -0.447739 0.882251
vn 0.276711 -0.380867 0.882254
vn 0.380865 -0.276710 0.882254
vn 0.447737 -0.145478 0.882252
vn 0.470782 0.000000 0.882250
vn 0.269868 0.196071 0.942723
vn 0.317251 0.103081 0.942723
vn 0.196066 0.269864 0.942725
vn 0.103077 0.317243 0.942726
vn 0.000000 0.333567 0.942727
vn -0.103081 0.317243 0.942725
vn -0.196068 0.269870 0.942723
vn -0.269872 0.196069 0.942723
vn -0.317247 0.103070 0.942725
vn -0.333570 0.000000 0.942725
vn -0.317243 -0.103066 0.942727
vn -0.269858 -0.196062 0.942728
vn -0.196069 -0.269860 0.942726
vn -0.103082 -0.317249 0.942723
vn 0.000000 -0.333571 0.942725
vn 0.103074 -0.317248 0.942725
vn 0.196066 -0.269855 0.942728
vn 0.269857 -0.196065 0.942728
vn 0.317246 -0.103076 0.942725
vn 0.333571 0.000000 0.942725
vn 0.162084 0.117762 0.979725
vn 0.190545 0.061912 0.979724
vn 0.117757 0.162089 0.979725
vn 0.061905 0.190540 0.979726
vn 0.000000 0.200356 0.979723
vn -0.061909 0.190542 0.979725
vn -0.117756 0.162087 0.979725
vn -0.162093 0.117757 0.979724
vn -0.190548 0.061900 0.979724
vn -0.200351 0.000000 0.979724
vn -0.190546 -0.061901 0.979725
vn -0.162086 -0.117754 0.979726
vn -0.117772 -0.162077 0.979725
vn -0.061914 -0.190544 0.979724
vn 0.000000 -0.200350 0.979724
vn 0.061907 -0.190542 0.979725
vn 0.117772 -0.162079 0.979724
vn 0.162078 -0.117756 0.979727
vn 0.190542 -0.061911 0.979725
vn 0.200357 0.000000 0.979723
vn -0.000001 -0.000000 -1.000000
vn -0.000001 -0.000000 1.000000
s 1
g LeftEyeMesh
usemtl lambert2SG
f 3056/3251/3053 3055/3252/3054 3054/3253/3055 3053/3254/3056
f 3055/3252/3054 3058/3255/3057 3057/3256/3058 3054/3253/3055
f 3058/3255/3057 3060/3257/3059 3059/3258/3060 3057/3256/3058
f 3060/3257/3059 3062/3259/3061 3061/3260/3062 3059/3258/3060
f 3062/3259/3061 3064/3261/3063 3063/3262/3064 3061/3260/3062
f 3064/3261/3063 3066/3263/3065 3065/3264/3066 3063/3262/3064
f 3066/3263/3065 3068/3265/3067 3067/3266/3068 3065/3264/3066
f 3068/3265/3067 3070/3267/3069 3069/3268/3070 3067/3266/3068
f 3070/3267/3069 3072/3269/3071 3071/3270/3072 3069/3268/3070
f 3072/3269/3071 3074/3271/3073 3073/3272/3074 3071/3270/3072
f 3074/3271/3073 3076/3273/3075 3075/3274/3076 3073/3272/3074
f 3076/3273/3075 3078/3275/3077 3077/3276/3078 3075/3274/3076
f 3078/3275/3077 3080/3277/3079 3079/3278/3080 3077/3276/3078
f 3080/3277/3079 3082/3279/3081 3081/3280/3082 3079/3278/3080
f 3082/3279/3081 3084/3281/3083 3083/3282/3084 3081/3280/3082
f 3084/3281/3083 3086/3283/3085 3085/3284/3086 3083/3282/3084
f 3086/3283/3085 3088/3285/3087 3087/3286/3088 3085/3284/3086
f 3088/3285/3087 3090/3287/3089 3089/3288/3090 3087/3286/3088
f 3090/3287/3089 3092/3289/3091 3091/3290/3092 3089/3288/3090
f 3092/3289/3091 3056/3251/3053 3053/3254/3056 3091/3290/3092
f 3053/3254/3056 3054/3253/3055 3094/3291/3093 3093/3292/3094
f 3054/3253/3055 3057/3256/3058 3095/3293/3095 3094/3291/3093
f 3057/3256/3058 3059/3258/3060 3096/3294/3096 3095/3293/3095
f 3059/3258/3060 3061/3260/3062 3097/3295/3097 3096/3294/3096
f 3061/3260/3062 3063/3262/3064 3098/3296/3098 3097/3295/3097
f 3063/3262/3064 3065/3264/3066 3099/3297/3099 3098/3296/3098
f 3065/3264/3066 3067/3266/3068 3100/3298/3100 3099/3297/3099
f 3067/3266/3068 3069/3268/3070 3101/3299/3101 3100/3298/3100
f 3069/3268/3070 3071/3270/3072 3102/3300/3102 3101/3299/3101
f 3071/3270/3072 3073/3272/3074 3103/3301/3103 3102/3300/3102
f 3073/3272/3074 3075/3274/3076 3104/3302/3104 3103/3301/3103
f 3075/3274/3076 3077/3276/3078 3105/3303/3105 3104/3302/3104
f 3077/3276/3078 3079/3278/3080 3106/3304/3106 3105/3303/3105
f 3079/3278/3080 3081/3280/3082 3107/3305/3107 3106/3304/3106
f 3081/3280/3082 3083/3282/3084 3108/3306/3108 3107/3305/3107
f 3083/3282/3084 3085/3284/3086 3109/3307/3109 3108/3306/3108
f 3085/3284/3086 3087/3286/3088 3110/3308/3110 3109/3307/3109
f 3087/3286/3088 3089/3288/3090 3111/3309/3111 3110/3308/3110
f 3089/3288/3090 3091/3290/3092 3112/3310/3112 3111/3309/3111
f 3091/3290/3092 3053/3254/3056 3093/3292/3094 3112/3310/3112
f 3093/3292/3094 3094/3291/3093 3114/3311/3113 3113/3312/3114
f 3094/3291/3093 3095/3293/3095 3115/3313/3115 3114/3311/3113
f 3095/3293/3095 3096/3294/3096 3116/3314/3116 3115/3313/3115
f 3096/3294/3096 3097/3295/3097 3117/3315/3117 3116/3314/3116
f 3097/3295/3097 3098/3296/3098 3118/3316/3118 3117/3315/3117
f 3098/3296/3098 3099/3297/3099 3119/3317/3119 3118/3316/3118
f 3099/3297/3099 3100/3298/3100 3120/3318/3120 3119/3317/3119
f 3100/3298/3100 3101/3299/3101 3121/3319/3121 3120/3318/3120
f 3101/3299/3101 3102/3300/3102 3122/3320/3122 3121/3319/3121
f 3102/3300/3102 3103/3301/3103 3123/3321/3123 3122/3320/3122
f 3103/3301/3103 3104/3302/3104 3124/3322/3124 3123/3321/3123
f 3104/3302/3104 3105/3303/3105 3125/3323/3125 3124/3322/3124
f 3105/3303/3105 3106/3304/3106 3126/3324/3126 3125/3323/3125
f 3106/3304/3106 3107/3305/3107 3127/3325/3127 3126/3324/3126
f 3107/3305/3107 3108/3306/3108 3128/3326/3128 3127/3325/3127
f 3108/3306/3108 3109/3307/3109 3129/3327/3129 3128/3326/3128
f 3109/3307/3109 3110/3308/3110 3130/3328/3130 3129/3327/3129
f 3110/3308/3110 3111/3309/3111 3131/3329/3131 3130/3328/3130
f 3111/3309/3111 3112/3310/3112 3132/3330/3132 3131/3329/3131
f 3112/3310/3112 3093/3292/3094 3113/3312/3114 3132/3330/3132
f 3113/3312/3114 3114/3311/3113 3134/3331/3133 3133/3332/3134
f 3114/3311/3113 3115/3313/3115 3135/3333/3135 3134/3331/3133
f 3115/3313/3115 3116/3314/3116 3136/3334/3136 3135/3333/3135
f 3116/3314/3116 3117/3315/3117 3137/3335/3137 3136/3334/3136
f 3117/3315/3117 3118/3316/3118 3138/3336/3138 3137/3335/3137
f 3118/3316/3118 3119/3317/3119 3139/3337/3139 3138/3336/3138
f 3119/3317/3119 3120/3318/3120 3140/3338/3140 3139/3337/3139
f 3120/3318/3120 3121/3319/3121 3141/3339/3141 3140/3338/3140
f 3121/3319/3121 3122/3320/3122 3142/3340/3142 3141/3339/3141
f 3122/3320/3122 3123/3321/3123 3143/3341/3143 3142/3340/3142
f 3123/3321/3123 3124/3322/3124 3144/3342/3144 3143/3341/3143
f 3124/3322/3124 3125/3323/3125 3145/3343/3145 3144/3342/3144
f 3125/3323/3125 3126/3324/3126 3146/3344/3146 3145/3343/3145
f 3126/3324/3126 3127/3325/3127 3147/3345/3147 3146/3344/3146
f 3127/3325/3127 3128/3326/3128 3148/3346/3148 3147/3345/3147
f 3128/3326/3128 3129/3327/3129 3149/3347/3149 3148/3346/3148
f 3129/3327/3129 3130/3328/3130 3150/3348/3150 3149/3347/3149
f 3130/3328/3130 3131/3329/3131 3151/3349/3151 3150/3348/3150
f 3131/3329/3131 3132/3330/3132 3152/3350/3152 3151/3349/3151
f 3132/3330/3132 3113/3312/3114 3133/3332/3134 3152/3350/3152
f 3133/3332/3134 3134/3331/3133 3154/3351/3153 3153/3352/3154
f 3134/3331/3133 3135/3333/3135 3155/3353/3155 3154/3351/3153
f 3135/3333/3135 3136/3334/3136 3156/3354/3156 3155/3353/3155
f 3136/3334/3136 3137/3335/3137 3157/3355/3157 3156/3354/3156
f 3137/3335/3137 3138/3336/3138 3158/3356/3158 3157/3355/3157
f 3138/3336/3138 3139/3337/3139 3159/3357/3159 3158/3356/3158
f 3139/3337/3139 3140/3338/3140 3160/3358/3160 3159/3357/3159
f 3140/3338/3140 3141/3339/3141 3161/3359/3161 3160/3358/3160
f 3141/3339/3141 3142/3340/3142 3162/3360/3162 3161/3359/3161
f 3142/3340/3142 3143/3341/3143 3163/3361/3163 3162/3360/3162
f 3143/3341/3143 3144/3342/3144 3164/3362/3164 3163/3361/3163
f 3144/3342/3144 3145/3343/3145 3165/3363/3165 3164/3362/3164
f 3145/3343/3145 3146/3344/3146 3166/3364/3166 3165/3363/3165
f 3146/3344/3146 3147/3345/3147 3167/3365/3167 3166/3364/3166
f 3147/3345/3147 3148/3346/3148 3168/3366/3168 3167/3365/3167
f 3148/3346/3148 3149/3347/3149 3169/3367/3169 3168/3366/3168
f 3149/3347/3149 3150/3348/3150 3170/3368/3170 3169/3367/3169
f 3150/3348/3150 3151/3349/3151 3171/3369/3171 3170/3368/3170
f 3151/3349/3151 3152/3350/3152 3172/3370/3172 3171/3369/3171
f 3152/3350/3152 3133/3332/3134 3153/3352/3154 3172/3370/3172
f 3153/3352/3154 3154/3351/3153 3174/3371/3173 3173/3372/3174
f 3154/3351/3153 3155/3353/3155 3175/3373/3175 3174/3371/3173
f 3155/3353/3155 3156/3354/3156 3176/3374/3176 3175/3373/3175
f 3156/3354/3156 3157/3355/3157 3177/3375/3177 3176/3374/3176
f 3157/3355/3157 3158/3356/3158 3178/3376/3178 3177/3375/3177
f 3158/3356/3158 3159/3357/3159 3179/3377/3179 3178/3376/3178
f 3159/3357/3159 3160/3358/3160 3180/3378/3180 3179/3377/3179
f 3160/3358/3160 3161/3359/3161 3181/3379/3181 3180/3378/3180
f 3161/3359/3161 3162/3360/3162 3182/3380/3182 3181/3379/3181
f 3162/3360/3162 3163/3361/3163 3183/3381/3183 3182/3380/3182
f 3163/3361/3163 3164/3362/3164 3184/3382/3184 3183/3381/3183
f 3164/3362/3164 3165/3363/3165 3185/3383/3185 3184/3382/3184
f 3165/3363/3165 3166/3364/3166 3186/3384/3186 3185/3383/3185
f 3166/3364/3166 3167/3365/3167 3187/3385/3187 3186/3384/3186
f 3167/3365/3167 3168/3366/3168 3188/3386/3188 3187/3385/3187
f 3168/3366/3168 3169/3367/3169 3189/3387/3189 3188/3386/3188
f 3169/3367/3169 3170/3368/3170 3190/3388/3190 3189/3387/3189
f 3170/3368/3170 3171/3369/3171 3191/3389/3191 3190/3388/3190
f 3171/3369/3171 3172/3370/3172 3192/3390/3192 3191/3389/3191
f 3172/3370/3172 3153/3352/3154 3173/3372/3174 3192/3390/3192
f 3173/3372/3174 3174/3371/3173 3194/3391/3193 3193/3392/3194
f 3174/3371/3173 3175/3373/3175 3195/3393/3195 3194/3391/3193
f 3175/3373/3175 3176/3374/3176 3196/3394/3196 3195/3393/3195
f 3176/3374/3176 3177/3375/3177 3197/3395/3197 3196/3394/3196
f 3177/3375/3177 3178/3376/3178 3198/3396/3198 3197/3395/3197
f 3178/3376/3178 3179/3377/3179 3199/3397/3199 3198/3396/3198
f 3179/3377/3179 3180/3378/3180 3200/3398/3200 3199/3397/3199
f 3180/3378/3180 3181/3379/3181 3201/3399/3201 3200/3398/3200
f 3181/3379/3181 3182/3380/3182 3202/3400/3202 3201/3399/3201
f 3182/3380/3182 3183/3381/3183 3203/3401/3203 3202/3400/3202
f 3183/3381/3183 3184/3382/3184 3204/3402/3204 3203/3401/3203
f 3184/3382/3184 3185/3383/3185 3205/3403/3205 3204/3402/3204
f 3185/3383/3185 3186/3384/3186 3206/3404/3206 3205/3403/3205
f 3186/3384/3186 3187/3385/3187 3207/3405/3207 3206/3404/3206
f 3187/3385/3187 3188/3386/3188 3208/3406/3208 3207/3405/3207
f 3188/3386/3188 3189/3387/3189 3209/3407/3209 3208/3406/3208
f 3189/3387/3189 3190/3388/3190 3210/3408/3210 3209/3407/3209
f 3190/3388/3190 3191/3389/3191 3211/3409/3211 3210/3408/3210
f 3191/3389/3191 3192/3390/3192 3212/3410/3212 3211/3409/3211
f 3192/3390/3192 3173/3372/3174 3193/3392/3194 3212/3410/3212
f 3193/3392/3194 3194/3391/3193 3214/3411/3213 3213/3412/3214
f 3194/3391/3193 3195/3393/3195 3215/3413/3215 3214/3411/3213
f 3195/3393/3195 3196/3394/3196 3216/3414/3216 3215/3413/3215
f 3196/3394/3196 3197/3395/3197 3217/3415/3217 3216/3414/3216
f 3197/3395/3197 3198/3396/3198 3218/3416/3218 3217/3415/3217
f 3198/3396/3198 3199/3397/3199 3219/3417/3219 3218/3416/3218
f 3199/3397/3199 3200/3398/3200 3220/3418/3220 3219/3417/3219
f 3200/3398/3200 3201/3399/3201 3221/3419/3221 3220/3418/3220
f 3201/3399/3201 3202/3400/3202 3222/3420/3222 3221/3419/3221
f 3202/3400/3202 3203/3401/3203 3223/3421/3223 3222/3420/3222
f 3203/3401/3203 3204/3402/3204 3224/3422/3224 3223/3421/3223
f 3204/3402/3204 3205/3403/3205 3225/3423/3225 3224/3422/3224
f 3205/3403/3205 3206/3404/3206 3226/3424/3226 3225/3423/3225
f 3206/3404/3206 3207/3405/3207 3227/3425/3227 3226/3424/3226
f 3207/3405/3207 3208/3406/3208 3228/3426/3228 3227/3425/3227
f 3208/3406/3208 3209/3407/3209 3229/3427/3229 3228/3426/3228
f 3209/3407/3209 3210/3408/3210 3230/3428/3230 3229/3427/3229
f 3210/3408/3210 3211/3409/3211 3231/3429/3231 3230/3428/3230
f 3211/3409/3211 3212/3410/3212 3232/3430/3232 3231/3429/3231
f 3212/3410/3212 3193/3392/3194 3213/3412/3214 3232/3430/3232
f 3213/3412/3214 3214/3411/3213 3234/3431/3233 3233/3432/3234
f 3214/3411/3213 3215/3413/3215 3235/3433/3235 3234/3431/3233
f 3215/3413/3215 3216/3414/3216 3236/3434/3236 3235/3433/3235
f 3216/3414/3216 3217/3415/3217 3237/3435/3237 3236/3434/3236
f 3217/3415/3217 3218/3416/3218 3238/3436/3238 3237/3435/3237
f 3218/3416/3218 3219/3417/3219 3239/3437/3239 3238/3436/3238
f 3219/3417/3219 3220/3418/3220 3240/3438/3240 3239/3437/3239
f 3220/3418/3220 3221/3419/3221 3241/3439/3241 3240/3438/3240
f 3221/3419/3221 3222/3420/3222 3242/3440/3242 3241/3439/3241
f 3222/3420/3222 3223/3421/3223 3243/3441/3243 3242/3440/3242
f 3223/3421/3223 3224/3422/3224 3244/3442/3244 3243/3441/3243
f 3224/3422/3224 3225/3423/3225 3245/3443/3245 3244/3442/3244
f 3225/3423/3225 3226/3424/3226 3246/3444/3246 3245/3443/3245
f 3226/3424/3226 3227/3425/3227 3247/3445/3247 3246/3444/3246
f 3227/3425/3227 3228/3426/3228 3248/3446/3248 3247/3445/3247
f 3228/3426/3228 3229/3427/3229 3249/3447/3249 3248/3446/3248
f 3229/3427/3229 3230/3428/3230 3250/3448/3250 3249/3447/3249
f 3230/3428/3230 3231/3429/3231 3251/3449/3251 3250/3448/3250
f 3231/3429/3231 3232/3430/3232 3252/3450/3252 3251/3449/3251
f 3232/3430/3232 3213/3412/3214 3233/3432/3234 3252/3450/3252
f 3233/3432/3234 3234/3431/3233 3254/3451/3253 3253/3452/3254
f 3234/3431/3233 3235/3433/3235 3255/3453/3255 3254/3451/3253
f 3235/3433/3235 3236/3434/3236 3256/3454/3256 3255/3453/3255
f 3236/3434/3236 3237/3435/3237 3257/3455/3257 3256/3454/3256
f 3237/3435/3237 3238/3436/3238 3258/3456/3258 3257/3455/3257
f 3238/3436/3238 3239/3437/3239 3259/3457/3259 3258/3456/3258
f 3239/3437/3239 3240/3438/3240 3260/3458/3260 3259/3457/3259
f 3240/3438/3240 3241/3439/3241 3261/3459/3261 3260/3458/3260
f 3241/3439/3241 3242/3440/3242 3262/3460/3262 3261/3459/3261
f 3242/3440/3242 3243/3441/3243 3263/3461/3263 3262/3460/3262
f 3243/3441/3243 3244/3442/3244 3264/3462/3264 3263/3461/3263
f 3244/3442/3244 3245/3443/3245 3265/3463/3265 3264/3462/3264
f 3245/3443/3245 3246/3444/3246 3266/3464/3266 3265/3463/3265
f 3246/3444/3246 3247/3445/3247 3267/3465/3267 3266/3464/3266
f 3247/3445/3247 3248/3446/3248 3268/3466/3268 3267/3465/3267
f 3248/3446/3248 3249/3447/3249 3269/3467/3269 3268/3466/3268
f 3249/3447/3249 3250/3448/3250 3270/3468/3270 3269/3467/3269
f 3250/3448/3250 3251/3449/3251 3271/3469/3271 3270/3468/3270
f 3251/3449/3251 3252/3450/3252 3272/3470/3272 3271/3469/3271
f 3252/3450/3252 3233/3432/3234 3253/3452/3254 3272/3470/3272
f 3253/3452/3254 3254/3451/3253 3274/3471/3273 3273/3472/3274
f 3254/3451/3253 3255/3453/3255 3275/3473/3275 3274/3471/3273
f 3255/3453/3255 3256/3454/3256 3276/3474/3276 3275/3473/3275
f 3256/3454/3256 3257/3455/3257 3277/3475/3277 3276/3474/3276
f 3257/3455/3257 3258/3456/3258 3278/3476/3278 3277/3475/3277
f 3258/3456/3258 3259/3457/3259 3279/3477/3279 3278/3476/3278
f 3259/3457/3259 3260/3458/3260 3280/3478/3280 3279/3477/3279
f 3260/3458/3260 3261/3459/3261 3281/3479/3281 3280/3478/3280
f 3261/3459/3261 3262/3460/3262 3282/3480/3282 3281/3479/3281
f 3262/3460/3262 3263/3461/3263 3283/3481/3283 3282/3480/3282
f 3263/3461/3263 3264/3462/3264 3284/3482/3284 3283/3481/3283
f 3264/3462/3264 3265/3463/3265 3285/3483/3285 3284/3482/3284
f 3265/3463/3265 3266/3464/3266 3286/3484/3286 3285/3483/3285
f 3266/3464/3266 3267/3465/3267 3287/3485/3287 3286/3484/3286
f 3267/3465/3267 3268/3466/3268 3288/3486/3288 3287/3485/3287
f 3268/3466/3268 3269/3467/3269 3289/3487/3289 3288/3486/3288
f 3269/3467/3269 3270/3468/3270 3290/3488/3290 3289/3487/3289
f 3270/3468/3270 3271/3469/3271 3291/3489/3291 3290/3488/3290
f 3271/3469/3271 3272/3470/3272 3292/3490/3292 3291/3489/3291
f 3272/3470/3272 3253/3452/3254 3273/3472/3274 3292/3490/3292
f 3273/3472/3274 3274/3471/3273 3294/3491/3293 3293/3492/3294
f 3274/3471/3273 3275/3473/3275 3295/3493/3295 3294/3491/3293
f 3275/3473/3275 3276/3474/3276 3296/3494/3296 3295/3493/3295
f 3276/3474/3276 3277/3475/3277 3297/3495/3297 3296/3494/3296
f 3277/3475/3277 3278/3476/3278 3298/3496/3298 3297/3495/3297
f 3278/3476/3278 3279/3477/3279 3299/3497/3299 3298/3496/3298
f 3279/3477/3279 3280/3478/3280 3300/3498/3300 3299/3497/3299
f 3280/3478/3280 3281/3479/3281 3301/3499/3301 3300/3498/3300
f 3281/3479/3281 3282/3480/3282 3302/3500/3302 3301/3499/3301
f 3282/3480/3282 3283/3481/3283 3303/3501/3303 3302/3500/3302
f 3283/3481/3283 3284/3482/3284 3304/3502/3304 3303/3501/3303
f 3284/3482/3284 3285/3483/3285 3305/3503/3305 3304/3502/3304
f 3285/3483/3285 3286/3484/3286 3306/3504/3306 3305/3503/3305
f 3286/3484/3286 3287/3485/3287 3307/3505/3307 3306/3504/3306
f 3287/3485/3287 3288/3486/3288 3308/3506/3308 3307/3505/3307
f 3288/3486/3288 3289/3487/3289 3309/3507/3309 3308/3506/3308
f 3289/3487/3289 3290/3488/3290 3310/3508/3310 3309/3507/3309
f 3290/3488/3290 3291/3489/3291 3311/3509/3311 3310/3508/3310
f 3291/3489/3291 3292/3490/3292 3312/3510/3312 3311/3509/3311
f 3292/3490/3292 3273/3472/3274 3293/3492/3294 3312/3510/3312
f 3293/3492/3294 3294/3491/3293 3314/3511/3313 3313/3512/3314
f 3294/3491/3293 3295/3493/3295 3315/3513/3315 3314/3511/3313
f 3295/3493/3295 3296/3494/3296 3316/3514/3316 3315/3513/3315
f 3296/3494/3296 3297/3495/3297 3317/3515/3317 3316/3514/3316
f 3297/3495/3297 3298/3496/3298 3318/3516/3318 3317/3515/3317
f 3298/3496/3298 3299/3497/3299 3319/3517/3319 3318/3516/3318
f 3299/3497/3299 3300/3498/3300 3320/3518/3320 3319/3517/3319
f 3300/3498/3300 3301/3499/3301 3321/3519/3321 3320/3518/3320
f 3301/3499/3301 3302/3500/3302 3322/3520/3322 3321/3519/3321
f 3302/3500/3302 3303/3501/3303 3323/3521/3323 3322/3520/3322
f 3303/3501/3303 3304/3502/3304 3324/3522/3324 3323/3521/3323
f 3304/3502/3304 3305/3503/3305 3325/3523/3325 3324/3522/3324
f 3305/3503/3305 3306/3504/3306 3326/3524/3326 3325/3523/3325
f 3306/3504/3306 3307/3505/3307 3327/3525/3327 3326/3524/3326
f 3307/3505/3307 3308/3506/3308 3328/3526/3328 3327/3525/3327
f 3308/3506/3308 3309/3507/3309 3329/3527/3329 3328/3526/3328
f 3309/3507/3309 3310/3508/3310 3330/3528/3330 3329/3527/3329
f 3310/3508/3310 3311/3509/3311 3331/3529/3331 3330/3528/3330
f 3311/3509/3311 3312/3510/3312 3332/3530/3332 3331/3529/3331
f 3312/3510/3312 3293/3492/3294 3313/3512/3314 3332/3530/3332
f 3313/3512/3314 3314/3511/3313 3334/3531/3333 3333/3532/3334
f 3314/3511/3313 3315/3513/3315 3335/3533/3335 3334/3531/3333
f 3315/3513/3315 3316/3514/3316 3336/3534/3336 3335/3533/3335
f 3316/3514/3316 3317/3515/3317 3337/3535/3337 3336/3534/3336
f 3317/3515/3317 3318/3516/3318 3338/3536/3338 3337/3535/3337
f 3318/3516/3318 3319/3517/3319 3339/3537/3339 3338/3536/3338
f 3319/3517/3319 3320/3518/3320 3340/3538/3340 3339/3537/3339
f 3320/3518/3320 3321/3519/3321 3341/3539/3341 3340/3538/3340
f 3321/3519/3321 3322/3520/3322 3342/3540/3342 3341/3539/3341
f 3322/3520/3322 3323/3521/3323 3343/3541/3343 3342/3540/3342
f 3323/3521/3323 3324/3522/3324 3344/3542/3344 3343/3541/3343
f 3324/3522/3324 3325/3523/3325 3345/3543/3345 3344/3542/3344
f 3325/3523/3325 3326/3524/3326 3346/3544/3346 3345/3543/3345
f 3326/3524/3326 3327/3525/3327 3347/3545/3347 3346/3544/3346
f 3327/3525/3327 3328/3526/3328 3348/3546/3348 3347/3545/3347
f 3328/3526/3328 3329/3527/3329 3349/3547/3349 3348/3546/3348
f 3329/3527/3329 3330/3528/3330 3350/3548/3350 3349/3547/3349
f 3330/3528/3330 3331/3529/3331 3351/3549/3351 3350/3548/3350
f 3331/3529/3331 3332/3530/3332 3352/3550/3352 3351/3549/3351
f 3332/3530/3332 3313/3512/3314 3333/3532/3334 3352/3550/3352
f 3333/3532/3334 3334/3531/3333 3354/3551/3353 3353/3552/3354
f 3334/3531/3333 3335/3533/3335 3355/3553/3355 3354/3551/3353
f 3335/3533/3335 3336/3534/3336 3356/3554/3356 3355/3553/3355
f 3336/3534/3336 3337/3535/3337 3357/3555/3357 3356/3554/3356
f 3337/3535/3337 3338/3536/3338 3358/3556/3358 3357/3555/3357
f 3338/3536/3338 3339/3537/3339 3359/3557/3359 3358/3556/3358
f 3339/3537/3339 3340/3538/3340 3360/3558/3360 3359/3557/3359
f 3340/3538/3340 3341/3539/3341 3361/3559/3361 3360/3558/3360
f 3341/3539/3341 3342/3540/3342 3362/3560/3362 3361/3559/3361
f 3342/3540/3342 3343/3541/3343 3363/3561/3363 3362/3560/3362
f 3343/3541/3343 3344/3542/3344 3364/3562/3364 3363/3561/3363
f 3344/3542/3344 3345/3543/3345 3365/3563/3365 3364/3562/3364
f 3345/3543/3345 3346/3544/3346 3366/3564/3366 3365/3563/3365
f 3346/3544/3346 3347/3545/3347 3367/3565/3367 3366/3564/3366
f 3347/3545/3347 3348/3546/3348 3368/3566/3368 3367/3565/3367
f 3348/3546/3348 3349/3547/3349 3369/3567/3369 3368/3566/3368
f 3349/3547/3349 3350/3548/3350 3370/3568/3370 3369/3567/3369
f 3350/3548/3350 3351/3549/3351 3371/3569/3371 3370/3568/3370
f 3351/3549/3351 3352/3550/3352 3372/3570/3372 3371/3569/3371
f 3352/3550/3352 3333/3532/3334 3353/3552/3354 3372/3570/3372
f 3353/3552/3354 3354/3551/3353 3374/3571/3373 3373/3572/3374
f 3354/3551/3353 3355/3553/3355 3375/3573/3375 3374/3571/3373
f 3355/3553/3355 3356/3554/3356 3376/3574/3376 3375/3573/3375
f 3356/3554/3356 3357/3555/3357 3377/3575/3377 3376/3574/3376
f 3357/3555/3357 3358/3556/3358 3378/3576/3378 3377/3575/3377
f 3358/3556/3358 3359/3557/3359 3379/3577/3379 3378/3576/3378
f 3359/3557/3359 3360/3558/3360 3380/3578/3380 3379/3577/3379
f 3360/3558/3360 3361/3559/3361 3381/3579/3381 3380/3578/3380
f 3361/3559/3361 3362/3560/3362 3382/3580/3382 3381/3579/3381
f 3362/3560/3362 3363/3561/3363 3383/3581/3383 3382/3580/3382
f 3363/3561/3363 3364/3562/3364 3384/3582/3384 3383/3581/3383
f 3364/3562/3364 3365/3563/3365 3385/3583/3385 3384/3582/3384
f 3365/3563/3365 3366/3564/3366 3386/3584/3386 3385/3583/3385
f 3366/3564/3366 3367/3565/3367 3387/3585/3387 3386/3584/3386
f 3367/3565/3367 3368/3566/3368 3388/3586/3388 3387/3585/3387
f 3368/3566/3368 3369/3567/3369 3389/3587/3389 3388/3586/3388
f 3369/3567/3369 3370/3568/3370 3390/3588/3390 3389/3587/3389
f 3370/3568/3370 3371/3569/3371 3391/3589/3391 3390/3588/3390
f 3371/3569/3371 3372/3570/3372 3392/3590/3392 3391/3589/3391
f 3372/3570/3372 3353/3552/3354 3373/3572/3374 3392/3590/3392
f 3373/3572/3374 3374/3571/3373 3394/3591/3393 3393/3592/3394
f 3374/3571/3373 3375/3573/3375 3395/3593/3395 3394/3591/3393
f 3375/3573/3375 3376/3574/3376 3396/3594/3396 3395/3593/3395
f 3376/3574/3376 3377/3575/3377 3397/3595/3397 3396/3594/3396
f 3377/3575/3377 3378/3576/3378 3398/3596/3398 3397/3595/3397
f 3378/3576/3378 3379/3577/3379 3399/3597/3399 3398/3596/3398
f 3379/3577/3379 3380/3578/3380 3400/3598/3400 3399/3597/3399
f 3380/3578/3380 3381/3579/3381 3401/3599/3401 3400/3598/3400
f 3381/3579/3381 3382/3580/3382 3402/3600/3402 3401/3599/3401
f 3382/3580/3382 3383/3581/3383 3403/3601/3403 3402/3600/3402
f 3383/3581/3383 3384/3582/3384 3404/3602/3404 3403/3601/3403
f 3384/3582/3384 3385/3583/3385 3405/3603/3405 3404/3602/3404
f 3385/3583/3385 3386/3584/3386 3406/3604/3406 3405/3603/3405
f 3386/3584/3386 3387/3585/3387 3407/3605/3407 3406/3604/3406
f 3387/3585/3387 3388/3586/3388 3408/3606/3408 3407/3605/3407
f 3388/3586/3388 3389/3587/3389 3409/3607/3409 3408/3606/3408
f 3389/3587/3389 3390/3588/3390 3410/3608/3410 3409/3607/3409
f 3390/3588/3390 3391/3589/3391 3411/3609/3411 3410/3608/3410
f 3391/3589/3391 3392/3590/3392 3412/3610/3412 3411/3609/3411
f 3392/3590/3392 3373/3572/3374 3393/3592/3394 3412/3610/3412
f 3393/3592/3394 3394/3591/3393 3414/3611/3413 3413/3612/3414
f 3394/3591/3393 3395/3593/3395 3415/3613/3415 3414/3611/3413
f 3395/3593/3395 3396/3594/3396 3416/3614/3416 3415/3613/3415
f 3396/3594/3396 3397/3595/3397 3417/3615/3417 3416/3614/3416
f 3397/3595/3397 3398/3596/3398 3418/3616/3418 3417/3615/3417
f 3398/3596/3398 3399/3597/3399 3419/3617/3419 3418/3616/3418
f 3399/3597/3399 3400/3598/3400 3420/3618/3420 3419/3617/3419
f 3400/3598/3400 3401/3599/3401 3421/3619/3421 3420/3618/3420
f 3401/3599/3401 3402/3600/3402 3422/3620/3422 3421/3619/3421
f 3402/3600/3402 3403/3601/3403 3423/3621/3423 3422/3620/3422
f 3403/3601/3403 3404/3602/3404 3424/3622/3424 3423/3621/3423
f 3404/3602/3404 3405/3603/3405 3425/3623/3425 3424/3622/3424
f 3405/3603/3405 3406/3604/3406 3426/3624/3426 3425/3623/3425
f 3406/3604/3406 3407/3605/3407 3427/3625/3427 3426/3624/3426
f 3407/3605/3407 3408/3606/3408 3428/3626/3428 3427/3625/3427
f 3408/3606/3408 3409/3607/3409 3429/3627/3429 3428/3626/3428
f 3409/3607/3409 3410/3608/3410 3430/3628/3430 3429/3627/3429
f 3410/3608/3410 3411/3609/3411 3431/3629/3431 3430/3628/3430
f 3411/3609/3411 3412/3610/3412 3432/3630/3432 3431/3629/3431
f 3412/3610/3412 3393/3592/3394 3413/3612/3414 3432/3630/3432
f 3055/3252/3054 3056/3251/3053 3433/3631/3433
f 3058/3255/3057 3055/3252/3054 3433/3631/3433
f 3060/3257/3059 3058/3255/3057 3433/3631/3433
f 3062/3259/3061 3060/3257/3059 3433/3631/3433
f 3064/3261/3063 3062/3259/3061 3433/3631/3433
f 3066/3263/3065 3064/3261/3063 3433/3631/3433
f 3068/3265/3067 3066/3263/3065 3433/3631/3433
f 3070/3267/3069 3068/3265/3067 3433/3631/3433
f 3072/3269/3071 3070/3267/3069 3433/3631/3433
f 3074/3271/3073 3072/3269/3071 3433/3631/3433
f 3076/3273/3075 3074/3271/3073 3433/3631/3433
f 3078/3275/3077 3076/3273/3075 3433/3631/3433
f 3080/3277/3079 3078/3275/3077 3433/3631/3433
f 3082/3279/3081 3080/3277/3079 3433/3631/3433
f 3084/3281/3083 3082/3279/3081 3433/3631/3433
f 3086/3283/3085 3084/3281/3083 3433/3631/3433
f 3088/3285/3087 3086/3283/3085 3433/3631/3433
f 3090/3287/3089 3088/3285/3087 3433/3631/3433
f 3092/3289/3091 3090/3287/3089 3433/3631/3433
f 3056/3251/3053 3092/3289/3091 3433/3631/3433
f 3413/3612/3414 3414/3611/3413 3434/3632/3434
f 3414/3611/3413 3415/3613/3415 3434/3632/3434
f 3415/3613/3415 3416/3614/3416 3434/3632/3434
f 3416/3614/3416 3417/3615/3417 3434/3632/3434
f 3417/3615/3417 3418/3616/3418 3434/3632/3434
f 3418/3616/3418 3419/3617/3419 3434/3632/3434
f 3419/3617/3419 3420/3618/3420 3434/3632/3434
f 3420/3618/3420 3421/3619/3421 3434/3632/3434
f 3421/3619/3421 3422/3620/3422 3434/3632/3434
f 3422/3620/3422 3423/3621/3423 3434/3632/3434
f 3423/3621/3423 3424/3622/3424 3434/3632/3434
f 3424/3622/3424 3425/3623/3425 3434/3632/3434
f 3425/3623/3425 3426/3624/3426 3434/3632/3434
f 3426/3624/3426 3427/3625/3427 3434/3632/3434
f 3427/3625/3427 3428/3626/3428 3434/3632/3434
f 3428/3626/3428 3429/3627/3429 3434/3632/3434
f 3429/3627/3429 3430/3628/3430 3434/3632/3434
f 3430/3628/3430 3431/3629/3431 3434/3632/3434
f 3431/3629/3431 3432/3630/3432 3434/3632/3434
f 3432/3630/3432 3413/3612/3414 3434/3632/3434
g default
v 1.544756 1.855673 -0.067716
v 1.591411 1.856087 0.008070
v 1.563779 1.893083 0.007810
v 1.534760 1.888017 -0.058202
v 1.581967 1.858413 0.082468
v 1.562269 1.889450 0.069349
v 1.562097 1.813517 0.006560
v 1.561752 1.819723 0.074053
v 1.531172 1.823794 -0.057554
v 0.529112 1.906064 -0.042158
v 0.529112 1.924585 0.010148
v 0.432225 1.923013 0.010173
v 0.434969 1.908917 -0.044605
v 0.529112 1.905556 0.062508
v 0.434838 1.908414 0.065003
v 0.607275 1.905758 0.009688
v 0.606144 1.891895 0.047747
v 0.608294 1.892297 -0.028328
v 0.703336 1.886185 -0.021269
v 0.702593 1.896676 0.008408
v 0.701730 1.885806 0.038117
v 0.795136 1.893451 0.006853
v 0.794446 1.883883 0.032728
v 0.795715 1.884436 -0.018994
v 0.873095 1.884108 -0.019170
v 0.872618 1.892602 0.005467
v 0.872038 1.883395 0.030132
v 0.955663 1.894553 0.003935
v 0.955033 1.884813 0.029618
v 0.956073 1.885765 -0.021794
v 1.057952 1.890999 -0.027198
v 1.057548 1.900823 0.001977
v 1.056109 1.889339 0.030650
v 1.138198 1.911061 0.000806
v 1.136525 1.896431 0.037403
v 1.138266 1.899365 -0.036513
v 1.196309 1.906455 -0.053032
v 1.196920 1.920015 0.000496
v 1.195853 1.903210 0.052288
v 1.304452 1.933113 -0.000909
v 1.298739 1.911793 0.070858
v 1.309512 1.918328 -0.078647
v 1.459931 1.903449 -0.089212
v 1.475652 1.918854 0.000408
v 1.482615 1.900993 0.090542
v 0.529112 1.853674 0.081674
v 0.432145 1.854191 0.079621
v 0.529112 1.802066 0.062723
v 0.434799 1.800050 0.065230
v 0.605358 1.854169 0.061666
v 0.605514 1.816636 0.047894
v 0.701159 1.856326 0.048974
v 0.701252 1.827011 0.038220
v 0.793987 1.858197 0.042184
v 0.794043 1.832736 0.032818
v 0.871647 1.858891 0.039145
v 0.871684 1.834669 0.030218
v 0.954438 1.859337 0.038901
v 0.954298 1.834400 0.029513
v 1.054083 1.861601 0.040568
v 1.053042 1.835752 0.029472
v 1.135231 1.864253 0.051622
v 1.135043 1.835025 0.037117
v 1.199153 1.863400 0.083036
v 1.202260 1.825983 0.061492
v 1.300013 1.865641 0.111610
v 1.303895 1.817984 0.080460
v 1.488786 1.854988 0.132203
v 1.481009 1.799744 0.105408
v 0.529112 1.783461 0.010430
v 0.432189 1.786010 0.010450
v 0.529112 1.802573 -0.041960
v 0.434931 1.800553 -0.044395
v 0.606421 1.803131 0.009883
v 0.607673 1.817037 -0.028191
v 0.701946 1.816490 0.008543
v 0.702865 1.827378 -0.021173
v 0.794592 1.823695 0.006971
v 0.795319 1.833275 -0.018910
v 0.872139 1.826149 0.005580
v 0.872748 1.835368 -0.019089
v 0.954669 1.825597 0.004068
v 0.955352 1.835134 -0.021482
v 1.053214 1.826126 0.002298
v 1.054706 1.835815 -0.025356
v 1.134467 1.824710 0.001809
v 1.134937 1.835310 -0.033324
v 1.198227 1.818938 0.002556
v 1.197036 1.829720 -0.049214
v 1.306375 1.798469 0.001081
v 1.312672 1.809434 -0.079379
v 1.469169 1.781514 0.002065
v 1.456501 1.809880 -0.084645
v 0.529112 1.854366 -0.061067
v 0.432269 1.854824 -0.058969
v 0.608298 1.854716 -0.042080
v 0.703355 1.856835 -0.032012
v 0.795723 1.858943 -0.028351
v 0.873093 1.859854 -0.028089
v 0.955931 1.860482 -0.031028
v 1.056846 1.862676 -0.037123
v 1.136313 1.865875 -0.049010
v 1.195786 1.866835 -0.072591
v 1.314574 1.864827 -0.109132
v 1.457665 1.855473 -0.113793
v 1.315711 1.823341 0.169791
v 1.311015 1.786636 0.145651
v 1.233434 1.790913 0.152122
v 1.233120 1.817904 0.168008
v 1.312861 1.781665 0.221688
v 1.310772 1.763575 0.208462
v 1.246441 1.765652 0.214224
v 1.246979 1.779613 0.224456
v 1.246473 1.910923 0.062689
v 1.251008 1.928581 0.000281
v 1.254281 1.912929 -0.065872
v 1.246335 1.876642 0.101758
v 1.256677 1.817269 -0.066919
v 1.253950 1.808289 0.000955
v 1.253675 1.812780 0.064942
v 1.257100 1.864911 -0.093230
v 1.271788 1.834653 0.178940
v 1.268779 1.776197 0.143715
v 1.275580 1.757775 0.215157
v 1.277137 1.781030 0.233074
v 1.389137 1.928813 -0.002991
v 1.384187 1.913940 -0.090944
v 1.389275 1.906992 0.085311
v 1.392538 1.859027 0.125428
v 1.390143 1.810011 0.094027
v 1.383393 1.783979 0.000714
v 1.383431 1.805663 -0.088461
v 1.385423 1.860860 -0.119429
v 1.280332 1.808355 0.214077
v 1.323673 1.801565 0.201897
v 1.318987 1.769390 0.180304
v 1.275802 1.760460 0.181809
v 1.240815 1.773553 0.189289
v 1.241761 1.796328 0.204211
v 1.257038 1.852111 0.142274
v 1.299728 1.840723 0.141098
v 1.298610 1.805380 0.117654
v 1.259134 1.796746 0.109598
v 1.222904 1.809753 0.113758
v 1.220468 1.837232 0.129567
v -1.544756 1.855673 -0.067716
v -1.591411 1.856088 0.008070
v -1.562097 1.813517 0.006560
v -1.531172 1.823794 -0.057554
v -1.581967 1.858413 0.082468
v -1.561752 1.819723 0.074053
v -1.563779 1.893082 0.007810
v -1.562269 1.889450 0.069349
v -1.534760 1.888017 -0.058202
v -0.529112 1.802573 -0.041960
v -0.529112 1.783461 0.010430
v -0.432188 1.786009 0.010450
v -0.434931 1.800553 -0.044395
v -0.529112 1.802066 0.062723
v -0.434799 1.800050 0.065230
v -0.606421 1.803131 0.009883
v -0.605514 1.816636 0.047894
v -0.607673 1.817037 -0.028191
v -0.702865 1.827378 -0.021173
v -0.701946 1.816490 0.008543
v -0.701252 1.827011 0.038220
v -0.794592 1.823695 0.006971
v -0.794043 1.832736 0.032818
v -0.795320 1.833275 -0.018910
v -0.872748 1.835368 -0.019089
v -0.872139 1.826149 0.005580
v -0.871684 1.834669 0.030218
v -0.954669 1.825597 0.004068
v -0.954298 1.834400 0.029512
v -0.955352 1.835134 -0.021482
v -1.054705 1.835815 -0.025356
v -1.053213 1.826128 0.002295
v -1.053040 1.835756 0.029466
v -1.134457 1.824719 0.001795
v -1.135028 1.835049 0.037073
v -1.134931 1.835313 -0.033325
v -1.197001 1.829729 -0.049211
v -1.198182 1.818965 0.002520
v -1.202198 1.826095 0.061295
v -1.306356 1.798479 0.001073
v -1.303834 1.818068 0.080353
v -1.312653 1.809437 -0.079376
v -1.456501 1.809880 -0.084645
v -1.469169 1.781514 0.002065
v -1.481009 1.799744 0.105408
v -0.529112 1.853674 0.081674
v -0.432145 1.854191 0.079621
v -0.529112 1.905556 0.062508
v -0.434838 1.908414 0.065003
v -0.605358 1.854168 0.061666
v -0.606143 1.891895 0.047747
v -0.701159 1.856326 0.048974
v -0.701730 1.885807 0.038117
v -0.793987 1.858197 0.042184
v -0.794446 1.883883 0.032728
v -0.871647 1.858891 0.039145
v -0.872038 1.883395 0.030132
v -0.954438 1.859337 0.038901
v -0.955033 1.884813 0.029618
v -1.054081 1.861604 0.040562
v -1.056108 1.889340 0.030649
v -1.135219 1.864272 0.051582
v -1.136522 1.896436 0.037395
v -1.199093 1.863487 0.082838
v -1.195827 1.903218 0.052261
v -1.299934 1.865714 0.111488
v -1.298718 1.911799 0.070846
v -1.488786 1.854988 0.132203
v -1.482614 1.900993 0.090542
v -0.529112 1.924585 0.010148
v -0.432225 1.923013 0.010173
v -0.529112 1.906064 -0.042158
v -0.434969 1.908917 -0.044605
v -0.607275 1.905758 0.009688
v -0.608294 1.892297 -0.028328
v -0.702593 1.896676 0.008408
v -0.703336 1.886185 -0.021269
v -0.795136 1.893451 0.006853
v -0.795715 1.884436 -0.018994
v -0.872618 1.892602 0.005467
v -0.873095 1.884108 -0.019170
v -0.955663 1.894554 0.003935
v -0.956073 1.885765 -0.021794
v -1.057548 1.900823 0.001977
v -1.057952 1.890999 -0.027198
v -1.138198 1.911062 0.000805
v -1.138266 1.899365 -0.036513
v -1.196902 1.920014 0.000495
v -1.196292 1.906453 -0.053028
v -1.304435 1.933111 -0.000909
v -1.309494 1.918326 -0.078644
v -1.475651 1.918854 0.000408
v -1.459931 1.903449 -0.089211
v -0.529112 1.854366 -0.061067
v -0.432269 1.854824 -0.058969
v -0.608298 1.854716 -0.042080
v -0.703355 1.856835 -0.032012
v -0.795723 1.858943 -0.028351
v -0.873093 1.859854 -0.028089
v -0.955931 1.860482 -0.031028
v -1.056846 1.862676 -0.037123
v -1.136312 1.865876 -0.049010
v -1.195765 1.866836 -0.072586
v -1.314556 1.864827 -0.109127
v -1.457665 1.855474 -0.113793
v -1.310901 1.786711 0.145643
v -1.315561 1.823361 0.169750
v -1.233039 1.817921 0.167922
v -1.233367 1.790972 0.152059
v -1.310655 1.763468 0.208731
v -1.312720 1.781485 0.221922
v -1.246927 1.779476 0.224649
v -1.246393 1.765559 0.214435
v -1.253574 1.812924 0.064762
v -1.253852 1.808319 0.000937
v -1.256566 1.817286 -0.066897
v -1.246387 1.910923 0.062660
v -1.246212 1.876719 0.101529
v -1.254175 1.912919 -0.065851
v -1.250912 1.928572 0.000282
v -1.256988 1.864913 -0.093200
v -1.268682 1.776303 0.143691
v -1.271640 1.834634 0.178852
v -1.277028 1.780879 0.233232
v -1.275490 1.757708 0.215351
v -1.383392 1.783980 0.000714
v -1.383431 1.805663 -0.088461
v -1.390138 1.810018 0.094018
v -1.392532 1.859034 0.125418
v -1.389273 1.906993 0.085310
v -1.389136 1.928813 -0.002991
v -1.384187 1.913940 -0.090944
v -1.385423 1.860860 -0.119429
v -1.275747 1.760361 0.182211
v -1.318893 1.769245 0.180747
v -1.323530 1.801276 0.202275
v -1.280235 1.808034 0.214432
v -1.241742 1.796091 0.204564
v -1.240796 1.773400 0.189659
v -1.258908 1.797141 0.109106
v -1.298316 1.805743 0.117201
v -1.299346 1.841035 0.140575
v -1.256687 1.852371 0.141583
v -1.220281 1.837523 0.128922
v -1.222760 1.810080 0.113187
v 0.390544 1.854599 0.010313
v -0.390544 1.854599 0.010313
v -1.574295 1.855709 -0.031614
v -1.540764 1.837293 -0.065015
v -1.568637 1.815246 0.046018
v -1.577515 1.836619 0.080689
v -1.596351 1.857607 0.046788
v -1.577609 1.877728 0.078288
v -1.569376 1.892749 0.044759
v -1.585409 1.875689 0.008587
v -1.551831 1.891672 -0.030976
v -1.543461 1.874808 -0.065223
v -0.433427 1.789911 -0.023621
v -0.479535 1.772144 0.010490
v -0.529112 1.788325 -0.018137
v -0.479535 1.794387 -0.050509
v -0.433433 1.789600 0.044494
v -0.479535 1.793821 0.071371
v -0.529112 1.788048 0.038964
v -0.568213 1.809764 0.054777
v -0.605891 1.806454 0.030623
v -0.569246 1.793933 0.010246
v -0.607069 1.806672 -0.010878
v -0.570757 1.810215 -0.034364
v -0.652384 1.810629 0.009284
v -0.702422 1.819270 -0.007661
v -0.653444 1.822766 -0.023912
v -0.651590 1.822402 0.042432
v -0.701541 1.819070 0.024736
v -0.749306 1.830412 0.035084
v -0.794271 1.825879 0.021074
v -0.749920 1.820778 0.007751
v -0.794968 1.826172 -0.007142
v -0.750731 1.830852 -0.019617
v -0.834249 1.825441 0.006264
v -0.872453 1.828559 -0.007872
v -0.834912 1.834735 -0.018718
v -0.833751 1.834114 0.031214
v -0.871872 1.828179 0.019024
v -0.911093 1.834523 0.029776
v -0.954428 1.827703 0.017940
v -0.911510 1.825948 0.004867
v -0.954997 1.828090 -0.009837
v -0.912069 1.835308 -0.020073
v -1.003922 1.825852 0.003127
v -1.053818 1.828546 -0.012590
v -1.005073 1.835424 -0.023129
v -1.003620 1.835028 0.029051
v -1.052964 1.828598 0.017028
v -1.096539 1.835934 0.031829
v -1.134716 1.827273 0.020822
v -1.096484 1.825837 0.001826
v -1.134555 1.827323 -0.017106
v -1.097724 1.835943 -0.028509
v -1.167853 1.822513 0.002276
v -1.197514 1.821283 -0.025322
v -1.167130 1.833429 -0.040544
v -1.169416 1.832583 0.046129
v -1.199372 1.820965 0.030801
v -1.229085 1.816784 0.062208
v -1.253161 1.811525 0.034858
v -1.226957 1.813819 0.001776
v -1.255218 1.808798 -0.035359
v -1.227226 1.823651 -0.058371
v -1.309322 1.798659 -0.042226
v -1.342620 1.791118 0.000877
v -1.382675 1.789201 -0.048458
v -1.346966 1.806874 -0.084753
v -1.305594 1.805749 0.041923
v -1.345150 1.816242 0.084509
v -1.386541 1.792268 0.051424
v -1.475446 1.784643 0.057996
v -1.531341 1.808390 0.092060
v -1.519239 1.794329 0.004319
v -1.461844 1.791590 -0.047017
v -1.500209 1.816747 -0.072661
v -0.433414 1.820562 0.075908
v -0.479535 1.853898 0.093439
v -0.529112 1.825495 0.076963
v -0.433412 1.887893 0.075766
v -0.479535 1.914301 0.071117
v -0.529112 1.881944 0.076845
v -0.568954 1.897907 0.054598
v -0.605666 1.874724 0.058162
v -0.567988 1.853721 0.070913
v -0.605321 1.833674 0.058242
v -0.651474 1.855146 0.054443
v -0.701120 1.840316 0.046300
v -0.652133 1.888060 0.042311
v -0.701382 1.872385 0.046243
v -0.749740 1.884539 0.034990
v -0.794167 1.872176 0.039805
v -0.749234 1.857380 0.044989
v -0.793947 1.844279 0.039855
v -0.833706 1.858663 0.040254
v -0.871608 1.845641 0.036925
v -0.834128 1.883465 0.031127
v -0.871801 1.872218 0.036878
v -0.911424 1.883782 0.029690
v -0.954704 1.873159 0.036601
v -0.911061 1.858995 0.038801
v -0.954302 1.845681 0.036519
v -1.004265 1.860277 0.039122
v -1.053409 1.847396 0.037467
v -1.005609 1.886675 0.029734
v -1.055068 1.876464 0.038281
v -1.099484 1.892782 0.032976
v -1.135739 1.881338 0.047921
v -1.097429 1.863104 0.044318
v -1.135089 1.848112 0.047646
v -1.168365 1.864597 0.063549
v -1.194965 1.842605 0.075563
v -1.168005 1.899735 0.044586
v -1.196179 1.885918 0.069052
v -1.221880 1.907424 0.058129
v -1.245251 1.894063 0.083580
v -1.223117 1.872813 0.094314
v -1.310509 1.839292 0.104148
v -1.344238 1.863005 0.115511
v -1.392199 1.833187 0.118845
v -1.299311 1.891276 0.095148
v -1.341121 1.909753 0.077956
v -1.390945 1.884822 0.113255
v -1.486596 1.880751 0.118838
v -1.532434 1.896011 0.082082
v -1.541112 1.856655 0.113040
v -1.486189 1.825590 0.128935
v -0.433446 1.919147 0.044226
v -0.479535 1.936435 0.010159
v -0.529112 1.919763 0.038695
v -0.433440 1.919457 -0.023876
v -0.479535 1.914868 -0.050740
v -0.529112 1.920040 -0.018394
v -0.571487 1.898358 -0.034530
v -0.607863 1.902458 -0.011056
v -0.570249 1.914128 0.010010
v -0.606691 1.902238 0.030439
v -0.653119 1.900168 0.009125
v -0.702148 1.893905 0.024607
v -0.653980 1.888430 -0.024026
v -0.703024 1.894112 -0.007785
v -0.751157 1.884992 -0.019704
v -0.795473 1.891282 -0.007250
v -0.750506 1.894598 0.007628
v -0.794781 1.890979 0.020961
v -0.834759 1.892748 0.006149
v -0.872321 1.890197 0.018916
v -0.835282 1.884100 -0.018799
v -0.872898 1.890587 -0.007976
v -0.912395 1.884582 -0.020154
v -0.955919 1.892501 -0.010103
v -0.911959 1.893130 0.004753
v -0.955360 1.891968 0.017952
v -1.006613 1.897097 0.002938
v -1.056941 1.897597 0.017694
v -1.007026 1.887899 -0.024131
v -1.057913 1.898610 -0.013941
v -1.101551 1.895079 -0.031027
v -1.138505 1.908516 -0.019532
v -1.101208 1.905795 0.001268
v -1.137439 1.906689 0.020735
v -1.169123 1.915670 0.000582
v -1.196329 1.914987 0.028397
v -1.168538 1.903087 -0.044555
v -1.196764 1.917093 -0.028411
v -1.225452 1.909676 -0.059808
v -1.252667 1.925255 -0.035064
v -1.224455 1.924489 0.000441
v -1.248546 1.923110 0.033876
v -1.301044 1.926259 0.037847
v -1.344501 1.931796 -0.002233
v -1.389354 1.921990 0.044536
v -1.307038 1.930808 -0.042487
v -1.345504 1.917219 -0.085487
v -1.386568 1.926458 -0.051195
v -1.467450 1.915657 -0.049130
v -1.504483 1.895921 -0.075240
v -1.523406 1.907814 0.004395
v -1.479836 1.913830 0.049015
v -0.433458 1.888491 -0.055273
v -0.479535 1.854671 -0.072751
v -0.529112 1.882590 -0.056374
v -0.433460 1.821160 -0.055144
v -0.529112 1.826141 -0.056267
v -0.608068 1.834184 -0.038590
v -0.571452 1.854335 -0.050636
v -0.608407 1.875235 -0.038664
v -0.653998 1.855646 -0.036022
v -0.703428 1.872863 -0.029342
v -0.703172 1.840787 -0.029290
v -0.795569 1.844970 -0.025980
v -0.751171 1.857990 -0.029600
v -0.795785 1.872877 -0.026025
v -0.835284 1.859520 -0.027831
v -0.873150 1.873121 -0.025872
v -0.872960 1.846535 -0.025828
v -0.955678 1.846678 -0.028573
v -0.912389 1.860076 -0.029172
v -0.956070 1.874301 -0.028769
v -1.006476 1.861368 -0.033607
v -1.057579 1.878032 -0.034935
v -1.055801 1.847898 -0.033732
v -1.135506 1.848918 -0.044310
v -1.099860 1.864344 -0.041792
v -1.137383 1.883922 -0.046376
v -1.166993 1.866771 -0.060176
v -1.195864 1.888326 -0.068069
v -1.196281 1.846108 -0.065633
v -1.257200 1.838112 -0.086544
v -1.226487 1.865878 -0.083539
v -1.255798 1.891327 -0.085766
v -1.312441 1.894641 -0.101137
v -1.349118 1.863331 -0.115364
v -1.384528 1.890273 -0.113105
v -1.314512 1.833959 -0.101774
v -1.384702 1.831103 -0.111666
v -1.456171 1.831397 -0.106216
v -1.502546 1.855179 -0.095686
v -1.457794 1.881439 -0.109445
v -0.399319 1.854772 -0.029288
v -0.398387 1.815444 0.010390
v -1.277346 1.812372 0.069441
v -1.255522 1.807027 0.089010
v -1.280978 1.797862 0.111039
v -1.295405 1.814990 0.100682
v -1.304829 1.823128 0.129373
v -1.293877 1.851482 0.124731
v -1.250345 1.863081 0.121399
v -1.235116 1.847582 0.136295
v -1.212868 1.848892 0.106718
v -1.216474 1.823599 0.120420
v -1.215937 1.819554 0.089929
v -1.243241 1.771472 0.221550
v -1.257392 1.780187 0.231151
v -1.275787 1.767280 0.227808
v -1.256477 1.760205 0.215974
v -1.291787 1.777654 0.142240
v -1.273008 1.767300 0.162854
v -1.299313 1.761361 0.179382
v -1.316334 1.777318 0.162855
v -1.319558 1.804933 0.157047
v -1.327571 1.785459 0.190309
v -1.321409 1.812662 0.186191
v -1.248985 1.828820 0.175063
v -1.277317 1.822080 0.197519
v -1.257792 1.803943 0.211404
v -1.238141 1.806984 0.187084
v -1.228098 1.804259 0.159668
v -1.236208 1.784870 0.196710
v -1.237620 1.781636 0.171438
v -1.278542 1.803709 0.000898
v -1.283781 1.812728 -0.073661
v -1.269570 1.912285 0.066323
v -1.270760 1.875099 0.107498
v -1.280620 1.916348 -0.072114
v -1.275405 1.931741 -0.000119
v -1.285095 1.864959 -0.101734
v -1.238203 1.801237 0.109619
v -1.280697 1.850485 0.143827
v -1.299031 1.781772 0.229839
v -1.315214 1.771333 0.217018
v -1.296867 1.758444 0.212146
v -1.248052 1.781198 0.146849
v -1.255108 1.764802 0.185231
v -1.296710 1.833038 0.177050
v -1.304950 1.807974 0.210853
v -1.424731 1.779422 0.000986
v -1.418759 1.806425 -0.089169
v -1.434682 1.802403 0.103523
v -1.439987 1.856071 0.133656
v -1.435666 1.904363 0.090561
v -1.431874 1.925176 -0.002082
v -1.421081 1.909403 -0.093315
v -1.420115 1.857804 -0.120307
v -1.276025 1.756282 0.199931
v -1.316982 1.763667 0.197125
v -1.320519 1.790340 0.215889
v -1.279325 1.794382 0.227555
v -1.243233 1.786495 0.218508
v -1.242439 1.767170 0.204973
v -1.263638 1.786575 0.126554
v -1.304188 1.796252 0.131306
v -1.307390 1.832240 0.155063
v -1.264274 1.843810 0.160470
v -1.227045 1.827650 0.148929
v -1.228492 1.800503 0.133269
v 0.399319 1.854772 -0.029288
v -0.397856 1.854414 0.049920
v 0.398387 1.815444 0.010390
v -0.398812 1.893744 0.010231
v 1.551831 1.891672 -0.030976
v 1.585409 1.875689 0.008587
v 1.574295 1.855709 -0.031614
v 1.543461 1.874807 -0.065223
v 1.569377 1.892749 0.044759
v 1.577609 1.877728 0.078288
v 1.596351 1.857607 0.046788
v 1.577515 1.836619 0.080689
v 1.568637 1.815246 0.046018
v 1.584897 1.834734 0.007603
v 1.548489 1.817764 -0.031909
v 1.540764 1.837293 -0.065015
v 0.433440 1.919457 -0.023876
v 0.479535 1.936435 0.010159
v 0.529112 1.920040 -0.018394
v 0.479535 1.914868 -0.050740
v 0.433447 1.919147 0.044226
v 0.479535 1.914301 0.071117
v 0.529112 1.919763 0.038695
v 0.568954 1.897907 0.054598
v 0.606691 1.902238 0.030439
v 0.570249 1.914128 0.010010
v 0.607863 1.902458 -0.011056
v 0.571487 1.898358 -0.034530
v 0.653119 1.900168 0.009125
v 0.703024 1.894112 -0.007785
v 0.653980 1.888430 -0.024026
v 0.652133 1.888060 0.042311
v 0.702148 1.893905 0.024607
v 0.749740 1.884538 0.034990
v 0.794781 1.890979 0.020961
v 0.750506 1.894598 0.007628
v 0.795473 1.891282 -0.007250
v 0.751157 1.884992 -0.019704
v 0.834759 1.892748 0.006149
v 0.872897 1.890587 -0.007976
v 0.835282 1.884100 -0.018799
v 0.834128 1.883465 0.031127
v 0.872321 1.890197 0.018916
v 0.911424 1.883782 0.029690
v 0.955360 1.891968 0.017952
v 0.911959 1.893130 0.004753
v 0.955919 1.892501 -0.010103
v 0.912395 1.884582 -0.020154
v 1.006613 1.897097 0.002938
v 1.057913 1.898610 -0.013941
v 1.007026 1.887899 -0.024131
v 1.005609 1.886675 0.029734
v 1.056941 1.897596 0.017694
v 1.099486 1.892780 0.032979
v 1.137440 1.906688 0.020737
v 1.101208 1.905795 0.001269
v 1.138505 1.908516 -0.019532
v 1.101551 1.895079 -0.031027
v 1.169124 1.915669 0.000583
v 1.196781 1.917095 -0.028412
v 1.168538 1.903087 -0.044555
v 1.168014 1.899727 0.044605
v 1.196349 1.914986 0.028403
v 1.221943 1.907420 0.058160
v 1.248637 1.923118 0.033882
v 1.224519 1.924495 0.000441
v 1.252768 1.925265 -0.035075
v 1.225522 1.909683 -0.059822
v 1.307056 1.930810 -0.042489
v 1.344502 1.931797 -0.002233
v 1.386569 1.926458 -0.051195
v 1.345504 1.917219 -0.085487
v 1.301061 1.926260 0.037849
v 1.341127 1.909749 0.077962
v 1.389355 1.921991 0.044536
v 1.479837 1.913830 0.049015
v 1.532434 1.896011 0.082082
v 1.523407 1.907814 0.004395
v 1.467450 1.915657 -0.049131
v 1.504483 1.895921 -0.075241
v 0.433412 1.887893 0.075766
v 0.479535 1.853898 0.093439
v 0.529112 1.881944 0.076845
v 0.433414 1.820562 0.075908
v 0.479535 1.793821 0.071371
v 0.529112 1.825495 0.076963
v 0.568213 1.809764 0.054777
v 0.605322 1.833674 0.058242
v 0.567988 1.853721 0.070913
v 0.605665 1.874724 0.058162
v 0.651474 1.855146 0.054443
v 0.701382 1.872384 0.046243
v 0.651590 1.822402 0.042432
v 0.701120 1.840316 0.046300
v 0.749306 1.830412 0.035084
v 0.793947 1.844279 0.039855
v 0.749234 1.857380 0.044989
v 0.794167 1.872176 0.039805
v 0.833706 1.858663 0.040254
v 0.871801 1.872218 0.036878
v 0.833751 1.834114 0.031214
v 0.871608 1.845641 0.036925
v 0.911093 1.834523 0.029776
v 0.954302 1.845681 0.036519
v 0.911061 1.858995 0.038801
v 0.954704 1.873158 0.036601
v 1.004265 1.860276 0.039124
v 1.055069 1.876462 0.038284
v 1.003620 1.835027 0.029053
v 1.053410 1.847392 0.037474
v 1.096545 1.835925 0.031847
v 1.135103 1.848088 0.047693
v 1.097433 1.863097 0.044333
v 1.135747 1.881327 0.047945
v 1.168391 1.864557 0.063637
v 1.196214 1.885886 0.069132
v 1.169447 1.832531 0.046225
v 1.195027 1.842489 0.075793
v 1.223217 1.872726 0.094551
v 1.245332 1.894042 0.083664
v 1.299344 1.891253 0.095191
v 1.344259 1.862980 0.115547
v 1.390949 1.884817 0.113261
v 1.310595 1.839196 0.104282
v 1.345167 1.816217 0.084542
v 1.392206 1.833179 0.118856
v 1.486189 1.825589 0.128935
v 1.531341 1.808390 0.092060
v 1.541112 1.856655 0.113040
v 1.486596 1.880751 0.118838
v 0.433433 1.789600 0.044494
v 0.479535 1.772144 0.010490
v 0.529112 1.788048 0.038964
v 0.433427 1.789911 -0.023621
v 0.479535 1.794387 -0.050509
v 0.529112 1.788325 -0.018137
v 0.570757 1.810215 -0.034364
v 0.607069 1.806672 -0.010878
v 0.569246 1.793933 0.010246
v 0.605891 1.806454 0.030623
v 0.652384 1.810629 0.009284
v 0.701541 1.819070 0.024736
v 0.653444 1.822766 -0.023912
v 0.702422 1.819270 -0.007661
v 0.750731 1.830852 -0.019617
v 0.794967 1.826172 -0.007142
v 0.749920 1.820778 0.007751
v 0.794271 1.825878 0.021074
v 0.834249 1.825441 0.006264
v 0.871872 1.828179 0.019024
v 0.834911 1.834735 -0.018718
v 0.872453 1.828559 -0.007872
v 0.912069 1.835308 -0.020073
v 0.954997 1.828090 -0.009837
v 0.911510 1.825948 0.004867
v 0.954428 1.827703 0.017940
v 1.003923 1.825852 0.003127
v 1.052966 1.828596 0.017033
v 1.005073 1.835424 -0.023129
v 1.053819 1.828545 -0.012589
v 1.097726 1.835942 -0.028508
v 1.134563 1.827318 -0.017100
v 1.096488 1.825833 0.001832
v 1.134729 1.827255 0.020852
v 1.167875 1.822495 0.002303
v 1.199421 1.820910 0.030890
v 1.167143 1.833424 -0.040543
v 1.197553 1.821270 -0.025314
v 1.227309 1.823636 -0.058385
v 1.255325 1.808778 -0.035368
v 1.227038 1.813787 0.001805
v 1.253247 1.811462 0.034927
v 1.229173 1.816643 0.062412
v 1.305620 1.805720 0.041959
v 1.342622 1.791114 0.000881
v 1.386544 1.792264 0.051428
v 1.309339 1.798656 -0.042229
v 1.346967 1.806874 -0.084753
v 1.382675 1.789200 -0.048458
v 1.461844 1.791590 -0.047017
v 1.500209 1.816747 -0.072661
v 1.519239 1.794329 0.004319
v 1.475447 1.784643 0.057996
v 0.433460 1.821160 -0.055144
v 0.479535 1.854671 -0.072751
v 0.529112 1.826141 -0.056267
v 0.433458 1.888491 -0.055273
v 0.529112 1.882590 -0.056374
v 0.608407 1.875235 -0.038664
v 0.571452 1.854335 -0.050636
v 0.608068 1.834184 -0.038590
v 0.653998 1.855646 -0.036022
v 0.703172 1.840787 -0.029290
v 0.703428 1.872863 -0.029342
v 0.795785 1.872877 -0.026025
v 0.751171 1.857990 -0.029600
v 0.795569 1.844970 -0.025980
v 0.835284 1.859520 -0.027831
v 0.872960 1.846535 -0.025828
v 0.873150 1.873121 -0.025872
v 0.956070 1.874301 -0.028769
v 0.912389 1.860076 -0.029172
v 0.955678 1.846678 -0.028573
v 1.006476 1.861368 -0.033607
v 1.055801 1.847897 -0.033732
v 1.057579 1.878032 -0.034935
v 1.137383 1.883922 -0.046376
v 1.099860 1.864344 -0.041792
v 1.135509 1.848917 -0.044310
v 1.166995 1.866770 -0.060176
v 1.196308 1.846104 -0.065639
v 1.195882 1.888327 -0.068074
v 1.255907 1.891333 -0.085793
v 1.226563 1.865876 -0.083559
v 1.257312 1.838102 -0.086572
v 1.314531 1.833957 -0.101779
v 1.349118 1.863331 -0.115364
v 1.384702 1.831103 -0.111666
v 1.312460 1.894642 -0.101141
v 1.384529 1.890273 -0.113105
v 1.457794 1.881439 -0.109446
v 1.502546 1.855179 -0.095686
v 1.456171 1.831397 -0.106216
v 0.398812 1.893744 0.010231
v 0.397856 1.854414 0.049920
v 1.270878 1.875018 0.107691
v 1.250602 1.862887 0.121921
v 1.281084 1.850206 0.144443
v 1.294146 1.851254 0.125116
v 1.305172 1.822788 0.129843
v 1.295612 1.814726 0.101017
v 1.255696 1.806726 0.089393
v 1.238382 1.800872 0.110149
v 1.216053 1.819299 0.090378
v 1.216620 1.823293 0.121028
v 1.213009 1.848669 0.107213
v 1.243289 1.771569 0.221381
v 1.256544 1.760275 0.215790
v 1.275890 1.767367 0.227676
v 1.257469 1.780321 0.230997
v 1.296867 1.833044 0.177117
v 1.277418 1.822289 0.197310
v 1.305080 1.808296 0.210492
v 1.321531 1.812834 0.185962
v 1.319690 1.804885 0.157066
v 1.327695 1.785676 0.189894
v 1.316417 1.777385 0.162578
v 1.248133 1.781111 0.146892
v 1.273069 1.767329 0.162604
v 1.255144 1.764921 0.184848
v 1.237653 1.781715 0.171221
v 1.228164 1.804222 0.159746
v 1.236219 1.785063 0.196350
v 1.238178 1.807130 0.186882
v 1.269630 1.912283 0.066344
v 1.275470 1.931747 -0.000120
v 1.280691 1.916355 -0.072128
v 1.283853 1.812717 -0.073676
v 1.278607 1.803689 0.000910
v 1.277438 1.812245 0.069594
v 1.285169 1.864958 -0.101754
v 1.235387 1.847312 0.136982
v 1.281237 1.797474 0.111503
v 1.296975 1.758521 0.211926
v 1.315348 1.771462 0.216793
v 1.299164 1.781935 0.229657
v 1.249100 1.828827 0.175155
v 1.257846 1.804229 0.211052
v 1.291892 1.777556 0.142251
v 1.299386 1.761467 0.178952
v 1.431875 1.925177 -0.002082
v 1.421081 1.909402 -0.093316
v 1.435666 1.904363 0.090562
v 1.439988 1.856071 0.133657
v 1.434683 1.802402 0.103523
v 1.424731 1.779422 0.000986
v 1.418759 1.806425 -0.089169
v 1.420115 1.857804 -0.120307
v 1.279428 1.794647 0.227270
v 1.320667 1.790593 0.215565
v 1.317091 1.763799 0.196747
v 1.276095 1.756375 0.199597
v 1.242469 1.767300 0.204665
v 1.243264 1.786692 0.218220
v 1.264548 1.843646 0.160938
v 1.307680 1.832028 0.155413
v 1.304412 1.795992 0.131604
v 1.263814 1.786287 0.126876
v 1.228607 1.800276 0.133654
v 1.227194 1.827458 0.149368
v -1.548489 1.817764 -0.031909
v -1.584897 1.834734 0.007603
v 1.570402 1.874659 -0.029978
v 1.590615 1.876647 0.045613
v 1.590554 1.836408 0.045545
v 1.568684 1.836169 -0.030814
v 0.479535 1.931141 -0.023072
v 0.479535 1.930832 0.043394
v 0.569581 1.910014 0.034321
v 0.570961 1.910260 -0.014294
v 0.653617 1.897292 -0.008964
v 0.652610 1.897090 0.027219
v 0.750112 1.892019 0.022548
v 0.750884 1.892267 -0.007285
v 0.835064 1.890683 -0.007464
v 0.834435 1.890335 0.019768
v 0.911685 1.890677 0.018350
v 0.912214 1.891114 -0.008837
v 1.006917 1.894984 -0.011830
v 1.006176 1.894264 0.017603
v 1.100461 1.901996 0.018619
v 1.101616 1.903427 -0.016357
v 1.169062 1.912959 -0.023916
v 1.168583 1.910896 0.024407
v 1.223198 1.919325 0.031499
v 1.225157 1.921264 -0.031921
v 1.345006 1.929657 -0.047308
v 1.342538 1.924755 0.041017
v 1.528663 1.905128 0.046964
v 1.513407 1.905404 -0.039677
v 0.479535 1.886811 0.087813
v 0.479535 1.821095 0.087953
v 0.567966 1.829719 0.066902
v 0.568370 1.877797 0.066804
v 0.651731 1.873078 0.051390
v 0.651434 1.837265 0.051457
v 0.749195 1.842646 0.042526
v 0.749432 1.872168 0.042474
v 0.833873 1.872156 0.037958
v 0.833667 1.845239 0.038006
v 0.911024 1.845604 0.036557
v 0.911205 1.872472 0.036510
v 1.004915 1.874519 0.036900
v 1.003829 1.846427 0.036430
v 1.096855 1.848127 0.040838
v 1.098393 1.878898 0.041632
v 1.167991 1.883251 0.058225
v 1.169094 1.846732 0.059213
v 1.221507 1.890445 0.077327
v 1.342283 1.887995 0.104122
v 1.345305 1.838194 0.108286
v 1.537637 1.830791 0.110709
v 1.537981 1.879123 0.103803
v 0.479535 1.777493 0.043711
v 0.479535 1.777802 -0.022771
v 0.570028 1.798077 -0.014078
v 0.568640 1.797832 0.034545
v 0.651922 1.813523 0.027371
v 0.652933 1.813721 -0.008817
v 0.750339 1.823364 -0.007173
v 0.749562 1.823125 0.022665
v 0.833957 1.827521 0.019878
v 0.834591 1.827859 -0.007358
v 0.911798 1.828407 -0.008733
v 0.911265 1.827979 0.018458
v 1.003654 1.828131 0.017229
v 1.004419 1.828300 -0.011082
v 1.096953 1.828338 -0.014482
v 1.096388 1.828428 0.018060
v 1.168800 1.824707 0.025947
v 1.167393 1.825126 -0.020782
v 1.227154 1.815257 -0.030486
v 1.227410 1.815988 0.033226
v 1.343586 1.799634 0.046518
v 1.344335 1.793327 -0.045704
v 1.508633 1.802218 -0.039233
v 1.526009 1.796311 0.052340
v 0.479535 1.821817 -0.067164
v 0.479535 1.887533 -0.067288
v 0.571599 1.878370 -0.046637
v 0.571202 1.830292 -0.046547
v 0.653792 1.837730 -0.032980
v 0.654084 1.873547 -0.033041
v 0.751238 1.872742 -0.027140
v 0.751005 1.843210 -0.027093
v 0.835141 1.846034 -0.025542
v 0.835343 1.872961 -0.025586
v 0.912443 1.873485 -0.026930
v 0.912266 1.846607 -0.026886
v 1.005816 1.847175 -0.030744
v 1.006879 1.875818 -0.031396
v 1.100880 1.880937 -0.039508
v 1.098752 1.848645 -0.037868
v 1.166911 1.848212 -0.054216
v 1.167693 1.886376 -0.056799
v 1.226022 1.889801 -0.077495
v 1.227052 1.842165 -0.076633
v 1.348758 1.832355 -0.107785
v 1.347454 1.893365 -0.108052
v 1.502453 1.877385 -0.092287
v 1.499989 1.834683 -0.090312
v 0.399542 1.891393 0.047632
v 1.274944 1.860886 0.126438
v 1.300929 1.832655 0.114141
v 1.233230 1.810534 0.088000
v 1.209103 1.833791 0.097831
v 1.256912 1.768367 0.226828
v 1.302649 1.821393 0.194311
v 1.325404 1.795150 0.173270
v 1.252234 1.772204 0.166055
v 1.232766 1.794365 0.178733
v 1.272176 1.925572 0.035734
v 1.278189 1.928896 -0.038505
v 1.269152 1.893790 0.088995
v 1.281195 1.803525 -0.039033
v 1.277412 1.808851 0.037967
v 1.283332 1.893456 -0.093698
v 1.285261 1.835619 -0.094831
v 1.228400 1.858591 0.115378
v 1.278512 1.807103 0.093250
v 1.297185 1.768236 0.224366
v 1.254494 1.816987 0.193954
v 1.296718 1.768583 0.160234
v 1.426277 1.922233 -0.052387
v 1.434261 1.918900 0.047704
v 1.438319 1.882526 0.120079
v 1.438440 1.827681 0.128695
v 1.429728 1.785280 0.056473
v 1.420851 1.787936 -0.049494
v 1.419125 1.830494 -0.112238
v 1.419897 1.886016 -0.114978
v 1.302857 1.795215 0.223653
v 1.324931 1.777528 0.204852
v 1.256267 1.760035 0.201612
v 1.238060 1.777299 0.210894
v 1.258309 1.792141 0.224569
v 1.298590 1.757189 0.196485
v 1.289036 1.841787 0.160915
v 1.312186 1.813815 0.143371
v 1.243433 1.790866 0.129018
v 1.222877 1.813651 0.141088
v 1.242509 1.838163 0.156536
v 1.286214 1.787406 0.126922
v -1.568684 1.836169 -0.030814
v -1.590554 1.836408 0.045545
v -1.590615 1.876647 0.045613
v -1.570402 1.874659 -0.029978
v -0.479535 1.777802 -0.022771
v -0.479535 1.777493 0.043711
v -0.568640 1.797832 0.034545
v -0.570028 1.798077 -0.014078
v -0.652933 1.813721 -0.008817
v -0.651922 1.813523 0.027371
v -0.749562 1.823125 0.022665
v -0.750339 1.823364 -0.007173
v -0.834591 1.827859 -0.007358
v -0.833957 1.827521 0.019878
v -0.911265 1.827979 0.018458
v -0.911798 1.828407 -0.008733
v -1.004418 1.828300 -0.011082
v -1.003654 1.828132 0.017228
v -1.096382 1.828435 0.018048
v -1.096950 1.828340 -0.014485
v -1.167376 1.825135 -0.020790
v -1.168773 1.824744 0.025884
v -1.227335 1.816053 0.033139
v -1.227071 1.815275 -0.030485
v -1.344335 1.793328 -0.045703
v -1.343577 1.799648 0.046500
v -1.526009 1.796311 0.052340
v -1.508633 1.802218 -0.039233
v -0.479535 1.821095 0.087953
v -0.479535 1.886811 0.087813
v -0.568370 1.877797 0.066804
v -0.567966 1.829719 0.066902
v -0.651434 1.837265 0.051457
v -0.651731 1.873078 0.051390
v -0.749432 1.872168 0.042474
v -0.749195 1.842646 0.042526
v -0.833667 1.845239 0.038006
v -0.833873 1.872156 0.037958
v -0.911205 1.872472 0.036510
v -0.911024 1.845604 0.036557
v -1.003828 1.846428 0.036428
v -1.004915 1.874519 0.036899
v -1.098390 1.878902 0.041623
v -1.096850 1.848136 0.040819
v -1.169063 1.846783 0.059110
v -1.167973 1.883275 0.058172
v -1.221443 1.890472 0.077238
v -1.345284 1.838222 0.108247
v -1.342269 1.888009 0.104101
v -1.537981 1.879123 0.103803
v -1.537637 1.830791 0.110709
v -0.479535 1.930832 0.043394
v -0.479535 1.931141 -0.023072
v -0.570961 1.910260 -0.014294
v -0.569581 1.910014 0.034321
v -0.652610 1.897090 0.027219
v -0.653617 1.897292 -0.008964
v -0.750884 1.892267 -0.007285
v -0.750112 1.892019 0.022548
v -0.834435 1.890335 0.019768
v -0.835064 1.890683 -0.007464
v -0.912214 1.891114 -0.008837
v -0.911685 1.890677 0.018350
v -1.006176 1.894264 0.017603
v -1.006917 1.894984 -0.011830
v -1.101616 1.903427 -0.016357
v -1.100460 1.901997 0.018618
v -1.168579 1.910898 0.024403
v -1.169062 1.912959 -0.023916
v -1.225091 1.921257 -0.031914
v -1.223135 1.919321 0.031493
v -1.342536 1.924755 0.041016
v -1.345005 1.929657 -0.047307
v -1.513407 1.905404 -0.039677
v -1.528662 1.905128 0.046964
v -0.479535 1.887533 -0.067288
v -0.479535 1.821817 -0.067164
v -0.571202 1.830292 -0.046547
v -0.571599 1.878370 -0.046637
v -0.654084 1.873547 -0.033041
v -0.653792 1.837730 -0.032980
v -0.751005 1.843210 -0.027093
v -0.751238 1.872742 -0.027140
v -0.835343 1.872961 -0.025586
v -0.835141 1.846034 -0.025542
v -0.912266 1.846608 -0.026886
v -0.912443 1.873485 -0.026930
v -1.006879 1.875818 -0.031396
v -1.005816 1.847175 -0.030744
v -1.098751 1.848646 -0.037868
v -1.100880 1.880937 -0.039508
v -1.167693 1.886376 -0.056799
v -1.166904 1.848214 -0.054215
v -1.226972 1.842173 -0.076613
v -1.225949 1.889797 -0.077477
v -1.347454 1.893365 -0.108051
v -1.348758 1.832355 -0.107785
v -1.499989 1.834683 -0.090312
v -1.502453 1.877385 -0.092286
v -0.400580 1.817793 -0.027014
v -1.278322 1.807392 0.092898
v -1.300690 1.832901 0.113796
v -1.228199 1.858795 0.114855
v -1.208989 1.834029 0.097358
v -1.256835 1.768289 0.226953
v -1.296647 1.768547 0.160504
v -1.325299 1.795030 0.173525
v -1.254427 1.816803 0.194158
v -1.232738 1.794253 0.178941
v -1.277351 1.808899 0.037914
v -1.281126 1.803537 -0.039025
v -1.269090 1.893812 0.088929
v -1.278121 1.928889 -0.038497
v -1.272115 1.925567 0.035731
v -1.285186 1.835626 -0.094812
v -1.283259 1.893452 -0.093680
v -1.233088 1.810817 0.087584
v -1.274667 1.861093 0.125978
v -1.297062 1.768138 0.224523
v -1.252188 1.772157 0.166287
v -1.302530 1.821189 0.194526
v -1.420851 1.787936 -0.049494
v -1.429727 1.785281 0.056473
v -1.438439 1.827682 0.128694
v -1.438319 1.882526 0.120078
v -1.434260 1.918900 0.047704
v -1.426277 1.922233 -0.052386
v -1.419897 1.886016 -0.114977
v -1.419125 1.830494 -0.112238
v -1.298502 1.757089 0.196848
v -1.324797 1.777333 0.205210
v -1.258245 1.791905 0.224852
v -1.238037 1.777137 0.211191
v -1.256219 1.759930 0.201930
v -1.302722 1.794942 0.223953
v -1.286015 1.787688 0.126619
v -1.311926 1.814052 0.143059
v -1.242296 1.838335 0.156070
v -1.222760 1.813858 0.140676
v -1.243291 1.791127 0.128666
v -1.288739 1.841969 0.160500
v 0.401002 1.891732 -0.027160
v -0.399115 1.817454 0.047785
v 0.400580 1.817793 -0.027014
v 0.399115 1.817454 0.047785
v -0.401002 1.891732 -0.027160
v -0.399542 1.891393 0.047632
vt 0.798977 0.105475
vt 0.803287 0.100815
vt 0.808987 0.102928
vt 0.801735 0.108804
vt 0.807239 0.093927
vt 0.813473 0.095724
vt 0.818137 0.096993
vt 0.812947 0.105346
vt 0.804601 0.112703
vt 0.810192 0.087166
vt 0.815800 0.088727
vt 0.810774 0.082061
vt 0.815517 0.081880
vt 0.819978 0.080802
vt 0.820078 0.088781
vt 0.824964 0.089294
vt 0.822778 0.099143
vt 0.824850 0.079645
vt 0.829588 0.077564
vt 0.812764 0.160718
vt 0.811830 0.150273
vt 0.816392 0.108564
vt 0.807124 0.116566
vt 0.809260 0.139948
vt 0.805997 0.132607
vt 0.540663 0.077480
vt 0.541921 0.073681
vt 0.551135 0.074073
vt 0.548911 0.079531
vt 0.542594 0.068080
vt 0.552040 0.067947
vt 0.561081 0.068155
vt 0.560650 0.074899
vt 0.558954 0.080956
vt 0.541702 0.062452
vt 0.550952 0.061762
vt 0.540290 0.058573
vt 0.548663 0.056153
vt 0.559258 0.055070
vt 0.560623 0.061392
vt 0.568888 0.062604
vt 0.569106 0.069172
vt 0.568059 0.056363
vt 0.576552 0.058816
vt 0.576813 0.064613
vt 0.576759 0.070690
vt 0.568640 0.075666
vt 0.567646 0.081777
vt 0.576258 0.076719
vt 0.575420 0.082378
vt 0.586387 0.078217
vt 0.585813 0.083255
vt 0.586829 0.072890
vt 0.598459 0.075247
vt 0.598099 0.079870
vt 0.597718 0.084268
vt 0.587102 0.067539
vt 0.587259 0.062452
vt 0.599074 0.066220
vt 0.598777 0.070620
vt 0.610462 0.073199
vt 0.610197 0.077303
vt 0.610730 0.069287
vt 0.621745 0.071553
vt 0.621553 0.075149
vt 0.621360 0.078913
vt 0.609927 0.081405
vt 0.609652 0.085317
vt 0.621156 0.082671
vt 0.620935 0.086256
vt 0.631217 0.083742
vt 0.631009 0.087154
vt 0.631373 0.080162
vt 0.640982 0.081168
vt 0.640872 0.084666
vt 0.640709 0.087989
vt 0.631501 0.076572
vt 0.631616 0.073135
vt 0.641091 0.074286
vt 0.641050 0.077654
vt 0.651021 0.078490
vt 0.651025 0.082016
vt 0.650974 0.075107
vt 0.661941 0.075590
vt 0.662121 0.079080
vt 0.662229 0.082728
vt 0.650974 0.085521
vt 0.650846 0.088849
vt 0.662250 0.086364
vt 0.662161 0.089815
vt 0.675397 0.087123
vt 0.675349 0.090883
vt 0.675297 0.083176
vt 0.688333 0.083113
vt 0.688488 0.087636
vt 0.688435 0.091965
vt 0.675064 0.079253
vt 0.674702 0.075538
vt 0.687500 0.074519
vt 0.688006 0.078669
vt 0.699053 0.077326
vt 0.699388 0.082478
vt 0.698550 0.072530
vt 0.708098 0.069882
vt 0.708428 0.075494
vt 0.708696 0.081426
vt 0.699565 0.087737
vt 0.699523 0.092796
vt 0.708782 0.087538
vt 0.708717 0.093396
vt 0.716332 0.087430
vt 0.716161 0.094205
vt 0.716345 0.080273
vt 0.723136 0.079097
vt 0.722958 0.087363
vt 0.722841 0.095000
vt 0.716342 0.073198
vt 0.716339 0.066514
vt 0.723923 0.063564
vt 0.723391 0.071079
vt 0.730224 0.069776
vt 0.729856 0.078394
vt 0.731124 0.061771
vt 0.737874 0.060678
vt 0.736654 0.068971
vt 0.736211 0.078019
vt 0.729611 0.087301
vt 0.729584 0.095572
vt 0.735966 0.087436
vt 0.736101 0.096203
vt 0.748336 0.098181
vt 0.748074 0.088959
vt 0.756472 0.090806
vt 0.756161 0.100000
vt 0.748589 0.078545
vt 0.757529 0.080209
vt 0.767396 0.082441
vt 0.765541 0.093308
vt 0.764600 0.102317
vt 0.749633 0.068533
vt 0.759541 0.069526
vt 0.752041 0.059287
vt 0.762994 0.059999
vt 0.774922 0.062493
vt 0.770503 0.071755
vt 0.786874 0.087617
vt 0.791037 0.078391
vt 0.801497 0.083212
vt 0.797761 0.090955
vt 0.795990 0.070690
vt 0.805695 0.076942
vt 0.781339 0.105686
vt 0.783382 0.097269
vt 0.793952 0.099086
vt 0.791453 0.106352
vt 0.537555 0.055075
vt 0.546076 0.050512
vt 0.532302 0.051001
vt 0.542390 0.044922
vt 0.554976 0.042860
vt 0.557218 0.049101
vt 0.525518 0.048399
vt 0.537139 0.039978
vt 0.519823 0.047783
vt 0.526187 0.125428
vt 0.541196 0.127729
vt 0.552155 0.036555
vt 0.564656 0.038023
vt 0.565716 0.044180
vt 0.554201 0.127145
vt 0.566323 0.124975
vt 0.575992 0.041932
vt 0.575967 0.047462
vt 0.567003 0.050271
vt 0.576231 0.053169
vt 0.587465 0.057493
vt 0.587799 0.052494
vt 0.599951 0.057544
vt 0.599449 0.061911
vt 0.588359 0.047700
vt 0.580064 0.121780
vt 0.593789 0.118644
vt 0.600599 0.053328
vt 0.612071 0.057661
vt 0.611509 0.061502
vt 0.606353 0.116392
vt 0.617660 0.115133
vt 0.622677 0.060744
vt 0.622298 0.064342
vt 0.611067 0.065436
vt 0.621986 0.067996
vt 0.631757 0.069729
vt 0.631941 0.066221
vt 0.641188 0.067499
vt 0.641131 0.070945
vt 0.632159 0.062759
vt 0.627478 0.114678
vt 0.636705 0.114874
vt 0.641265 0.064091
vt 0.650738 0.064862
vt 0.650826 0.068285
vt 0.646184 0.115726
vt 0.656505 0.117221
vt 0.661165 0.065110
vt 0.661429 0.068598
vt 0.650904 0.071749
vt 0.661700 0.072141
vt 0.674207 0.071924
vt 0.673640 0.068274
vt 0.685894 0.066785
vt 0.686774 0.070604
vt 0.673088 0.064732
vt 0.668167 0.119450
vt 0.679531 0.122866
vt 0.684977 0.063170
vt 0.695390 0.060322
vt 0.696680 0.064056
vt 0.689039 0.127623
vt 0.697175 0.134102
vt 0.704670 0.056328
vt 0.706356 0.060254
vt 0.697760 0.068136
vt 0.707432 0.064791
vt 0.716119 0.060474
vt 0.715341 0.055248
vt 0.724796 0.049212
vt 0.724285 0.056803
vt 0.713159 0.051107
vt 0.704670 0.142020
vt 0.712788 0.151892
vt 0.720267 0.045409
vt 0.731866 0.054823
vt 0.733181 0.048139
vt 0.740724 0.047141
vt 0.739079 0.053631
vt 0.755457 0.050957
vt 0.767544 0.052254
vt 0.759831 0.042905
vt 0.772402 0.046577
vt 0.785155 0.050545
vt 0.780182 0.055616
vt 0.767161 0.038003
vt 0.777019 0.041703
vt 0.741836 0.164418
vt 0.753414 0.167871
vt 0.765708 0.171236
vt 0.789321 0.045564
vt 0.806568 0.061404
vt 0.811226 0.056757
vt 0.820361 0.067703
vt 0.815292 0.070782
vt 0.817055 0.050897
vt 0.802273 0.171452
vt 0.801536 0.065442
vt 0.810640 0.073605
vt 0.512719 0.055350
vt 0.528490 0.118031
vt 0.510013 0.068783
vt 0.530765 0.110868
vt 0.544273 0.114529
vt 0.542602 0.121099
vt 0.513673 0.082323
vt 0.532303 0.103799
vt 0.521931 0.090040
vt 0.534036 0.097782
vt 0.547787 0.102786
vt 0.545843 0.108258
vt 0.557593 0.109500
vt 0.556116 0.115280
vt 0.559381 0.104199
vt 0.569637 0.104062
vt 0.568309 0.109173
vt 0.567226 0.114509
vt 0.554908 0.121277
vt 0.566502 0.119866
vt 0.580063 0.117318
vt 0.580455 0.112566
vt 0.594060 0.110398
vt 0.593797 0.114655
vt 0.581134 0.107738
vt 0.581990 0.103044
vt 0.595094 0.101844
vt 0.594516 0.106062
vt 0.607133 0.104894
vt 0.606735 0.108843
vt 0.607606 0.101068
vt 0.619132 0.100798
vt 0.618669 0.104360
vt 0.618243 0.108048
vt 0.606461 0.112732
vt 0.617895 0.111691
vt 0.627847 0.111377
vt 0.628293 0.107888
vt 0.637774 0.108227
vt 0.637215 0.111642
vt 0.628784 0.104362
vt 0.629281 0.100962
vt 0.638920 0.101458
vt 0.638356 0.104780
vt 0.648205 0.105632
vt 0.647512 0.109076
vt 0.648864 0.102316
vt 0.659737 0.103629
vt 0.658923 0.106989
vt 0.658073 0.110471
vt 0.646829 0.112490
vt 0.657261 0.113934
vt 0.669010 0.116088
vt 0.670040 0.112591
vt 0.681832 0.115719
vt 0.680564 0.119373
vt 0.671116 0.109043
vt 0.672173 0.105572
vt 0.684489 0.108253
vt 0.683159 0.111962
vt 0.693585 0.115558
vt 0.691974 0.119742
vt 0.695126 0.111393
vt 0.704240 0.114724
vt 0.702536 0.119659
vt 0.700710 0.124705
vt 0.690482 0.123844
vt 0.699005 0.129704
vt 0.706646 0.136368
vt 0.708375 0.129856
vt 0.715492 0.134523
vt 0.713903 0.142491
vt 0.710334 0.123552
vt 0.712143 0.117651
vt 0.719510 0.120222
vt 0.717575 0.127007
vt 0.724804 0.129952
vt 0.722519 0.138291
vt 0.726992 0.122660
vt 0.734254 0.124782
vt 0.731923 0.132306
vt 0.729400 0.140888
vt 0.720969 0.146700
vt 0.720684 0.154845
vt 0.727838 0.149563
vt 0.727565 0.157397
vt 0.742092 0.155116
vt 0.752858 0.157669
vt 0.743073 0.145411
vt 0.752915 0.147136
vt 0.764091 0.148029
vt 0.764704 0.159745
vt 0.745647 0.135794
vt 0.754698 0.137012
vt 0.747958 0.127427
vt 0.756376 0.128272
vt 0.765575 0.128762
vt 0.764721 0.137464
vt 0.786858 0.148631
vt 0.786063 0.137186
vt 0.798385 0.137702
vt 0.799936 0.149080
vt 0.784851 0.128788
vt 0.798242 0.127467
vt 0.787996 0.161893
vt 0.801081 0.161071
vt 0.526881 0.088108
vt 0.538397 0.093979
vt 0.533166 0.085050
vt 0.543262 0.089905
vt 0.554229 0.092427
vt 0.550811 0.097788
vt 0.538066 0.080929
vt 0.546560 0.084858
vt 0.556961 0.086711
vt 0.566129 0.087584
vt 0.564001 0.093348
vt 0.574349 0.087868
vt 0.572852 0.093447
vt 0.561617 0.098964
vt 0.571223 0.098920
vt 0.582998 0.098300
vt 0.584057 0.093292
vt 0.596488 0.093129
vt 0.595773 0.097595
vt 0.585042 0.088202
vt 0.597147 0.088618
vt 0.609210 0.089191
vt 0.608689 0.093216
vt 0.620587 0.089823
vt 0.620118 0.093528
vt 0.608137 0.097230
vt 0.619621 0.097237
vt 0.629773 0.097570
vt 0.630263 0.094045
vt 0.639978 0.094711
vt 0.639455 0.098147
vt 0.630738 0.090535
vt 0.640463 0.091285
vt 0.650588 0.092148
vt 0.650057 0.095574
vt 0.661810 0.093237
vt 0.661203 0.096763
vt 0.649475 0.099009
vt 0.660497 0.100267
vt 0.673192 0.102060
vt 0.674117 0.098371
vt 0.686920 0.100425
vt 0.685771 0.104457
vt 0.674846 0.094576
vt 0.687829 0.096181
vt 0.698862 0.097704
vt 0.697833 0.102574
vt 0.708064 0.099048
vt 0.707039 0.104571
vt 0.696559 0.107123
vt 0.705745 0.109756
vt 0.713643 0.111935
vt 0.714846 0.106285
vt 0.722146 0.107931
vt 0.721015 0.113915
vt 0.715737 0.100374
vt 0.722577 0.101738
vt 0.729612 0.102815
vt 0.729532 0.109464
vt 0.736413 0.103937
vt 0.736509 0.111108
vt 0.728535 0.115995
vt 0.735855 0.117994
vt 0.749332 0.120182
vt 0.757452 0.121185
vt 0.749858 0.113113
vt 0.757665 0.114212
vt 0.765710 0.115661
vt 0.766107 0.121904
vt 0.749077 0.105931
vt 0.756797 0.107413
vt 0.765060 0.109197
vt 0.782528 0.117439
vt 0.781358 0.111952
vt 0.791758 0.111994
vt 0.793491 0.117067
vt 0.783192 0.122663
vt 0.794977 0.122023
vt 0.533274 0.062066
vt 0.527276 0.059528
vt 0.533687 0.068330
vt 0.525557 0.068542
vt 0.748934 0.045529
vt 0.750897 0.039750
vt 0.757741 0.037824
vt 0.742967 0.041019
vt 0.745054 0.035369
vt 0.751971 0.034387
vt 0.757695 0.032660
vt 0.763889 0.035311
vt 0.739288 0.168298
vt 0.763199 0.030985
vt 0.767973 0.029956
vt 0.721791 0.162382
vt 0.722667 0.036078
vt 0.727949 0.164008
vt 0.728482 0.169849
vt 0.722977 0.168899
vt 0.718390 0.168838
vt 0.725571 0.039477
vt 0.730016 0.041249
vt 0.729266 0.033190
vt 0.733317 0.034764
vt 0.744329 0.007321
vt 0.743213 0.005641
vt 0.746444 0.004112
vt 0.746799 0.006990
vt 0.742390 0.003380
vt 0.722389 0.197335
vt 0.726567 0.198223
vt 0.751112 0.003697
vt 0.750765 0.007169
vt 0.759455 0.023801
vt 0.754200 0.025014
vt 0.755039 0.020190
vt 0.759993 0.019248
vt 0.748189 0.025446
vt 0.749348 0.020224
vt 0.750274 0.015193
vt 0.755430 0.015432
vt 0.759892 0.015047
vt 0.740695 0.182389
vt 0.764736 0.022719
vt 0.764898 0.018130
vt 0.740677 0.187939
vt 0.764188 0.013709
vt 0.768671 0.011871
vt 0.730688 0.019506
vt 0.724118 0.179513
vt 0.724164 0.184739
vt 0.733180 0.014048
vt 0.729500 0.180048
vt 0.729566 0.185265
vt 0.729170 0.190253
vt 0.723990 0.189591
vt 0.719653 0.189777
vt 0.737620 0.023806
vt 0.733878 0.022107
vt 0.736062 0.016551
vt 0.739456 0.018303
vt 0.738479 0.011550
vt 0.741359 0.013346
vt 0.742533 0.068589
vt 0.741956 0.078039
vt 0.744185 0.059905
vt 0.741709 0.087934
vt 0.742005 0.097014
vt 0.746285 0.052323
vt 0.738468 0.134216
vt 0.735720 0.143315
vt 0.740946 0.126305
vt 0.734362 0.152322
vt 0.734231 0.160233
vt 0.742563 0.104891
vt 0.743097 0.112099
vt 0.742436 0.119153
vt 0.735796 0.041514
vt 0.738567 0.035385
vt 0.734213 0.166103
vt 0.734285 0.171313
vt 0.756292 0.004694
vt 0.755095 0.008056
vt 0.731305 0.199053
vt 0.734820 0.199636
vt 0.760253 0.007198
vt 0.758174 0.008887
vt 0.742487 0.024965
vt 0.743984 0.019574
vt 0.745405 0.014573
vt 0.735332 0.181009
vt 0.735436 0.186279
vt 0.734769 0.191391
vt 0.774205 0.095260
vt 0.772737 0.104225
vt 0.776981 0.084803
vt 0.780851 0.074640
vt 0.785833 0.066004
vt 0.791450 0.059790
vt 0.796548 0.055102
vt 0.800990 0.050092
vt 0.777598 0.173615
vt 0.776265 0.161256
vt 0.775243 0.148440
vt 0.774862 0.137617
vt 0.774641 0.128873
vt 0.774306 0.122117
vt 0.773702 0.116545
vt 0.772766 0.110810
vt 0.755157 0.011340
vt 0.759096 0.011443
vt 0.750547 0.010725
vt 0.762618 0.010032
vt 0.737349 0.197357
vt 0.723255 0.193864
vt 0.739307 0.005317
vt 0.727850 0.194527
vt 0.740890 0.007779
vt 0.743069 0.009473
vt 0.746395 0.010195
vt 0.732995 0.195548
vt 0.753091 0.029590
vt 0.758511 0.028114
vt 0.746767 0.030328
vt 0.763921 0.026911
vt 0.740050 0.177472
vt 0.723720 0.174394
vt 0.728559 0.024849
vt 0.729056 0.175049
vt 0.731795 0.027529
vt 0.735699 0.029149
vt 0.740748 0.030070
vt 0.734795 0.176156
vt 0.672150 0.360899
vt 0.664883 0.381862
vt 0.669309 0.346601
vt 0.674898 0.358018
vt 0.659493 0.391292
vt 0.667152 0.335079
vt 0.672245 0.334942
vt 0.673733 0.344931
vt 0.678647 0.355251
vt 0.655745 0.401156
vt 0.669119 0.324946
vt 0.655730 0.408667
vt 0.673081 0.315987
vt 0.677042 0.319098
vt 0.673793 0.326471
vt 0.677673 0.328225
vt 0.677024 0.335664
vt 0.680681 0.321942
vt 0.684972 0.324003
vt 0.683461 0.328981
vt 0.683490 0.336457
vt 0.678333 0.344194
vt 0.682768 0.352603
vt 0.684450 0.344459
vt 0.686630 0.350522
vt 0.953569 0.430112
vt 0.963930 0.425238
vt 0.939059 0.439636
vt 0.939529 0.433395
vt 0.971592 0.413397
vt 0.938135 0.446787
vt 0.924216 0.445996
vt 0.924810 0.439540
vt 0.924833 0.433735
vt 0.973060 0.399802
vt 0.938026 0.454260
vt 0.968593 0.390545
vt 0.961360 0.374658
vt 0.946348 0.364607
vt 0.923748 0.452745
vt 0.912032 0.449105
vt 0.912798 0.443009
vt 0.932037 0.361469
vt 0.918788 0.361841
vt 0.901478 0.444086
vt 0.902540 0.438766
vt 0.913302 0.437041
vt 0.913376 0.431440
vt 0.903277 0.433350
vt 0.903715 0.428071
vt 0.891620 0.427869
vt 0.892378 0.423140
vt 0.890644 0.432660
vt 0.878477 0.426161
vt 0.879527 0.421925
vt 0.880409 0.417751
vt 0.889418 0.437275
vt 0.904584 0.363891
vt 0.891018 0.365848
vt 0.877257 0.430245
vt 0.865899 0.424254
vt 0.867003 0.420523
vt 0.878818 0.366701
vt 0.867877 0.366488
vt 0.855432 0.419505
vt 0.856386 0.415984
vt 0.867993 0.416685
vt 0.868855 0.412930
vt 0.857264 0.412392
vt 0.858051 0.408901
vt 0.847693 0.409066
vt 0.848392 0.405722
vt 0.846935 0.412525
vt 0.837851 0.409719
vt 0.838491 0.406306
vt 0.839098 0.403018
vt 0.846132 0.415933
vt 0.858413 0.365542
vt 0.849577 0.363978
vt 0.837190 0.413098
vt 0.827816 0.410719
vt 0.828347 0.407297
vt 0.840642 0.361701
vt 0.831094 0.358606
vt 0.817467 0.408591
vt 0.817878 0.405082
vt 0.828874 0.403851
vt 0.829386 0.400541
vt 0.818263 0.401550
vt 0.818642 0.398150
vt 0.806027 0.399349
vt 0.806207 0.395773
vt 0.805840 0.403012
vt 0.793633 0.401860
vt 0.793634 0.397930
vt 0.793632 0.394049
vt 0.805628 0.406624
vt 0.820483 0.354534
vt 0.810487 0.349391
vt 0.793624 0.405688
vt 0.782777 0.406438
vt 0.782685 0.402126
vt 0.802500 0.343514
vt 0.796199 0.336989
vt 0.772806 0.408938
vt 0.772773 0.403711
vt 0.782566 0.397696
vt 0.782524 0.393308
vt 0.772747 0.398398
vt 0.772815 0.393228
vt 0.764107 0.399280
vt 0.764395 0.393161
vt 0.763842 0.405830
vt 0.755604 0.407634
vt 0.756145 0.399900
vt 0.756595 0.392910
vt 0.763427 0.412483
vt 0.791349 0.329903
vt 0.787790 0.321882
vt 0.754606 0.415609
vt 0.746547 0.416941
vt 0.747757 0.408581
vt 0.744337 0.424720
vt 0.737074 0.424730
vt 0.739165 0.417274
vt 0.740394 0.408635
vt 0.748342 0.400042
vt 0.748730 0.392487
vt 0.740866 0.399709
vt 0.741180 0.391833
vt 0.727359 0.389455
vt 0.726774 0.398123
vt 0.717839 0.396127
vt 0.719118 0.387304
vt 0.726021 0.408084
vt 0.716240 0.406381
vt 0.705547 0.403457
vt 0.708221 0.393133
vt 0.710275 0.384547
vt 0.723989 0.417635
vt 0.713129 0.416604
vt 0.721496 0.426636
vt 0.729410 0.291087
vt 0.718268 0.290240
vt 0.701447 0.414473
vt 0.683932 0.396452
vt 0.679045 0.408827
vt 0.666873 0.404501
vt 0.671289 0.393110
vt 0.674196 0.420179
vt 0.677834 0.301177
vt 0.692015 0.377888
vt 0.688129 0.385658
vt 0.676120 0.382371
vt 0.679584 0.372306
vt 0.962969 0.389473
vt 0.954731 0.377980
vt 0.955721 0.389758
vt 0.948119 0.380818
vt 0.937186 0.374624
vt 0.941989 0.369694
vt 0.949567 0.392025
vt 0.942890 0.384903
vt 0.945953 0.394523
vt 0.938824 0.389482
vt 0.929232 0.384806
vt 0.932927 0.379684
vt 0.923448 0.377824
vt 0.926604 0.372312
vt 0.920507 0.383246
vt 0.911730 0.382741
vt 0.913831 0.377452
vt 0.915925 0.372093
vt 0.929699 0.366851
vt 0.917722 0.366839
vt 0.904089 0.368319
vt 0.903115 0.373058
vt 0.889982 0.374013
vt 0.890642 0.369797
vt 0.901855 0.377932
vt 0.900486 0.382733
vt 0.888139 0.382561
vt 0.889118 0.378333
vt 0.877009 0.378016
vt 0.877778 0.374136
vt 0.876153 0.381788
vt 0.865030 0.380439
vt 0.865882 0.376984
vt 0.866683 0.373412
vt 0.878389 0.370308
vt 0.867390 0.369873
vt 0.857812 0.368772
vt 0.856994 0.372131
vt 0.847881 0.370386
vt 0.848828 0.367125
vt 0.856114 0.375517
vt 0.855211 0.378788
vt 0.845901 0.376837
vt 0.846889 0.373667
vt 0.837430 0.371288
vt 0.838574 0.368041
vt 0.836316 0.374428
vt 0.825825 0.371334
vt 0.827153 0.368180
vt 0.828531 0.364938
vt 0.839698 0.364822
vt 0.829877 0.361729
vt 0.818916 0.357573
vt 0.817235 0.360714
vt 0.806357 0.355372
vt 0.808456 0.352321
vt 0.815503 0.363937
vt 0.813846 0.367136
vt 0.802202 0.361973
vt 0.804224 0.358610
vt 0.794889 0.352661
vt 0.797357 0.349300
vt 0.792584 0.356391
vt 0.784672 0.350586
vt 0.787152 0.346220
vt 0.789836 0.342519
vt 0.799895 0.346311
vt 0.792848 0.339550
vt 0.786980 0.331944
vt 0.783396 0.334888
vt 0.776994 0.326067
vt 0.782641 0.324426
vt 0.780666 0.339250
vt 0.778213 0.344586
vt 0.772264 0.339129
vt 0.774504 0.332936
vt 0.768280 0.328236
vt 0.769727 0.321823
vt 0.766286 0.334762
vt 0.760490 0.331134
vt 0.762139 0.324277
vt 0.763242 0.317830
vt 0.743022 0.298915
vt 0.731938 0.298346
vt 0.747775 0.305795
vt 0.734609 0.304501
vt 0.721135 0.304155
vt 0.719065 0.298126
vt 0.748278 0.315143
vt 0.736724 0.311736
vt 0.748055 0.324262
vt 0.737742 0.320797
vt 0.725816 0.318932
vt 0.723739 0.310596
vt 0.697079 0.306476
vt 0.700073 0.312142
vt 0.688432 0.316208
vt 0.685338 0.311718
vt 0.703112 0.319087
vt 0.691689 0.321188
vt 0.694735 0.300369
vt 0.681990 0.306778
vt 0.943379 0.397717
vt 0.934843 0.393950
vt 0.940697 0.402674
vt 0.931827 0.399453
vt 0.923302 0.396668
vt 0.925919 0.390384
vt 0.939728 0.408190
vt 0.930831 0.405579
vt 0.939797 0.412187
vt 0.931325 0.411442
vt 0.921312 0.409534
vt 0.921590 0.403242
vt 0.913814 0.401393
vt 0.915436 0.395067
vt 0.912819 0.407525
vt 0.905298 0.405578
vt 0.906316 0.399915
vt 0.907763 0.394004
vt 0.917735 0.388891
vt 0.909644 0.388190
vt 0.899029 0.387642
vt 0.897594 0.392840
vt 0.885893 0.391369
vt 0.887046 0.386853
vt 0.896321 0.398069
vt 0.895258 0.403065
vt 0.883741 0.400215
vt 0.884773 0.395896
vt 0.873138 0.393570
vt 0.874170 0.389583
vt 0.872162 0.397376
vt 0.861197 0.394636
vt 0.862128 0.391173
vt 0.863117 0.387547
vt 0.875199 0.385595
vt 0.864106 0.383916
vt 0.854261 0.382076
vt 0.853261 0.385507
vt 0.843851 0.383352
vt 0.844891 0.380025
vt 0.852277 0.388933
vt 0.851382 0.392211
vt 0.841929 0.389843
vt 0.842842 0.386673
vt 0.833005 0.384190
vt 0.834080 0.380892
vt 0.832053 0.387343
vt 0.821031 0.384522
vt 0.822064 0.381279
vt 0.823259 0.377901
vt 0.835205 0.377589
vt 0.824536 0.374536
vt 0.812279 0.370463
vt 0.810766 0.374019
vt 0.798501 0.369588
vt 0.800312 0.365616
vt 0.809377 0.377639
vt 0.808202 0.381140
vt 0.795469 0.377704
vt 0.796844 0.373695
vt 0.786379 0.369949
vt 0.788330 0.365183
vt 0.784734 0.374624
vt 0.775887 0.371938
vt 0.777810 0.366509
vt 0.780006 0.360919
vt 0.790425 0.360589
vt 0.782340 0.355574
vt 0.775791 0.350632
vt 0.773279 0.357093
vt 0.767350 0.353564
vt 0.769965 0.346136
vt 0.770803 0.363693
vt 0.768622 0.370006
vt 0.762088 0.368326
vt 0.764627 0.361240
vt 0.758436 0.358739
vt 0.761359 0.350427
vt 0.755570 0.366398
vt 0.749244 0.364597
vt 0.752457 0.356520
vt 0.755595 0.347711
vt 0.764103 0.342363
vt 0.758444 0.339178
vt 0.746620 0.333811
vt 0.737132 0.331060
vt 0.743896 0.343577
vt 0.734963 0.341808
vt 0.724930 0.340408
vt 0.726173 0.329253
vt 0.740581 0.353468
vt 0.732077 0.352150
vt 0.737038 0.361982
vt 0.729039 0.360878
vt 0.720265 0.359982
vt 0.722665 0.351214
vt 0.704814 0.338302
vt 0.704347 0.348640
vt 0.693788 0.346441
vt 0.693431 0.337349
vt 0.703167 0.357237
vt 0.693336 0.354215
vt 0.704600 0.328114
vt 0.693031 0.328675
vt 0.941146 0.416295
vt 0.931819 0.417218
vt 0.944484 0.421773
vt 0.933297 0.423037
vt 0.922087 0.421906
vt 0.921351 0.415617
vt 0.949503 0.426654
vt 0.936643 0.428417
vt 0.923608 0.428061
vt 0.912979 0.425759
vt 0.912535 0.419666
vt 0.903905 0.422679
vt 0.904145 0.416949
vt 0.912390 0.413518
vt 0.904546 0.411157
vt 0.894382 0.408030
vt 0.893648 0.413198
vt 0.882002 0.409039
vt 0.882862 0.404539
vt 0.893000 0.418306
vt 0.881194 0.413507
vt 0.869653 0.409139
vt 0.870476 0.405169
vt 0.858801 0.405400
vt 0.859580 0.401754
vt 0.871315 0.401190
vt 0.860373 0.398115
vt 0.850545 0.395479
vt 0.849811 0.398924
vt 0.840395 0.396372
vt 0.841096 0.393014
vt 0.849082 0.402386
vt 0.839721 0.399751
vt 0.829937 0.397259
vt 0.830557 0.393870
vt 0.819071 0.394772
vt 0.819599 0.391285
vt 0.831223 0.390508
vt 0.820228 0.387813
vt 0.807421 0.384716
vt 0.806822 0.388461
vt 0.794003 0.386002
vt 0.794595 0.381786
vt 0.806441 0.392181
vt 0.793714 0.390109
vt 0.782627 0.388863
vt 0.782981 0.384218
vt 0.773094 0.388099
vt 0.773652 0.382845
vt 0.783678 0.379370
vt 0.774570 0.377378
vt 0.766926 0.375876
vt 0.765741 0.381665
vt 0.758352 0.380553
vt 0.760025 0.374644
vt 0.764931 0.387329
vt 0.757333 0.386517
vt 0.749574 0.385748
vt 0.750891 0.379331
vt 0.742020 0.384923
vt 0.743762 0.378288
vt 0.753051 0.373109
vt 0.746281 0.371662
vt 0.733623 0.368958
vt 0.725825 0.367587
vt 0.730444 0.375400
vt 0.722667 0.373645
vt 0.714549 0.372120
vt 0.717414 0.366289
vt 0.728507 0.382184
vt 0.720490 0.380255
vt 0.712079 0.377885
vt 0.697988 0.367868
vt 0.695575 0.372569
vt 0.684418 0.367883
vt 0.687564 0.363657
vt 0.700955 0.363097
vt 0.690984 0.359439
vt 0.952100 0.416225
vt 0.957999 0.419677
vt 0.956880 0.408532
vt 0.963665 0.410838
vt 0.729933 0.425088
vt 0.728133 0.430580
vt 0.743207 0.292217
vt 0.734601 0.430788
vt 0.732033 0.436071
vt 0.726160 0.435340
vt 0.720910 0.434747
vt 0.746475 0.297107
vt 0.751510 0.302073
vt 0.749324 0.293295
vt 0.753715 0.297387
vt 0.769995 0.315025
vt 0.775359 0.317169
vt 0.763689 0.311524
vt 0.764129 0.305673
vt 0.769998 0.308574
vt 0.775003 0.310288
vt 0.780122 0.317362
vt 0.745721 0.432827
vt 0.779322 0.310610
vt 0.783421 0.309506
vt 0.728804 0.464264
vt 0.780341 0.281358
vt 0.778537 0.278483
vt 0.726219 0.463742
vt 0.778477 0.282186
vt 0.776611 0.280640
vt 0.773173 0.278806
vt 0.774870 0.275776
vt 0.722738 0.462484
vt 0.748078 0.281917
vt 0.721285 0.443860
vt 0.719104 0.448697
vt 0.751134 0.277024
vt 0.727133 0.445228
vt 0.725062 0.449984
vt 0.723501 0.454566
vt 0.717805 0.453678
vt 0.712749 0.453986
vt 0.756672 0.288404
vt 0.752689 0.284743
vt 0.755167 0.280390
vt 0.758592 0.283994
vt 0.758331 0.276900
vt 0.761086 0.280351
vt 0.776034 0.299044
vt 0.771128 0.297774
vt 0.772409 0.292463
vt 0.777055 0.293554
vt 0.765789 0.295451
vt 0.767322 0.290351
vt 0.769111 0.285635
vt 0.773671 0.287582
vt 0.777855 0.288535
vt 0.736580 0.448518
vt 0.780175 0.299300
vt 0.780908 0.293670
vt 0.734412 0.453605
vt 0.781280 0.288401
vt 0.784597 0.287527
vt 0.732153 0.417600
vt 0.733632 0.408646
vt 0.734066 0.399163
vt 0.734365 0.390870
vt 0.756075 0.320151
vt 0.756448 0.312907
vt 0.754995 0.327936
vt 0.746906 0.354856
vt 0.750247 0.345578
vt 0.743407 0.363188
vt 0.753148 0.336574
vt 0.735386 0.383673
vt 0.737202 0.376864
vt 0.740137 0.370315
vt 0.740858 0.431395
vt 0.737449 0.437121
vt 0.757027 0.306873
vt 0.758236 0.301615
vt 0.770051 0.273814
vt 0.718640 0.461743
vt 0.769095 0.277242
vt 0.766098 0.276154
vt 0.765360 0.273594
vt 0.765230 0.270540
vt 0.732348 0.446808
vt 0.730309 0.451710
vt 0.728606 0.456269
vt 0.760663 0.292082
vt 0.762351 0.287345
vt 0.764617 0.283056
vt 0.698612 0.389782
vt 0.701648 0.381511
vt 0.694970 0.400056
vt 0.690217 0.411954
vt 0.705485 0.289838
vt 0.706643 0.298116
vt 0.708788 0.304415
vt 0.711639 0.310591
vt 0.714352 0.318400
vt 0.715491 0.328296
vt 0.715086 0.339243
vt 0.713745 0.350021
vt 0.711899 0.358892
vt 0.709539 0.365042
vt 0.706688 0.370137
vt 0.704241 0.375222
vt 0.718071 0.458055
vt 0.760626 0.270684
vt 0.723153 0.458768
vt 0.761773 0.274604
vt 0.763842 0.277734
vt 0.775184 0.283473
vt 0.778384 0.284565
vt 0.771360 0.281846
vt 0.781155 0.284182
vt 0.730676 0.462319
vt 0.727417 0.460394
vt 0.767150 0.279853
vt 0.723751 0.439585
vt 0.746400 0.286338
vt 0.729503 0.440737
vt 0.750988 0.289070
vt 0.755218 0.292823
vt 0.770333 0.302997
vt 0.775295 0.304461
vt 0.764775 0.300436
vt 0.779528 0.304779
vt 0.738887 0.443676
vt 0.734684 0.442085
vt 0.759393 0.296759
vt 0.527705 0.077370
vt 0.533688 0.074560
vt 0.964622 0.400609
vt 0.957951 0.399427
vt 0.518348 0.068658
vt 0.521059 0.078747
vt 0.520577 0.058637
vt 0.949136 0.405774
vt 0.947329 0.411652
vt 0.951538 0.400054
vt 0.783637 0.303969
vt 0.741724 0.438684
vt 0.784224 0.298585
vt 0.718405 0.438660
vt 0.745208 0.290001
vt 0.715770 0.443037
vt 0.783785 0.282892
vt 0.732390 0.458363
vt 0.782248 0.279847
vt 0.713503 0.458641
vt 0.755567 0.272962
vt 0.715327 0.461493
vt 0.685100 0.423177
vt 0.691869 0.292602
vt 0.696749 0.424922
vt 0.770131 0.270202
vt 0.776188 0.272254
vt 0.784645 0.292911
vt 0.713583 0.448387
vt 0.780670 0.276054
vt 0.784115 0.315529
vt 0.752639 0.424649
vt 0.722700 0.430871
vt 0.736097 0.286931
vt 0.738373 0.291280
vt 0.740490 0.295531
vt 0.670135 0.375435
vt 0.662921 0.414337
vt 0.669629 0.312074
vt 0.709351 0.426044
vt 0.763527 0.418398
vt 0.773217 0.413638
vt 0.783003 0.410448
vt 0.793505 0.409310
vt 0.805313 0.410054
vt 0.817055 0.411929
vt 0.827301 0.413969
vt 0.836533 0.416294
vt 0.845305 0.419141
vt 0.854424 0.422795
vt 0.864699 0.427704
vt 0.875869 0.433977
vt 0.887906 0.441469
vt 0.899999 0.448981
vt 0.910917 0.454904
vt 0.923098 0.459456
vt 0.937825 0.461982
vt 0.949781 0.460993
vt 0.950375 0.455003
vt 0.951552 0.446013
vt 0.952344 0.436871
vt 0.662673 0.321641
vt 0.660213 0.336596
vt 0.664665 0.351100
vt 0.719200 0.174369
vt 0.726104 0.030323
vt 0.719546 0.179539
vt 0.769171 0.026765
vt 0.739367 0.172861
vt 0.770136 0.022589
vt 0.719444 0.193818
vt 0.736047 0.009130
vt 0.719923 0.196344
vt 0.765812 0.007403
vt 0.739547 0.193263
vt 0.762180 0.004821
vt 0.805294 0.042904
vt 0.789394 0.174239
vt 0.792860 0.038395
vt 0.758378 0.001734
vt 0.751974 0.000000
vt 0.719649 0.184858
vt 0.770133 0.017262
vt 0.745897 0.000906
vt 0.716698 0.162034
vt 0.716519 0.041055
vt 0.767169 0.032086
vt 0.771230 0.035470
vt 0.774231 0.033633
vt 0.808766 0.120199
vt 0.520753 0.096702
vt 0.518395 0.105596
vt 0.516598 0.114544
vt 0.515104 0.120340
vt 0.826565 0.064485
vt 0.810796 0.167951
vt 0.781580 0.035597
vt 0.769236 0.036960
vt 0.709912 0.047538
vt 0.702525 0.052685
vt 0.693973 0.056764
vt 0.684082 0.059709
vt 0.672609 0.061339
vt 0.661012 0.061758
vt 0.650815 0.061596
vt 0.641511 0.060858
vt 0.632547 0.059489
vt 0.623202 0.057356
vt 0.612709 0.054078
vt 0.601409 0.049437
vt 0.589261 0.043329
vt 0.576627 0.036861
vt 0.564381 0.032141
vt 0.549914 0.030189
vt 0.531997 0.034651
vt 0.819010 0.114406
vt 0.828565 0.103287
vt 0.832200 0.088914
vn 0.481257 0.740697 -0.468785
vn 0.476940 0.840587 -0.256790
vn 0.768002 0.480337 -0.423614
vn 0.634437 0.366690 -0.680462
vn 0.457295 0.882543 -0.109540
vn 0.799229 0.560120 -0.217940
vn 0.964878 -0.014836 -0.262280
vn 0.859956 -0.028935 -0.509547
vn 0.664401 -0.047270 -0.745880
vn 0.437974 0.897153 0.057397
vn 0.817328 0.571846 0.070484
vn 0.382435 0.867624 0.317761
vn 0.631510 0.555296 0.541148
vn 0.759599 0.053652 0.648175
vn 0.992757 0.000126 0.120139
vn 0.850472 -0.518569 0.088221
vn 0.812257 -0.539979 -0.220593
vn 0.711800 -0.426037 0.558420
vn 0.529731 -0.773366 0.348267
vn 0.536647 -0.841094 0.067612
vn 0.515321 -0.843911 -0.149192
vn 0.747471 -0.490847 -0.447612
vn 0.596412 -0.432828 -0.675983
vn 0.492176 -0.799705 -0.343853
vn 0.456856 -0.719810 -0.522643
vn -0.346130 0.668187 -0.658575
vn -0.429602 0.859107 -0.278167
vn 0.007030 0.950333 -0.311157
vn 0.038786 0.711328 -0.701789
vn -0.458033 0.888935 0.001081
vn -0.016974 0.999846 0.004565
vn 0.238107 0.971223 0.005542
vn 0.239721 0.915438 -0.323275
vn 0.243837 0.690607 -0.680886
vn -0.425038 0.859923 0.282623
vn 0.007286 0.947840 0.318662
vn -0.340763 0.668126 0.661429
vn 0.039123 0.709538 0.703580
vn 0.250360 0.686921 0.682246
vn 0.243068 0.911439 0.331959
vn 0.242850 0.910472 0.334760
vn 0.235566 0.971822 0.008406
vn 0.254069 0.684178 0.683630
vn 0.189960 0.692660 0.695800
vn 0.177730 0.922836 0.341739
vn 0.170853 0.985242 0.010415
vn 0.236114 0.917058 -0.321334
vn 0.240594 0.691953 -0.680672
vn 0.171713 0.930261 -0.324237
vn 0.177430 0.702359 -0.689355
vn 0.095611 0.939227 -0.329713
vn 0.099429 0.709471 -0.697686
vn 0.096828 0.995266 0.008412
vn 0.057963 0.998287 0.008014
vn 0.055177 0.941936 -0.331229
vn 0.057165 0.711757 -0.700096
vn 0.104369 0.933315 0.343554
vn 0.117494 0.702318 0.702100
vn 0.079043 0.705738 0.704049
vn 0.065932 0.936561 0.344248
vn 0.043480 0.937459 0.345368
vn 0.035295 0.999336 0.009040
vn 0.055962 0.706871 0.705125
vn 0.041356 0.707243 0.705760
vn 0.030174 0.937492 0.346696
vn 0.022231 0.999695 0.010776
vn 0.031177 0.943222 -0.330695
vn 0.031200 0.713077 -0.700391
vn 0.017227 0.944112 -0.329174
vn 0.015314 0.714231 -0.699743
vn 0.005546 0.944880 -0.327370
vn 0.001606 0.715128 -0.698992
vn 0.011259 0.999854 0.012826
vn -0.004697 0.999884 0.014523
vn -0.011062 0.945346 -0.325880
vn -0.016709 0.715625 -0.698285
vn 0.018679 0.937171 0.348369
vn 0.028137 0.706937 0.706717
vn 0.010207 0.706579 0.707561
vn 0.002232 0.936826 0.349788
vn -0.016014 0.936004 0.351624
vn -0.023227 0.999597 0.016350
vn -0.007812 0.705537 0.708630
vn -0.022116 0.702973 0.710872
vn -0.032831 0.934111 0.355470
vn -0.041430 0.998953 0.019379
vn -0.030184 0.945386 -0.324554
vn -0.036412 0.715445 -0.697720
vn -0.048929 0.945096 -0.323108
vn -0.054361 0.714392 -0.697631
vn -0.069001 0.944422 -0.321413
vn -0.073858 0.712952 -0.697313
vn -0.060936 0.997862 0.023631
vn -0.091525 0.995374 0.029231
vn -0.100444 0.942663 -0.318272
vn -0.105958 0.712140 -0.693996
vn -0.051286 0.931245 0.360768
vn -0.039562 0.700969 0.712094
vn -0.073018 0.702439 0.707989
vn -0.081818 0.926976 0.366089
vn -0.121269 0.922625 0.366137
vn -0.126687 0.991303 0.035616
vn -0.125935 0.711872 0.690926
vn -0.191009 0.731244 0.654826
vn -0.154872 0.922776 0.352844
vn -0.147270 0.988292 0.039878
vn -0.139204 0.940982 -0.308504
vn -0.156160 0.717506 -0.678822
vn -0.169216 0.942924 -0.286810
vn -0.220822 0.734317 -0.641885
vn -0.184758 0.947484 -0.261035
vn -0.263956 0.757072 -0.597636
vn -0.157093 0.986796 0.039427
vn -0.162435 0.986180 0.032605
vn -0.180165 0.952392 -0.245948
vn -0.244892 0.781822 -0.573395
vn -0.178713 0.927514 0.328299
vn -0.243941 0.755129 0.608500
vn -0.259809 0.786468 0.560329
vn -0.189276 0.935355 0.298808
vn -0.180095 0.945004 0.273007
vn -0.159144 0.986948 0.024614
vn -0.236610 0.823605 0.515451
vn -0.172714 0.850221 0.497287
vn -0.145242 0.953614 0.263676
vn -0.143050 0.989420 0.024189
vn -0.170022 0.955762 -0.240025
vn -0.215140 0.798405 -0.562374
vn -0.167060 0.958109 -0.232635
vn -0.218518 0.804010 -0.553008
vn -0.108818 0.847584 -0.519385
vn -0.035056 0.982335 -0.183817
vn 0.032756 0.984753 -0.170846
vn -0.028869 0.860509 -0.508618
vn -0.002880 0.998404 0.056409
vn 0.047943 0.997278 0.056026
vn 0.073154 0.996339 0.044237
vn 0.075748 0.982325 -0.171174
vn 0.037463 0.862763 -0.504219
vn -0.010116 0.960656 0.277557
vn 0.025215 0.964130 0.264229
vn -0.046882 0.858863 0.510056
vn -0.028696 0.865883 0.499423
vn -0.011573 0.877744 0.478991
vn 0.043105 0.969256 0.242248
vn 0.179250 0.983796 -0.003769
vn 0.141936 0.973209 0.180885
vn 0.232804 0.964222 0.126799
vn 0.270486 0.961895 -0.039935
vn 0.118583 0.896623 0.426622
vn 0.226362 0.892558 0.390000
vn 0.240611 0.824815 -0.511651
vn 0.206994 0.958251 -0.197255
vn 0.296764 0.933443 -0.201535
vn 0.347343 0.800518 -0.488390
vn -0.428042 0.288412 0.856504
vn 0.004394 0.323136 0.946342
vn -0.460502 0.002865 0.887654
vn -0.021768 0.002022 0.999761
vn 0.244727 0.001494 0.969591
vn 0.247115 0.334802 0.909309
vn -0.429875 -0.285097 0.856696
vn 0.001394 -0.321020 0.947071
vn -0.345507 -0.668387 0.658698
vn 0.032523 -0.711442 0.701992
vn 0.248869 -0.689841 0.679841
vn 0.246815 -0.334058 0.909663
vn 0.259579 -0.332427 0.906703
vn 0.254949 0.000400 0.966954
vn 0.263572 -0.686074 0.678109
vn 0.211790 -0.694095 0.688024
vn 0.204937 -0.336608 0.919074
vn 0.197785 -0.000300 0.980246
vn 0.254457 0.331825 0.908374
vn 0.194103 0.335033 0.921996
vn 0.126230 0.340658 0.931675
vn 0.133121 0.000685 0.991100
vn 0.097061 0.001289 0.995278
vn 0.089325 0.343015 0.935073
vn 0.141383 -0.340426 0.929581
vn 0.148514 -0.702902 0.695609
vn 0.111525 -0.706913 0.698452
vn 0.105060 -0.341972 0.933819
vn 0.080201 -0.343090 0.935872
vn 0.073398 0.001563 0.997302
vn 0.085186 -0.709730 0.699305
vn 0.063713 -0.712021 0.699262
vn 0.061026 -0.343929 0.937011
vn 0.056175 0.001860 0.998419
vn 0.066150 0.344081 0.936607
vn 0.050323 0.344802 0.937325
vn 0.035306 0.344922 0.937967
vn 0.039275 0.001831 0.999227
vn 0.018825 0.001781 0.999821
vn 0.016178 0.344948 0.938482
vn 0.041688 -0.344778 0.937758
vn 0.041538 -0.713963 0.698950
vn 0.016913 -0.715404 0.698506
vn 0.019310 -0.345443 0.938241
vn 0.004748 -0.347828 0.937546
vn 0.003051 0.000241 0.999995
vn 0.003343 -0.716904 0.697164
vn 0.008325 -0.719767 0.694166
vn 0.004411 -0.356332 0.934349
vn -0.002861 -0.006023 0.999978
vn -0.000782 0.344041 0.938954
vn -0.011195 0.340798 0.940070
vn -0.026892 0.338661 0.940524
vn -0.015391 -0.015675 0.999759
vn -0.053666 -0.021969 0.998317
vn -0.064218 0.345230 0.936319
vn -0.002391 -0.372483 0.928036
vn 0.008699 -0.726300 0.687323
vn -0.014458 -0.738921 0.673637
vn -0.035808 -0.393518 0.918619
vn -0.108734 -0.416294 0.902705
vn -0.132506 -0.017101 0.991035
vn -0.067943 -0.760272 0.646043
vn -0.155202 -0.788199 0.595529
vn -0.229942 -0.439650 0.868237
vn -0.260728 -0.001977 0.965410
vn -0.133909 0.369067 0.919706
vn -0.237237 0.408322 0.881471
vn -0.339207 0.462557 0.819133
vn -0.429718 0.058311 0.901079
vn -0.603725 0.255012 0.755305
vn -0.378426 0.545184 0.748043
vn -0.418260 -0.451574 0.788124
vn -0.279440 -0.827848 0.486396
vn -0.423021 -0.869782 0.254033
vn -0.690707 -0.397008 0.604408
vn -0.329728 0.654323 0.680544
vn -0.425481 0.617432 0.661621
vn -0.215549 0.730520 0.647981
vn -0.207892 0.725626 0.655933
vn -0.066861 0.670538 0.738857
vn -0.091938 0.634999 0.767023
vn 0.058080 0.379680 0.923293
vn -0.157394 0.112360 0.981123
vn -0.181749 0.109264 0.977256
vn -0.088855 0.635715 0.766793
vn 0.152667 -0.530299 0.833952
vn -0.182854 -0.533980 0.825488
vn 0.028768 -0.929088 0.368739
vn -0.175192 -0.841439 0.511164
vn -0.225145 -0.824141 0.519712
vn -0.236661 -0.500717 0.832631
vn 0.186132 0.150487 0.970932
vn 0.162711 -0.452501 0.876794
vn 0.439110 -0.419344 0.794565
vn 0.448782 0.118920 0.885693
vn 0.113347 -0.860632 0.496452
vn 0.348236 -0.830075 0.435553
vn 0.142181 0.652166 0.744623
vn 0.333014 0.614673 0.715038
vn -0.429356 -0.859867 0.276192
vn -0.001891 -0.949955 0.312382
vn -0.461045 -0.887350 -0.006976
vn -0.026738 -0.999633 -0.004454
vn 0.234387 -0.972136 -0.003863
vn 0.240217 -0.914451 0.325692
vn -0.431582 -0.855852 -0.285051
vn -0.001988 -0.947567 -0.319552
vn -0.347386 -0.665850 -0.660278
vn 0.032120 -0.709402 -0.704072
vn 0.239675 -0.690009 -0.682967
vn 0.235259 -0.913483 -0.331968
vn 0.245824 -0.912076 -0.328159
vn 0.247057 -0.969000 -0.001085
vn 0.247071 -0.690308 -0.680022
vn 0.197626 -0.699918 -0.686337
vn 0.199222 -0.922870 -0.329578
vn 0.200758 -0.979640 0.000869
vn 0.254426 -0.910357 0.326369
vn 0.206211 -0.920540 0.331789
vn 0.145249 -0.931343 0.333922
vn 0.140203 -0.990122 -0.001573
vn 0.104298 -0.994539 -0.003677
vn 0.109120 -0.936247 0.333969
vn 0.136249 -0.931905 -0.336139
vn 0.129938 -0.705781 -0.696412
vn 0.090609 -0.707343 -0.701039
vn 0.099169 -0.935227 -0.339875
vn 0.072218 -0.936594 -0.342895
vn 0.077928 -0.996940 -0.006195
vn 0.062777 -0.707666 -0.703753
vn 0.040326 -0.707313 -0.705749
vn 0.049440 -0.937006 -0.345797
vn 0.055348 -0.998426 -0.009095
vn 0.082714 -0.939389 0.332726
vn 0.060365 -0.941782 0.330760
vn 0.036950 -0.943656 0.328860
vn 0.031626 -0.999432 -0.011641
vn 0.006334 -0.999884 -0.013853
vn 0.011701 -0.944907 0.327130
vn 0.025717 -0.937126 -0.348042
vn 0.017541 -0.707127 -0.706869
vn -0.007298 -0.706611 -0.707564
vn 0.000363 -0.936791 -0.349890
vn -0.013748 -0.936454 -0.350522
vn -0.006924 -0.999867 -0.014766
vn -0.022765 -0.707108 -0.706739
vn -0.022755 -0.711952 -0.701859
vn -0.009939 -0.937448 -0.347985
vn -0.001058 -0.999928 -0.011926
vn -0.001243 -0.945265 0.326300
vn 0.005640 -0.944455 0.328591
vn 0.010880 -0.943324 0.331696
vn 0.005204 -0.999969 -0.005936
vn -0.001287 -0.999999 -0.000353
vn -0.001279 -0.944299 0.329087
vn -0.005443 -0.939923 -0.341344
vn -0.022950 -0.721976 -0.691538
vn -0.036076 -0.736159 -0.675846
vn -0.012583 -0.943743 -0.330442
vn -0.034162 -0.949416 -0.312159
vn -0.021248 -0.999774 0.001074
vn -0.070633 -0.755697 -0.651102
vn -0.136416 -0.782174 -0.607942
vn -0.074027 -0.956826 -0.281077
vn -0.055790 -0.998441 -0.001807
vn -0.032786 -0.949908 0.310804
vn -0.083894 -0.958768 0.271527
vn -0.150363 -0.966000 0.210320
vn -0.103231 -0.994653 -0.002870
vn -0.158101 -0.987421 0.002143
vn -0.201560 -0.969881 0.136760
vn -0.130919 -0.962336 -0.238263
vn -0.215850 -0.807145 -0.549478
vn -0.278546 -0.817911 -0.503423
vn -0.195947 -0.961112 -0.194600
vn -0.235536 -0.958305 -0.161783
vn -0.194019 -0.980907 0.013341
vn -0.303859 -0.819682 -0.485583
vn -0.281527 -0.824849 -0.490271
vn -0.227206 -0.963226 -0.143432
vn -0.188042 -0.981613 0.032799
vn -0.199611 -0.976725 0.078515
vn -0.246714 -0.968900 -0.019117
vn -0.149744 -0.985620 0.078299
vn -0.097669 -0.993285 -0.062010
vn -0.131460 -0.963755 0.232150
vn -0.175613 -0.945541 0.274065
vn -0.176771 -0.981627 0.071838
vn -0.171623 -0.983154 0.062879
vn -0.136018 -0.990169 0.032612
vn -0.183049 -0.945879 0.267967
vn -0.171841 -0.973295 -0.152211
vn -0.142691 -0.971905 -0.187189
vn -0.177570 -0.838551 -0.515075
vn -0.127955 -0.836014 -0.533581
vn -0.057972 -0.833484 -0.549495
vn -0.085518 -0.968930 -0.232082
vn 0.146703 -0.986444 -0.073524
vn 0.176381 -0.932038 -0.316538
vn 0.314035 -0.893013 -0.322352
vn 0.315933 -0.942438 -0.109530
vn 0.202332 -0.805277 -0.557307
vn 0.326793 -0.773982 -0.542364
vn 0.115048 -0.978527 0.171020
vn 0.312552 -0.943132 0.113193
vn -0.434656 -0.285343 -0.854198
vn 0.000964 -0.322470 -0.946579
vn -0.466543 -0.000641 -0.884499
vn -0.022235 -0.001678 -0.999751
vn 0.233488 -0.002368 -0.972357
vn 0.235551 -0.336899 -0.911600
vn -0.435177 0.284282 -0.854286
vn 0.003865 0.320136 -0.947364
vn 0.237575 0.333205 -0.912432
vn 0.235841 0.333197 -0.912885
vn 0.233963 -0.003248 -0.972240
vn 0.176818 0.337454 -0.924587
vn 0.178722 -0.003868 -0.983892
vn 0.238986 -0.337936 -0.910321
vn 0.186570 -0.342957 -0.920637
vn 0.116849 -0.344959 -0.931316
vn 0.107180 -0.002717 -0.994236
vn 0.066811 -0.001967 -0.997764
vn 0.076928 -0.345122 -0.935400
vn 0.102059 0.341634 -0.934275
vn 0.060610 0.343234 -0.937292
vn 0.034083 0.344124 -0.938306
vn 0.040065 -0.001553 -0.999196
vn 0.016634 0.344867 -0.938504
vn 0.021221 -0.001202 -0.999774
vn 0.049611 -0.345005 -0.937289
vn 0.029019 -0.344697 -0.938265
vn 0.008885 -0.344747 -0.938654
vn 0.003509 -0.001289 -0.999993
vn -0.017402 -0.001382 -0.999848
vn -0.013867 -0.344626 -0.938638
vn 0.000900 0.345144 -0.938549
vn -0.018706 0.345197 -0.938344
vn -0.037717 0.344375 -0.938074
vn -0.035352 -0.002966 -0.999371
vn -0.052705 0.341357 -0.938455
vn -0.046361 -0.009703 -0.998878
vn -0.030590 -0.346563 -0.937528
vn -0.036273 -0.356118 -0.933737
vn -0.043085 -0.374028 -0.926416
vn -0.059019 -0.021444 -0.998027
vn -0.085682 -0.033439 -0.995761
vn -0.063804 -0.395604 -0.916202
vn -0.069409 0.336930 -0.938968
vn -0.099619 0.334135 -0.937246
vn -0.159326 0.340119 -0.926787
vn -0.145802 -0.041200 -0.988456
vn -0.261875 0.359452 -0.895665
vn -0.260760 -0.046735 -0.964272
vn -0.114114 -0.419303 -0.900646
vn -0.211821 -0.449939 -0.867575
vn -0.310160 -0.481974 -0.819452
vn -0.362105 -0.053541 -0.930598
vn -0.359962 -0.045882 -0.931838
vn -0.344193 -0.492930 -0.799094
vn -0.342014 0.385837 -0.856829
vn -0.320042 0.420228 -0.849106
vn -0.274129 0.447999 -0.850970
vn -0.320965 -0.022841 -0.946816
vn -0.269978 0.457878 -0.847030
vn -0.300782 -0.002931 -0.953688
vn -0.336783 -0.479463 -0.810365
vn -0.308999 -0.461256 -0.831722
vn -0.200500 -0.458605 -0.865726
vn -0.142430 -0.469104 -0.871582
vn -0.209193 0.005585 -0.977858
vn -0.145760 -0.005808 -0.989303
vn -0.071491 -0.023051 -0.997175
vn -0.068762 -0.488404 -0.869904
vn -0.183942 0.479439 -0.858081
vn -0.109779 0.480818 -0.869921
vn -0.032485 0.475174 -0.879292
vn 0.272003 -0.065653 -0.960054
vn 0.271456 0.421928 -0.865037
vn 0.431508 0.384023 -0.816289
vn 0.454523 -0.062077 -0.888569
vn 0.238919 -0.514570 -0.823490
vn 0.398379 -0.479198 -0.782089
vn -0.829942 0.399003 0.389862
vn -0.871846 0.004675 0.489758
vn -0.868765 0.495113 -0.010539
vn -0.999810 0.005475 -0.018687
vn -0.011820 0.708935 0.705175
vn 0.136741 0.819986 0.555810
vn 0.666656 0.578464 0.470052
vn -0.182802 0.810914 0.555879
vn -0.147996 0.859058 0.490016
vn 0.231260 0.890319 0.392239
vn 0.756229 0.650632 0.069252
vn 0.982302 -0.079777 0.169464
vn 0.717433 -0.685423 -0.124442
vn 0.951362 0.151728 -0.268122
vn 0.776659 -0.402135 -0.484860
vn -0.299072 -0.928792 -0.218862
vn -0.652872 -0.757218 0.019450
vn -0.052038 -0.947591 -0.315219
vn -0.062726 -0.886593 -0.458278
vn -0.351881 -0.875241 -0.331864
vn -0.736647 -0.670449 -0.088594
vn -0.903236 -0.272531 0.331498
vn -0.784996 0.317410 0.532008
vn -0.956162 -0.201000 0.212962
vn -0.824172 0.347155 0.447464
vn -0.603000 0.137717 0.785764
vn -0.706440 -0.392871 0.588723
vn -0.207524 -0.581660 0.786515
vn -0.245965 0.087760 0.965298
vn -0.578865 -0.777083 0.247098
vn -0.235008 -0.916159 0.324692
vn -0.007700 -0.933725 0.357908
vn 0.041450 -0.604875 0.795241
vn 0.025832 0.033775 0.999096
vn 0.781978 0.621430 0.048324
vn 0.294820 0.865250 0.405493
vn 0.301924 0.804404 0.511641
vn 0.807367 0.559751 0.186650
vn -0.095044 0.844716 0.526708
vn -0.071060 0.796572 0.600353
vn -0.046991 0.741935 0.668823
vn 0.294879 0.723204 0.624517
vn 0.805792 0.465698 0.365819
vn 0.712298 -0.446801 -0.541295
vn 0.936678 0.101368 -0.335199
vn 0.975472 0.008974 -0.219939
vn 0.712139 -0.550453 -0.435729
vn 0.993233 -0.107887 -0.043001
vn 0.696098 -0.659690 -0.283297
vn -0.776935 -0.618373 -0.118269
vn -0.419401 -0.845355 -0.330875
vn -0.410271 -0.862950 -0.294949
vn -0.774543 -0.619340 -0.128459
vn -0.116542 -0.888143 -0.444545
vn -0.117166 -0.922274 -0.368351
vn -0.104870 -0.952587 -0.285624
vn -0.376778 -0.888496 -0.261943
vn -0.756196 -0.636698 -0.150943
vn -0.794045 0.405309 0.453009
vn -0.972122 -0.128132 0.196367
vn -0.979712 -0.090133 0.179002
vn -0.769033 0.444785 0.459081
vn -0.987314 -0.054413 0.149166
vn -0.735530 0.494874 0.462705
vn -0.077099 0.958881 0.273136
vn -0.086256 0.995488 0.039548
vn -0.090673 0.857604 0.506254
vn -0.125883 0.969231 -0.211530
vn -0.195006 0.819925 -0.538234
vn -0.087386 0.722555 0.685768
vn -0.194377 -0.971210 -0.137728
vn -0.170872 -0.983572 0.058218
vn -0.227847 -0.834369 -0.501911
vn -0.104013 -0.984247 0.142964
vn 0.035163 -0.998540 0.040997
vn -0.252272 0.466325 -0.847880
vn -0.268162 0.006951 -0.963349
vn -0.258289 -0.454057 -0.852713
vn -0.470770 0.676985 0.565745
vn -0.475402 0.710982 0.518167
vn 0.230423 -0.923625 -0.306304
vn 0.267170 -0.804678 -0.530202
vn 0.251132 -0.595237 0.763299
vn 0.271086 -0.000013 0.962555
vn 0.196296 -0.914206 0.354536
vn 0.484826 -0.807405 0.336215
vn 0.618186 -0.504532 0.602738
vn 0.573936 -0.083753 0.814606
vn -0.448079 0.710412 0.542716
vn -0.412132 0.701775 0.581085
vn -0.362168 0.699359 0.616223
vn 0.220281 -0.816262 -0.534034
vn 0.206070 -0.876432 -0.435205
vn 0.190258 -0.929356 -0.316385
vn 0.130975 0.974284 -0.183346
vn 0.127111 0.851040 -0.509484
vn 0.111638 0.993456 0.024135
vn 0.076801 0.973201 0.216752
vn 0.032540 0.890079 0.454643
vn -0.015134 0.653576 0.756709
vn -0.066295 0.145263 0.987170
vn -0.124326 -0.469870 0.873936
vn -0.136567 -0.844098 0.518506
vn -0.093145 -0.969310 0.227514
vn -0.031918 -0.999316 -0.018653
vn 0.024647 -0.959410 -0.280935
vn 0.057532 -0.826997 -0.559255
vn 0.062594 -0.512596 -0.856345
vn 0.070927 -0.047921 -0.996330
vn 0.096737 0.456149 -0.884630
vn 0.273124 0.545110 0.792628
vn 0.743019 0.290703 0.602839
vn -0.020455 0.586771 0.809494
vn 0.933289 -0.275700 0.230133
vn 0.633481 -0.772935 -0.035673
vn -0.318464 -0.939649 -0.125061
vn -0.721454 -0.687679 -0.081245
vn -0.074458 -0.992723 -0.094647
vn -0.973523 -0.091205 0.209604
vn -0.703927 0.463328 0.538344
vn -0.307710 0.607556 0.732250
vn 0.170418 -0.980462 -0.098247
vn 0.269862 0.900708 0.340440
vn 0.752731 0.658095 -0.017490
vn -0.120691 0.873106 0.472355
vn 0.914008 0.163716 -0.371195
vn 0.724967 -0.375068 -0.577709
vn -0.399275 -0.846124 -0.353062
vn -0.763552 -0.636631 -0.108119
vn -0.097413 -0.866058 -0.490361
vn -0.963510 -0.168867 0.207681
vn -0.812398 0.372041 0.448992
vn -0.468718 0.718165 0.514336
vn 0.239864 -0.774819 -0.584911
vn -0.456854 -0.719812 -0.522642
vn -0.492174 -0.799706 -0.343854
vn -0.747470 -0.490848 -0.447613
vn -0.596409 -0.432831 -0.675983
vn -0.515320 -0.843911 -0.149193
vn -0.812257 -0.539978 -0.220594
vn -0.964878 -0.014831 -0.262280
vn -0.859956 -0.028936 -0.509547
vn -0.664401 -0.047269 -0.745880
vn -0.536647 -0.841094 0.067612
vn -0.850473 -0.518568 0.088221
vn -0.529732 -0.773365 0.348269
vn -0.711801 -0.426036 0.558420
vn -0.759600 0.053654 0.648174
vn -0.992757 0.000133 0.120139
vn -0.817326 0.571847 0.070486
vn -0.799229 0.560121 -0.217939
vn -0.631508 0.555296 0.541150
vn -0.382436 0.867623 0.317763
vn -0.437973 0.897154 0.057398
vn -0.457294 0.882544 -0.109539
vn -0.768001 0.480339 -0.423614
vn -0.634433 0.366699 -0.680461
vn -0.476937 0.840590 -0.256789
vn -0.481254 0.740700 -0.468783
vn 0.347386 -0.665851 -0.660277
vn 0.431582 -0.855852 -0.285052
vn 0.001988 -0.947567 -0.319551
vn -0.032120 -0.709402 -0.704072
vn 0.461044 -0.887350 -0.006976
vn 0.026738 -0.999633 -0.004452
vn -0.234387 -0.972136 -0.003863
vn -0.235259 -0.913483 -0.331968
vn -0.239676 -0.690009 -0.682967
vn 0.429355 -0.859867 0.276194
vn 0.001891 -0.949955 0.312382
vn 0.345506 -0.668387 0.658699
vn -0.032523 -0.711443 0.701991
vn -0.248868 -0.689840 0.679842
vn -0.240217 -0.914451 0.325692
vn -0.254426 -0.910357 0.326369
vn -0.247058 -0.969000 -0.001085
vn -0.263571 -0.686074 0.678109
vn -0.211791 -0.694098 0.688021
vn -0.206211 -0.920540 0.331789
vn -0.200758 -0.979641 0.000871
vn -0.245824 -0.912075 -0.328161
vn -0.247071 -0.690308 -0.680022
vn -0.199221 -0.922869 -0.329580
vn -0.197626 -0.699919 -0.686337
vn -0.136249 -0.931905 -0.336139
vn -0.129938 -0.705780 -0.696413
vn -0.140202 -0.990122 -0.001573
vn -0.104298 -0.994539 -0.003682
vn -0.099169 -0.935228 -0.339874
vn -0.090609 -0.707342 -0.701041
vn -0.145248 -0.931341 0.333926
vn -0.148514 -0.702902 0.695609
vn -0.111525 -0.706909 0.698457
vn -0.109120 -0.936245 0.333973
vn -0.082716 -0.939389 0.332725
vn -0.077929 -0.996940 -0.006200
vn -0.085185 -0.709726 0.699309
vn -0.063713 -0.712023 0.699259
vn -0.060365 -0.941782 0.330760
vn -0.055348 -0.998426 -0.009092
vn -0.072218 -0.936594 -0.342893
vn -0.062778 -0.707664 -0.703754
vn -0.049441 -0.937007 -0.345794
vn -0.040326 -0.707310 -0.705752
vn -0.025716 -0.937127 -0.348039
vn -0.017540 -0.707127 -0.706869
vn -0.031626 -0.999432 -0.011630
vn -0.006334 -0.999884 -0.013843
vn -0.000363 -0.936792 -0.349886
vn 0.007298 -0.706614 -0.707561
vn -0.036951 -0.943654 0.328863
vn -0.041539 -0.713969 0.698944
vn -0.016913 -0.715407 0.698503
vn -0.011701 -0.944906 0.327133
vn 0.001241 -0.945264 0.326305
vn 0.006925 -0.999867 -0.014763
vn -0.003348 -0.716900 0.697168
vn -0.008344 -0.719756 0.694177
vn -0.005651 -0.944447 0.328614
vn 0.001055 -0.999928 -0.011917
vn 0.013749 -0.936454 -0.350522
vn 0.022765 -0.707107 -0.706740
vn 0.009938 -0.937445 -0.347990
vn 0.022756 -0.711950 -0.701862
vn 0.005437 -0.939923 -0.341344
vn 0.022949 -0.721972 -0.691542
vn -0.005221 -0.999969 -0.005906
vn 0.001240 -0.999999 -0.000280
vn 0.012567 -0.943748 -0.330427
vn 0.036073 -0.736154 -0.675852
vn -0.010919 -0.943304 0.331749
vn -0.008762 -0.726278 0.687346
vn 0.014285 -0.738861 0.673706
vn 0.001174 -0.944253 0.329218
vn 0.032531 -0.949807 0.311139
vn 0.021135 -0.999776 0.001248
vn 0.067499 -0.760136 0.646249
vn 0.154274 -0.787986 0.596051
vn 0.083385 -0.958621 0.272198
vn 0.055561 -0.998454 -0.001450
vn 0.034124 -0.949423 -0.312139
vn 0.070622 -0.755684 -0.651117
vn 0.073948 -0.956846 -0.281028
vn 0.136396 -0.782148 -0.607980
vn 0.130830 -0.962373 -0.238165
vn 0.215846 -0.807108 -0.549533
vn 0.102961 -0.994683 -0.002324
vn 0.157997 -0.987436 0.002822
vn 0.195960 -0.961137 -0.194464
vn 0.278628 -0.817863 -0.503455
vn 0.149691 -0.965857 0.211453
vn 0.277942 -0.827526 0.487801
vn 0.421243 -0.869848 0.256745
vn 0.201091 -0.969756 0.138330
vn 0.199604 -0.976579 0.080326
vn 0.194127 -0.980876 0.014068
vn 0.246310 -0.969061 -0.015902
vn 0.098258 -0.993455 -0.058241
vn 0.150194 -0.985401 0.080164
vn 0.188221 -0.981557 0.033466
vn 0.235653 -0.958304 -0.161619
vn 0.303977 -0.819646 -0.485570
vn 0.227249 -0.963239 -0.143280
vn 0.281519 -0.824869 -0.490244
vn 0.177623 -0.838536 -0.515081
vn 0.171875 -0.973297 -0.152158
vn 0.142717 -0.971907 -0.187159
vn 0.127981 -0.836011 -0.533579
vn 0.176938 -0.981575 0.072139
vn 0.171743 -0.983123 0.063036
vn 0.136085 -0.990158 0.032669
vn 0.085530 -0.968931 -0.232071
vn 0.057974 -0.833486 -0.549490
vn 0.132377 -0.963399 0.233108
vn 0.176106 -0.945335 0.274461
vn -0.024793 -0.927952 0.371874
vn 0.176254 -0.840976 0.511560
vn 0.225467 -0.824011 0.519780
vn 0.183240 -0.945811 0.268077
vn -0.146700 -0.986445 -0.073523
vn -0.115042 -0.978528 0.171022
vn -0.312552 -0.943132 0.113195
vn -0.315933 -0.942438 -0.109532
vn -0.113338 -0.860630 0.496458
vn -0.348235 -0.830074 0.435557
vn -0.202332 -0.805277 -0.557307
vn -0.176380 -0.932038 -0.316535
vn -0.314035 -0.893013 -0.322352
vn -0.326794 -0.773982 -0.542363
vn 0.429874 -0.285097 0.856696
vn -0.001395 -0.321020 0.947071
vn 0.460502 0.002864 0.887654
vn 0.021768 0.002022 0.999761
vn -0.244727 0.001495 0.969591
vn -0.246815 -0.334058 0.909664
vn 0.428042 0.288411 0.856504
vn -0.004394 0.323137 0.946342
vn 0.340763 0.668125 0.661430
vn -0.039123 0.709538 0.703580
vn -0.250360 0.686922 0.682245
vn -0.247115 0.334802 0.909308
vn -0.254456 0.331824 0.908375
vn -0.254950 0.000400 0.966954
vn -0.254068 0.684180 0.683628
vn -0.189957 0.692661 0.695799
vn -0.194102 0.335029 0.921998
vn -0.197784 -0.000301 0.980246
vn -0.259578 -0.332427 0.906704
vn -0.204937 -0.336607 0.919074
vn -0.141384 -0.340426 0.929581
vn -0.133120 0.000685 0.991100
vn -0.097061 0.001289 0.995278
vn -0.105060 -0.341972 0.933819
vn -0.126228 0.340653 0.931677
vn -0.117491 0.702319 0.702100
vn -0.079043 0.705739 0.704049
vn -0.089325 0.343010 0.935075
vn -0.066152 0.344078 0.936608
vn -0.073399 0.001563 0.997301
vn -0.055967 0.706871 0.705124
vn -0.041360 0.707242 0.705760
vn -0.050325 0.344801 0.937326
vn -0.056175 0.001860 0.998419
vn -0.080201 -0.343091 0.935872
vn -0.061026 -0.343930 0.937010
vn -0.041688 -0.344781 0.937757
vn -0.039275 0.001831 0.999227
vn -0.018826 0.001782 0.999821
vn -0.019310 -0.345446 0.938240
vn -0.035306 0.344921 0.937967
vn -0.028137 0.706939 0.706715
vn -0.010206 0.706581 0.707559
vn -0.016178 0.344947 0.938483
vn 0.000779 0.344039 0.938955
vn -0.003055 0.000238 0.999995
vn 0.007810 0.705538 0.708629
vn 0.022115 0.702974 0.710872
vn 0.011189 0.340788 0.940073
vn 0.002848 -0.006038 0.999978
vn -0.004754 -0.347832 0.937545
vn -0.004430 -0.356339 0.934346
vn 0.002322 -0.372503 0.928028
vn 0.015339 -0.015728 0.999759
vn 0.053513 -0.022119 0.998322
vn 0.035613 -0.393574 0.918603
vn 0.026865 0.338617 0.940541
vn 0.039556 0.700961 0.712102
vn 0.072997 0.702409 0.708021
vn 0.064138 0.345101 0.936372
vn 0.133705 0.368766 0.919856
vn 0.132092 -0.017464 0.991084
vn 0.125884 0.711808 0.691002
vn 0.190926 0.731143 0.654964
vn 0.236860 0.407770 0.881828
vn 0.259855 -0.002698 0.965644
vn 0.108207 -0.416423 0.902709
vn 0.228789 -0.439915 0.868407
vn 0.415996 -0.452146 0.788994
vn 0.428271 0.056795 0.901864
vn 0.602337 0.252941 0.757107
vn 0.687574 -0.398511 0.606986
vn 0.338759 0.461726 0.819787
vn 0.243880 0.754997 0.608689
vn 0.259860 0.786297 0.560544
vn 0.378146 0.544197 0.748902
vn 0.329722 0.653416 0.681418
vn 0.425377 0.615783 0.663224
vn 0.236714 0.823439 0.515670
vn 0.172807 0.850091 0.497476
vn 0.208219 0.724794 0.656748
vn 0.216301 0.728816 0.649647
vn -0.144235 -0.531128 0.834925
vn 0.184238 -0.533861 0.825257
vn -0.054183 0.375960 0.925050
vn 0.158386 0.111566 0.981054
vn 0.182031 0.109116 0.977220
vn 0.237035 -0.500655 0.832562
vn 0.067554 0.670016 0.739266
vn 0.092225 0.634767 0.767180
vn 0.047014 0.858851 0.510064
vn 0.028717 0.865889 0.499412
vn 0.011570 0.877749 0.478982
vn 0.088948 0.635644 0.766841
vn -0.186125 0.150486 0.970933
vn -0.142180 0.652165 0.744625
vn -0.333013 0.614672 0.715039
vn -0.448781 0.118921 0.885694
vn -0.118583 0.896623 0.426620
vn -0.226361 0.892558 0.390002
vn -0.162699 -0.452498 0.876798
vn -0.439107 -0.419344 0.794566
vn 0.425037 0.859923 0.282623
vn -0.007286 0.947840 0.318664
vn 0.458032 0.888935 0.001081
vn 0.016974 0.999846 0.004567
vn -0.238107 0.971223 0.005544
vn -0.243068 0.911440 0.331957
vn 0.429602 0.859107 -0.278169
vn -0.007031 0.950333 -0.311156
vn 0.346131 0.668187 -0.658574
vn -0.038787 0.711329 -0.701788
vn -0.243837 0.690607 -0.680885
vn -0.239721 0.915438 -0.323274
vn -0.236115 0.917058 -0.321333
vn -0.235566 0.971822 0.008406
vn -0.240595 0.691953 -0.680673
vn -0.177429 0.702359 -0.689355
vn -0.171712 0.930261 -0.324237
vn -0.170851 0.985242 0.010413
vn -0.242849 0.910474 0.334755
vn -0.177726 0.922840 0.341732
vn -0.104364 0.933319 0.343545
vn -0.096824 0.995266 0.008404
vn -0.057963 0.998287 0.008000
vn -0.065932 0.936566 0.344234
vn -0.095609 0.939227 -0.329715
vn -0.099428 0.709471 -0.697686
vn -0.057165 0.711757 -0.700096
vn -0.055177 0.941935 -0.331232
vn -0.031178 0.943222 -0.330696
vn -0.035298 0.999336 0.009029
vn -0.031200 0.713077 -0.700391
vn -0.015314 0.714231 -0.699742
vn -0.017227 0.944114 -0.329168
vn -0.022232 0.999695 0.010773
vn -0.043485 0.937463 0.345358
vn -0.030177 0.937493 0.346694
vn -0.018679 0.937173 0.348366
vn -0.011259 0.999854 0.012829
vn 0.004698 0.999884 0.014526
vn -0.002231 0.936828 0.349785
vn -0.005546 0.944881 -0.327366
vn -0.001607 0.715126 -0.698994
vn 0.016709 0.715621 -0.698289
vn 0.011062 0.945346 -0.325880
vn 0.030184 0.945385 -0.324557
vn 0.023226 0.999596 0.016350
vn 0.036412 0.715443 -0.697722
vn 0.054361 0.714392 -0.697631
vn 0.048929 0.945095 -0.323113
vn 0.041430 0.998953 0.019379
vn 0.016013 0.936002 0.351630
vn 0.032831 0.934108 0.355478
vn 0.051287 0.931246 0.360764
vn 0.060936 0.997862 0.023625
vn 0.091527 0.995374 0.029216
vn 0.081819 0.926982 0.366075
vn 0.069001 0.944421 -0.321415
vn 0.073858 0.712951 -0.697313
vn 0.105958 0.712138 -0.693998
vn 0.100445 0.942663 -0.318274
vn 0.139206 0.940979 -0.308515
vn 0.126692 0.991303 0.035594
vn 0.156160 0.717505 -0.678823
vn 0.220822 0.734316 -0.641886
vn 0.169218 0.942917 -0.286831
vn 0.147276 0.988293 0.039845
vn 0.121269 0.922633 0.366118
vn 0.154870 0.922788 0.352814
vn 0.178724 0.927529 0.328249
vn 0.157112 0.986795 0.039384
vn 0.162501 0.986171 0.032574
vn 0.189345 0.935355 0.298764
vn 0.184777 0.947474 -0.261058
vn 0.263981 0.757060 -0.597641
vn 0.244971 0.781783 -0.573415
vn 0.180230 0.952371 -0.245982
vn 0.170083 0.955741 -0.240065
vn 0.159215 0.986938 0.024596
vn 0.215189 0.798374 -0.562399
vn 0.218516 0.804005 -0.553016
vn 0.167058 0.958104 -0.232657
vn 0.143045 0.989420 0.024191
vn 0.180171 0.944996 0.272987
vn 0.145245 0.953613 0.263677
vn 0.010190 0.960670 0.277507
vn -0.025210 0.964139 0.264199
vn 0.002962 0.998405 0.056383
vn -0.047923 0.997279 0.056020
vn -0.073153 0.996339 0.044238
vn -0.043113 0.969260 0.242233
vn 0.035140 0.982326 -0.183851
vn -0.032728 0.984753 -0.170850
vn 0.108894 0.847550 -0.519423
vn 0.028901 0.860503 -0.508625
vn -0.037465 0.862764 -0.504217
vn -0.075748 0.982326 -0.171169
vn -0.179246 0.983797 -0.003766
vn -0.206989 0.958252 -0.197254
vn -0.296763 0.933443 -0.201533
vn -0.270485 0.961896 -0.039934
vn -0.240609 0.824816 -0.511650
vn -0.347339 0.800518 -0.488391
vn -0.141934 0.973209 0.180883
vn -0.232803 0.964222 0.126799
vn 0.435178 0.284282 -0.854285
vn -0.003864 0.320137 -0.947363
vn 0.466542 -0.000641 -0.884499
vn 0.022235 -0.001678 -0.999751
vn -0.233488 -0.002368 -0.972357
vn -0.237575 0.333206 -0.912432
vn 0.434656 -0.285343 -0.854198
vn -0.000964 -0.322470 -0.946579
vn -0.235551 -0.336900 -0.911600
vn -0.238986 -0.337936 -0.910321
vn -0.233963 -0.003248 -0.972240
vn -0.186570 -0.342957 -0.920637
vn -0.178722 -0.003868 -0.983892
vn -0.235841 0.333197 -0.912885
vn -0.176818 0.337453 -0.924587
vn -0.102059 0.341634 -0.934275
vn -0.107180 -0.002717 -0.994236
vn -0.066811 -0.001967 -0.997764
vn -0.060610 0.343235 -0.937292
vn -0.116849 -0.344960 -0.931316
vn -0.076928 -0.345119 -0.935401
vn -0.049611 -0.345003 -0.937290
vn -0.040065 -0.001553 -0.999196
vn -0.029018 -0.344696 -0.938266
vn -0.021221 -0.001202 -0.999774
vn -0.034083 0.344123 -0.938306
vn -0.016635 0.344866 -0.938505
vn -0.000901 0.345143 -0.938550
vn -0.003509 -0.001289 -0.999993
vn 0.017402 -0.001382 -0.999848
vn 0.018706 0.345197 -0.938344
vn -0.008885 -0.344748 -0.938653
vn 0.013866 -0.344627 -0.938637
vn 0.030590 -0.346561 -0.937529
vn 0.035352 -0.002966 -0.999371
vn 0.036274 -0.356118 -0.933737
vn 0.046361 -0.009702 -0.998878
vn 0.037717 0.344375 -0.938074
vn 0.052705 0.341357 -0.938455
vn 0.069408 0.336930 -0.938968
vn 0.059019 -0.021444 -0.998027
vn 0.085683 -0.033436 -0.995761
vn 0.099619 0.334136 -0.937245
vn 0.043085 -0.374027 -0.926417
vn 0.063804 -0.395597 -0.916205
vn 0.114111 -0.419291 -0.900652
vn 0.145803 -0.041191 -0.988456
vn 0.211818 -0.449908 -0.867592
vn 0.260761 -0.046714 -0.964273
vn 0.159326 0.340125 -0.926785
vn 0.261876 0.359464 -0.895660
vn 0.342046 0.385843 -0.856814
vn 0.362141 -0.053500 -0.930587
vn 0.360084 -0.045863 -0.931792
vn 0.320143 0.420210 -0.849077
vn 0.310186 -0.481917 -0.819476
vn 0.344308 -0.492874 -0.799079
vn 0.336893 -0.479446 -0.810330
vn 0.321050 -0.022837 -0.946787
vn 0.308988 -0.461272 -0.831718
vn 0.300775 -0.002919 -0.953691
vn 0.274184 0.447989 -0.850958
vn 0.269972 0.457894 -0.847023
vn 0.183998 0.479411 -0.858085
vn 0.109806 0.480813 -0.869921
vn 0.209247 0.005578 -0.977847
vn 0.145786 -0.005806 -0.989299
vn 0.071488 -0.023045 -0.997175
vn 0.032480 0.475179 -0.879289
vn 0.200562 -0.458596 -0.865716
vn 0.142460 -0.469101 -0.871579
vn 0.068761 -0.488403 -0.869905
vn -0.272002 -0.065644 -0.960055
vn -0.238918 -0.514566 -0.823493
vn -0.398377 -0.479197 -0.782091
vn -0.454522 -0.062072 -0.888570
vn -0.271455 0.421938 -0.865032
vn -0.431503 0.384030 -0.816288
vn 0.871133 0.002947 -0.491038
vn 0.830766 -0.392512 -0.394667
vn 0.999810 0.005475 -0.018687
vn 0.869382 -0.493919 -0.014767
vn -0.032933 -0.998427 0.045384
vn -0.228866 -0.925417 -0.302034
vn -0.714031 -0.690268 -0.117000
vn 0.051994 -0.948482 -0.312537
vn 0.062202 -0.886769 -0.458009
vn -0.266747 -0.805189 -0.529638
vn -0.776725 -0.402708 -0.484278
vn -0.980155 -0.084622 0.179261
vn -0.662653 0.576693 0.477825
vn -0.951587 0.152412 -0.266933
vn -0.754824 0.652037 0.071338
vn 0.471360 0.675865 0.566593
vn 0.785210 0.315448 0.532858
vn 0.184124 0.809754 0.557133
vn 0.149550 0.858625 0.490305
vn 0.476349 0.710497 0.517963
vn 0.825089 0.345947 0.446708
vn 0.902322 -0.273934 0.332831
vn 0.652083 -0.757842 0.021521
vn 0.956185 -0.201643 0.212251
vn 0.736480 -0.670594 -0.088885
vn 0.577002 -0.777573 0.249896
vn 0.704328 -0.394627 0.590077
vn 0.207004 -0.582356 0.786137
vn 0.234407 -0.915417 0.327207
vn 0.601513 0.133373 0.787651
vn 0.245501 0.082462 0.965883
vn -0.025532 0.028272 0.999274
vn -0.040662 -0.605462 0.794835
vn 0.007892 -0.932754 0.360428
vn -0.712785 -0.447572 -0.540016
vn -0.220378 -0.816439 -0.533724
vn -0.205842 -0.876537 -0.435100
vn -0.712062 -0.551476 -0.434560
vn 0.115888 -0.888004 -0.444994
vn 0.116727 -0.922070 -0.369002
vn 0.104601 -0.952342 -0.286537
vn -0.189788 -0.929226 -0.317049
vn -0.695550 -0.660216 -0.283417
vn -0.781877 0.621355 0.050863
vn -0.937526 0.100870 -0.332973
vn -0.975984 0.008357 -0.217682
vn -0.806851 0.559653 0.189155
vn -0.993306 -0.107582 -0.042065
vn -0.804734 0.466521 0.367100
vn 0.794455 0.405877 0.451779
vn 0.448100 0.711021 0.541900
vn 0.411932 0.702397 0.580474
vn 0.769119 0.445386 0.458353
vn 0.095263 0.844896 0.526380
vn 0.071027 0.796828 0.600017
vn 0.046815 0.742086 0.668668
vn 0.361761 0.699692 0.616084
vn 0.735281 0.495315 0.462629
vn 0.776710 -0.618371 -0.119746
vn 0.972488 -0.127739 0.194807
vn 0.979913 -0.089809 0.178059
vn 0.774212 -0.619510 -0.129625
vn 0.987358 -0.054232 0.148937
vn 0.755769 -0.637029 -0.151679
vn 0.104959 -0.983911 0.144581
vn 0.171080 -0.983507 0.058707
vn 0.194391 -0.971220 -0.137636
vn 0.227841 -0.834377 -0.501901
vn 0.088175 0.721804 0.686457
vn 0.013856 0.706728 0.707350
vn 0.090876 0.857537 0.506332
vn 0.125885 0.969224 -0.211561
vn 0.086281 0.995486 0.039531
vn 0.194987 0.819914 -0.538258
vn 0.077159 0.958886 0.273101
vn 0.258283 -0.454070 -0.852708
vn 0.268145 0.006950 -0.963353
vn 0.252244 0.466323 -0.847889
vn 0.298453 -0.929487 -0.216750
vn 0.351085 -0.875500 -0.332022
vn -0.133827 0.818507 0.558692
vn -0.228520 0.890425 0.393603
vn -0.249235 -0.595919 0.763389
vn -0.195194 -0.913436 0.357120
vn -0.269776 -0.005002 0.962910
vn -0.570798 -0.087662 0.816397
vn -0.614729 -0.506003 0.605037
vn -0.482097 -0.807656 0.339520
vn 0.418432 -0.845408 -0.331963
vn 0.409427 -0.862990 -0.296005
vn 0.376035 -0.888537 -0.262869
vn -0.294036 0.865078 0.406426
vn -0.301324 0.804184 0.512340
vn -0.294313 0.723304 0.624669
vn -0.024642 -0.959412 -0.280930
vn -0.057530 -0.826998 -0.559253
vn 0.031939 -0.999316 -0.018640
vn 0.093202 -0.969298 0.227539
vn 0.136663 -0.844069 0.518528
vn 0.124438 -0.469854 0.873929
vn 0.066376 0.145228 0.987169
vn 0.015160 0.653558 0.756725
vn -0.032539 0.890082 0.454638
vn -0.076798 0.973203 0.216745
vn -0.111630 0.993457 0.024138
vn -0.130969 0.974286 -0.183343
vn -0.127110 0.851042 -0.509480
vn -0.096740 0.456159 -0.884625
vn -0.070928 -0.047911 -0.996330
vn -0.062594 -0.512592 -0.856348
vn -0.169822 -0.980601 -0.097885
vn -0.632369 -0.773878 -0.034969
vn 0.074333 -0.992766 -0.094292
vn -0.932699 -0.276189 0.231933
vn -0.741667 0.290504 0.604597
vn 0.307248 0.606574 0.733257
vn 0.703514 0.463266 0.538936
vn 0.020225 0.585249 0.810602
vn 0.973469 -0.091327 0.209805
vn 0.720883 -0.688260 -0.081397
vn 0.317820 -0.939890 -0.124889
vn -0.272722 0.543829 0.793646
vn -0.239918 -0.774827 -0.584879
vn -0.725296 -0.375042 -0.577312
vn 0.096664 -0.865918 -0.490757
vn -0.914365 0.164230 -0.370087
vn -0.752036 0.658934 -0.015730
vn 0.469212 0.718319 0.513671
vn 0.813182 0.371962 0.447639
vn 0.121622 0.872994 0.472324
vn 0.963892 -0.168762 0.205988
vn 0.763425 -0.636536 -0.109566
vn 0.398275 -0.846165 -0.354094
vn -0.268158 0.900822 0.341485
vn -0.871133 0.002947 -0.491038
vn -0.831455 0.394203 -0.391518
vn 0.831344 -0.397122 0.388795
vn 0.871846 0.004675 0.489758
vn -0.869383 -0.493918 -0.014767
vn -0.830766 -0.392512 -0.394667
vn -0.831345 -0.397122 0.388793
vn 0.868764 0.495114 -0.010540
vn 0.831454 0.394203 -0.391519
vn 0.829942 0.399004 0.389861
s 1
g ArmsMesh
usemtl lambert2SG
f 3438/3633/3435 4015/3634/3436 4303/3635/3437 4018/3636/3438
f 4015/3634/3436 3437/3637/3439 4016/3638/3440 4303/3635/3437
f 4303/3635/3437 4016/3638/3440 3436/3639/3441 4017/3640/3442
f 4018/3636/3438 4303/3635/3437 4017/3640/3442 3435/3641/3443
f 3437/3637/3439 4019/3642/3444 4304/3643/3445 4016/3638/3440
f 4019/3642/3444 3440/3644/3446 4020/3645/3447 4304/3643/3445
f 4304/3643/3445 4020/3645/3447 3439/3646/3448 4021/3647/3449
f 4016/3638/3440 4304/3643/3445 4021/3647/3449 3436/3639/3441
f 3436/3639/3441 4021/3647/3449 4305/3648/3450 4024/3649/3451
f 4021/3647/3449 3439/3646/3448 4022/3650/3452 4305/3648/3450
f 4305/3648/3450 4022/3650/3452 3442/3651/3453 4023/4896/3454
f 4024/3649/3451 4305/3648/3450 4023/4896/3454 3441/4895/3455
f 3435/3641/3443 4017/3640/3442 4306/3654/3456 4026/3655/3457
f 4017/3640/3442 3436/3639/3441 4024/3649/3451 4306/3654/3456
f 4306/3654/3456 4024/3649/3451 3441/4895/3455 4025/4894/3458
f 4026/3655/3457 4306/3654/3456 4025/4894/3458 3443/4868/3459
usemtl lambert3SG
f 3447/3658/3460 4027/3659/3461 4307/3660/3462 4030/3661/3463
f 4027/3659/3461 3446/3662/3464 4028/3663/3465 4307/3660/3462
f 4307/3660/3462 4028/3663/3465 3445/3664/3466 4029/3665/3467
f 4030/3661/3463 4307/3660/3462 4029/3665/3467 3444/3666/3468
f 3446/3662/3464 4031/3667/3469 4308/3668/3470 4028/3663/3465
f 4031/3667/3469 3449/3669/3471 4032/3670/3472 4308/3668/3470
f 4308/3668/3470 4032/3670/3472 3448/3671/3473 4033/3672/3474
f 4028/3663/3465 4308/3668/3470 4033/3672/3474 3445/3664/3466
f 3445/3664/3466 4033/3672/3474 4309/3673/3475 4036/3674/3476
f 4033/3672/3474 3448/3671/3473 4034/3675/3477 4309/3673/3475
f 4309/3673/3475 4034/3675/3477 3451/3676/3478 4035/3677/3479
f 4036/3674/3476 4309/3673/3475 4035/3677/3479 3450/3678/3480
f 3444/3666/3468 4029/3665/3467 4310/3679/3481 4038/3680/3482
f 4029/3665/3467 3445/3664/3466 4036/3674/3476 4310/3679/3481
f 4310/3679/3481 4036/3674/3476 3450/3678/3480 4037/3681/3483
f 4038/3680/3482 4310/3679/3481 4037/3681/3483 3452/3682/3484
f 3452/3682/3484 4037/3681/3483 4311/3683/3485 4041/3684/3486
f 4037/3681/3483 3450/3678/3480 4039/3685/3487 4311/3683/3485
f 4311/3683/3485 4039/3685/3487 3454/3686/3488 4040/3687/3489
f 4041/3684/3486 4311/3683/3485 4040/3687/3489 3453/3688/3490
f 3450/3678/3480 4035/3677/3479 4312/3689/3491 4039/3685/3487
f 4035/3677/3479 3451/3676/3478 4042/3690/3492 4312/3689/3491
f 4312/3689/3491 4042/3690/3492 3455/3691/3493 4043/3692/3494
f 4039/3685/3487 4312/3689/3491 4043/3692/3494 3454/3686/3488
f 3454/3686/3488 4043/3692/3494 4313/3693/3495 4046/3694/3496
f 4043/3692/3494 3455/3691/3493 4044/3695/3497 4313/3693/3495
f 4313/3693/3495 4044/3695/3497 3457/3696/3498 4045/3697/3499
f 4046/3694/3496 4313/3693/3495 4045/3697/3499 3456/3698/3500
f 3453/3688/3490 4040/3687/3489 4314/3699/3501 4048/3700/3502
f 4040/3687/3489 3454/3686/3488 4046/3694/3496 4314/3699/3501
f 4314/3699/3501 4046/3694/3496 3456/3698/3500 4047/3701/3503
f 4048/3700/3502 4314/3699/3501 4047/3701/3503 3458/3702/3504
f 3458/3702/3504 4047/3701/3503 4315/3703/3505 4051/3704/3506
f 4047/3701/3503 3456/3698/3500 4049/3705/3507 4315/3703/3505
f 4315/3703/3505 4049/3705/3507 3460/3706/3508 4050/3707/3509
f 4051/3704/3506 4315/3703/3505 4050/3707/3509 3459/3708/3510
f 3456/3698/3500 4045/3697/3499 4316/3709/3511 4049/3705/3507
f 4045/3697/3499 3457/3696/3498 4052/3710/3512 4316/3709/3511
f 4316/3709/3511 4052/3710/3512 3461/3711/3513 4053/3712/3514
f 4049/3705/3507 4316/3709/3511 4053/3712/3514 3460/3706/3508
f 3460/3706/3508 4053/3712/3514 4317/3713/3515 4056/3714/3516
f 4053/3712/3514 3461/3711/3513 4054/3715/3517 4317/3713/3515
f 4317/3713/3515 4054/3715/3517 3463/3716/3518 4055/3717/3519
f 4056/3714/3516 4317/3713/3515 4055/3717/3519 3462/3718/3520
f 3459/3708/3510 4050/3707/3509 4318/3719/3521 4058/3720/3522
f 4050/3707/3509 3460/3706/3508 4056/3714/3516 4318/3719/3521
f 4318/3719/3521 4056/3714/3516 3462/3718/3520 4057/3721/3523
f 4058/3720/3522 4318/3719/3521 4057/3721/3523 3464/3722/3524
f 3464/3722/3524 4057/3721/3523 4319/3723/3525 4061/3724/3526
f 4057/3721/3523 3462/3718/3520 4059/3725/3527 4319/3723/3525
f 4319/3723/3525 4059/3725/3527 3466/3726/3528 4060/3727/3529
f 4061/3724/3526 4319/3723/3525 4060/3727/3529 3465/3728/3530
f 3462/3718/3520 4055/3717/3519 4320/3729/3531 4059/3725/3527
f 4055/3717/3519 3463/3716/3518 4062/3730/3532 4320/3729/3531
f 4320/3729/3531 4062/3730/3532 3467/3731/3533 4063/3732/3534
f 4059/3725/3527 4320/3729/3531 4063/3732/3534 3466/3726/3528
f 3466/3726/3528 4063/3732/3534 4321/3733/3535 4066/3734/3536
f 4063/3732/3534 3467/3731/3533 4064/3735/3537 4321/3733/3535
f 4321/3733/3535 4064/3735/3537 3469/3736/3538 4065/3737/3539
f 4066/3734/3536 4321/3733/3535 4065/3737/3539 3468/3738/3540
f 3465/3728/3530 4060/3727/3529 4322/3739/3541 4068/3740/3542
f 4060/3727/3529 3466/3726/3528 4066/3734/3536 4322/3739/3541
f 4322/3739/3541 4066/3734/3536 3468/3738/3540 4067/3741/3543
f 4068/3740/3542 4322/3739/3541 4067/3741/3543 3470/3742/3544
f 3470/3742/3544 4067/3741/3543 4323/3743/3545 4071/3744/3546
f 4067/3741/3543 3468/3738/3540 4069/3745/3547 4323/3743/3545
usemtl lambert2SG
f 4323/3743/3545 4069/3745/3547 3472/3746/3548 4070/3747/3549
f 4071/3744/3546 4323/3743/3545 4070/3747/3549 3471/3748/3550
usemtl lambert3SG
f 3468/3738/3540 4065/3737/3539 4324/3749/3551 4069/3745/3547
f 4065/3737/3539 3469/3736/3538 4072/3750/3552 4324/3749/3551
usemtl lambert2SG
f 4324/3749/3551 4072/3750/3552 3473/3751/3553 4073/3752/3554
f 4069/3745/3547 4324/3749/3551 4073/3752/3554 3472/3746/3548
f 3472/3746/3548 4073/3752/3554 4325/3753/3555 4076/3754/3556
f 4073/3752/3554 3473/3751/3553 4074/3755/3557 4325/3753/3555
f 4325/3753/3555 4074/3755/3557 3548/3756/3558 4075/3757/3559
f 4076/3754/3556 4325/3753/3555 4075/3757/3559 3549/3758/3560
f 3471/3748/3550 4070/3747/3549 4326/3759/3561 4078/3760/3562
f 4070/3747/3549 3472/3746/3548 4076/3754/3556 4326/3759/3561
f 4326/3759/3561 4076/3754/3556 3549/3758/3560 4077/3761/3563
f 4078/3760/3562 4326/3759/3561 4077/3761/3563 3550/3762/3564
f 3476/3763/3565 4079/3764/3566 4327/3765/3567 4082/3766/3568
f 4079/3764/3566 3474/3767/3569 4080/3768/3570 4327/3765/3567
f 4327/3765/3567 4080/3768/3570 3560/3769/3571 4081/3770/3572
f 4082/3766/3568 4327/3765/3567 4081/3770/3572 3561/3771/3573
f 3474/3767/3569 4083/3772/3574 4328/3773/3575 4080/3768/3570
f 4083/3772/3574 3475/3774/3576 4084/3775/3577 4328/3773/3575
f 4328/3773/3575 4084/3775/3577 3562/3776/3578 4085/3777/3579
f 4080/3768/3570 4328/3773/3575 4085/3777/3579 3560/3769/3571
f 3478/3778/3580 4086/3779/3581 4329/3780/3582 4088/3781/3583
f 4086/3779/3581 3479/3782/3584 4087/3783/3585 4329/3780/3582
f 4329/3780/3582 4087/3783/3585 3440/3644/3446 4019/3642/3444
f 4088/3781/3583 4329/3780/3582 4019/3642/3444 3437/3637/3439
f 3477/3784/3586 4089/3785/3587 4330/3786/3588 4090/3787/3589
f 4089/3785/3587 3478/3778/3580 4088/3781/3583 4330/3786/3588
f 4330/3786/3588 4088/3781/3583 3437/3637/3439 4015/3634/3436
f 4090/3787/3589 4330/3786/3588 4015/3634/3436 3438/3633/3435
usemtl lambert3SG
f 3449/3669/3471 4091/3788/3590 4331/3789/3591 4032/3670/3472
f 4091/3788/3590 3481/3790/3592 4092/3791/3593 4331/3789/3591
f 4331/3789/3591 4092/3791/3593 3480/3792/3594 4093/3793/3595
f 4032/3670/3472 4331/3789/3591 4093/3793/3595 3448/3671/3473
f 3481/3790/3592 4094/3794/3596 4332/3795/3597 4092/3791/3593
f 4094/3794/3596 3483/3796/3598 4095/4893/3599 4332/3795/3597
f 4332/3795/3597 4095/4893/3599 3482/4892/3600 4096/3799/3601
f 4092/3791/3593 4332/3795/3597 4096/3799/3601 3480/3792/3594
f 3480/3792/3594 4096/3799/3601 4333/3800/3602 4099/3801/3603
f 4096/3799/3601 3482/4892/3600 4097/4891/3604 4333/3800/3602
f 4333/3800/3602 4097/4891/3604 3485/4890/3605 4098/3804/3606
f 4099/3801/3603 4333/3800/3602 4098/3804/3606 3484/3805/3607
f 3448/3671/3473 4093/3793/3595 4334/3806/3608 4034/3675/3477
f 4093/3793/3595 3480/3792/3594 4099/3801/3603 4334/3806/3608
f 4334/3806/3608 4099/3801/3603 3484/3805/3607 4100/3807/3609
f 4034/3675/3477 4334/3806/3608 4100/3807/3609 3451/3676/3478
f 3451/3676/3478 4100/3807/3609 4335/3808/3610 4042/3690/3492
f 4100/3807/3609 3484/3805/3607 4101/3809/3611 4335/3808/3610
f 4335/3808/3610 4101/3809/3611 3486/3810/3612 4102/3811/3613
f 4042/3690/3492 4335/3808/3610 4102/3811/3613 3455/3691/3493
f 3484/3805/3607 4098/3804/3606 4336/3812/3614 4101/3809/3611
f 4098/3804/3606 3485/4890/3605 4103/4889/3615 4336/3812/3614
f 4336/3812/3614 4103/4889/3615 3487/4888/3616 4104/3815/3617
f 4101/3809/3611 4336/3812/3614 4104/3815/3617 3486/3810/3612
f 3486/3810/3612 4104/3815/3617 4337/3816/3618 4107/3817/3619
f 4104/3815/3617 3487/4888/3616 4105/4887/3620 4337/3816/3618
f 4337/3816/3618 4105/4887/3620 3489/4886/3621 4106/3820/3622
f 4107/3817/3619 4337/3816/3618 4106/3820/3622 3488/3821/3623
f 3455/3691/3493 4102/3811/3613 4338/3822/3624 4044/3695/3497
f 4102/3811/3613 3486/3810/3612 4107/3817/3619 4338/3822/3624
f 4338/3822/3624 4107/3817/3619 3488/3821/3623 4108/3823/3625
f 4044/3695/3497 4338/3822/3624 4108/3823/3625 3457/3696/3498
f 3457/3696/3498 4108/3823/3625 4339/3824/3626 4052/3710/3512
f 4108/3823/3625 3488/3821/3623 4109/3825/3627 4339/3824/3626
f 4339/3824/3626 4109/3825/3627 3490/3826/3628 4110/3827/3629
f 4052/3710/3512 4339/3824/3626 4110/3827/3629 3461/3711/3513
f 3488/3821/3623 4106/3820/3622 4340/3828/3630 4109/3825/3627
f 4106/3820/3622 3489/4886/3621 4111/4885/3631 4340/3828/3630
f 4340/3828/3630 4111/4885/3631 3491/4884/3632 4112/3831/3633
f 4109/3825/3627 4340/3828/3630 4112/3831/3633 3490/3826/3628
f 3490/3826/3628 4112/3831/3633 4341/3832/3634 4115/3833/3635
f 4112/3831/3633 3491/4884/3632 4113/4883/3636 4341/3832/3634
f 4341/3832/3634 4113/4883/3636 3493/4882/3637 4114/3836/3638
f 4115/3833/3635 4341/3832/3634 4114/3836/3638 3492/3837/3639
f 3461/3711/3513 4110/3827/3629 4342/3838/3640 4054/3715/3517
f 4110/3827/3629 3490/3826/3628 4115/3833/3635 4342/3838/3640
f 4342/3838/3640 4115/3833/3635 3492/3837/3639 4116/3839/3641
f 4054/3715/3517 4342/3838/3640 4116/3839/3641 3463/3716/3518
f 3463/3716/3518 4116/3839/3641 4343/3840/3642 4062/3730/3532
f 4116/3839/3641 3492/3837/3639 4117/3841/3643 4343/3840/3642
f 4343/3840/3642 4117/3841/3643 3494/3842/3644 4118/3843/3645
f 4062/3730/3532 4343/3840/3642 4118/3843/3645 3467/3731/3533
f 3492/3837/3639 4114/3836/3638 4344/3844/3646 4117/3841/3643
f 4114/3836/3638 3493/4882/3637 4119/4881/3647 4344/3844/3646
f 4344/3844/3646 4119/4881/3647 3495/4880/3648 4120/3847/3649
f 4117/3841/3643 4344/3844/3646 4120/3847/3649 3494/3842/3644
f 3494/3842/3644 4120/3847/3649 4345/3848/3650 4123/3849/3651
f 4120/3847/3649 3495/4880/3648 4121/4879/3652 4345/3848/3650
f 4345/3848/3650 4121/4879/3652 3497/4878/3653 4122/3852/3654
f 4123/3849/3651 4345/3848/3650 4122/3852/3654 3496/3853/3655
f 3467/3731/3533 4118/3843/3645 4346/3854/3656 4064/3735/3537
f 4118/3843/3645 3494/3842/3644 4123/3849/3651 4346/3854/3656
f 4346/3854/3656 4123/3849/3651 3496/3853/3655 4124/3855/3657
f 4064/3735/3537 4346/3854/3656 4124/3855/3657 3469/3736/3538
f 3469/3736/3538 4124/3855/3657 4347/3856/3658 4072/3750/3552
f 4124/3855/3657 3496/3853/3655 4125/3857/3659 4347/3856/3658
usemtl lambert2SG
f 4347/3856/3658 4125/3857/3659 3498/3858/3660 4126/3859/3661
f 4072/3750/3552 4347/3856/3658 4126/3859/3661 3473/3751/3553
usemtl lambert3SG
f 3496/3853/3655 4122/3852/3654 4348/3860/3662 4125/3857/3659
f 4122/3852/3654 3497/4878/3653 4127/4877/3663 4348/3860/3662
usemtl lambert2SG
f 4348/3860/3662 4127/4877/3663 3499/4864/3664 4128/3863/3665
f 4125/3857/3659 4348/3860/3662 4128/3863/3665 3498/3858/3660
f 3473/3751/3553 4126/3859/3661 4349/3864/3666 4074/3755/3557
f 4126/3859/3661 3498/3858/3660 4129/3865/3667 4349/3864/3666
f 4349/3864/3666 4129/3865/3667 3551/3866/3668 4130/3867/3669
f 4074/3755/3557 4349/3864/3666 4130/3867/3669 3548/3756/3558
f 3475/3774/3576 4131/3868/3670 4350/3869/3671 4084/3775/3577
f 4131/3868/3670 3500/3870/3672 4132/3871/3673 4350/3869/3671
f 4350/3869/3671 4132/3871/3673 3563/3872/3674 4133/3873/3675
f 4084/3775/3577 4350/3869/3671 4133/3873/3675 3562/3776/3578
f 3500/3870/3672 4134/4876/3676 4351/3875/3677 4132/3871/3673
f 4134/4876/3676 3501/4867/3678 4135/4875/3679 4351/3875/3677
f 4351/3875/3677 4135/4875/3679 3564/4857/3680 4136/3879/3681
f 4132/3871/3673 4351/3875/3677 4136/3879/3681 3563/3872/3674
f 3502/3880/3682 4137/3881/3683 4352/3882/3684 4139/3883/3685
f 4137/3881/3683 3503/3884/3686 4138/4873/3687 4352/3882/3684
f 4352/3882/3684 4138/4873/3687 3442/3651/3453 4022/3650/3452
f 4139/3883/3685 4352/3882/3684 4022/3650/3452 3439/3646/3448
f 3479/3782/3584 4140/3886/3688 4353/3887/3689 4087/3783/3585
f 4140/3886/3688 3502/3880/3682 4139/3883/3685 4353/3887/3689
f 4353/3887/3689 4139/3883/3685 3439/3646/3448 4020/3645/3447
f 4087/3783/3585 4353/3887/3689 4020/3645/3447 3440/3644/3446
usemtl lambert3SG
f 3483/4872/3598 4141/4871/3690 4354/3889/3691 4095/3797/3599
f 4141/4871/3690 3505/4870/3692 4142/3891/3693 4354/3889/3691
f 4354/3889/3691 4142/3891/3693 3504/3892/3694 4143/3893/3695
f 4095/3797/3599 4354/3889/3691 4143/3893/3695 3482/3798/3600
f 3505/4870/3692 4144/4869/3696 4355/3895/3697 4142/3891/3693
f 4144/4869/3696 3507/3896/3698 4145/3897/3699 4355/3895/3697
f 4355/3895/3697 4145/3897/3699 3506/3898/3700 4146/3899/3701
f 4142/3891/3693 4355/3895/3697 4146/3899/3701 3504/3892/3694
f 3504/3892/3694 4146/3899/3701 4356/3900/3702 4149/3901/3703
f 4146/3899/3701 3506/3898/3700 4147/3902/3704 4356/3900/3702
f 4356/3900/3702 4147/3902/3704 3509/3903/3705 4148/3904/3706
f 4149/3901/3703 4356/3900/3702 4148/3904/3706 3508/3905/3707
f 3482/3798/3600 4143/3893/3695 4357/3906/3708 4097/3802/3604
f 4143/3893/3695 3504/3892/3694 4149/3901/3703 4357/3906/3708
f 4357/3906/3708 4149/3901/3703 3508/3905/3707 4150/3907/3709
f 4097/3802/3604 4357/3906/3708 4150/3907/3709 3485/3803/3605
f 3485/3803/3605 4150/3907/3709 4358/3908/3710 4103/3813/3615
f 4150/3907/3709 3508/3905/3707 4151/3909/3711 4358/3908/3710
f 4358/3908/3710 4151/3909/3711 3510/3910/3712 4152/3911/3713
f 4103/3813/3615 4358/3908/3710 4152/3911/3713 3487/3814/3616
f 3508/3905/3707 4148/3904/3706 4359/3912/3714 4151/3909/3711
f 4148/3904/3706 3509/3903/3705 4153/3913/3715 4359/3912/3714
f 4359/3912/3714 4153/3913/3715 3511/3914/3716 4154/3915/3717
f 4151/3909/3711 4359/3912/3714 4154/3915/3717 3510/3910/3712
f 3510/3910/3712 4154/3915/3717 4360/3916/3718 4157/3917/3719
f 4154/3915/3717 3511/3914/3716 4155/3918/3720 4360/3916/3718
f 4360/3916/3718 4155/3918/3720 3513/3919/3721 4156/3920/3722
f 4157/3917/3719 4360/3916/3718 4156/3920/3722 3512/3921/3723
f 3487/3814/3616 4152/3911/3713 4361/3922/3724 4105/3818/3620
f 4152/3911/3713 3510/3910/3712 4157/3917/3719 4361/3922/3724
f 4361/3922/3724 4157/3917/3719 3512/3921/3723 4158/3923/3725
f 4105/3818/3620 4361/3922/3724 4158/3923/3725 3489/3819/3621
f 3489/3819/3621 4158/3923/3725 4362/3924/3726 4111/3829/3631
f 4158/3923/3725 3512/3921/3723 4159/3925/3727 4362/3924/3726
f 4362/3924/3726 4159/3925/3727 3514/3926/3728 4160/3927/3729
f 4111/3829/3631 4362/3924/3726 4160/3927/3729 3491/3830/3632
f 3512/3921/3723 4156/3920/3722 4363/3928/3730 4159/3925/3727
f 4156/3920/3722 3513/3919/3721 4161/3929/3731 4363/3928/3730
f 4363/3928/3730 4161/3929/3731 3515/3930/3732 4162/3931/3733
f 4159/3925/3727 4363/3928/3730 4162/3931/3733 3514/3926/3728
f 3514/3926/3728 4162/3931/3733 4364/3932/3734 4165/3933/3735
f 4162/3931/3733 3515/3930/3732 4163/3934/3736 4364/3932/3734
f 4364/3932/3734 4163/3934/3736 3517/3935/3737 4164/3936/3738
f 4165/3933/3735 4364/3932/3734 4164/3936/3738 3516/3937/3739
f 3491/3830/3632 4160/3927/3729 4365/3938/3740 4113/3834/3636
f 4160/3927/3729 3514/3926/3728 4165/3933/3735 4365/3938/3740
f 4365/3938/3740 4165/3933/3735 3516/3937/3739 4166/3939/3741
f 4113/3834/3636 4365/3938/3740 4166/3939/3741 3493/3835/3637
f 3493/3835/3637 4166/3939/3741 4366/3940/3742 4119/3845/3647
f 4166/3939/3741 3516/3937/3739 4167/3941/3743 4366/3940/3742
f 4366/3940/3742 4167/3941/3743 3518/3942/3744 4168/3943/3745
f 4119/3845/3647 4366/3940/3742 4168/3943/3745 3495/3846/3648
f 3516/3937/3739 4164/3936/3738 4367/3944/3746 4167/3941/3743
f 4164/3936/3738 3517/3935/3737 4169/3945/3747 4367/3944/3746
f 4367/3944/3746 4169/3945/3747 3519/3946/3748 4170/3947/3749
f 4167/3941/3743 4367/3944/3746 4170/3947/3749 3518/3942/3744
f 3518/3942/3744 4170/3947/3749 4368/3948/3750 4173/3949/3751
f 4170/3947/3749 3519/3946/3748 4171/3950/3752 4368/3948/3750
f 4368/3948/3750 4171/3950/3752 3521/3951/3753 4172/3952/3754
f 4173/3949/3751 4368/3948/3750 4172/3952/3754 3520/3953/3755
f 3495/3846/3648 4168/3943/3745 4369/3954/3756 4121/3850/3652
f 4168/3943/3745 3518/3942/3744 4173/3949/3751 4369/3954/3756
f 4369/3954/3756 4173/3949/3751 3520/3953/3755 4174/3955/3757
f 4121/3850/3652 4369/3954/3756 4174/3955/3757 3497/3851/3653
f 3497/3851/3653 4174/3955/3757 4370/3956/3758 4127/3861/3663
f 4174/3955/3757 3520/3953/3755 4175/3957/3759 4370/3956/3758
usemtl lambert2SG
f 4370/3956/3758 4175/3957/3759 3522/3958/3760 4176/3959/3761
f 4127/3861/3663 4370/3956/3758 4176/3959/3761 3499/3862/3664
usemtl lambert3SG
f 3520/3953/3755 4172/3952/3754 4371/3960/3762 4175/3957/3759
f 4172/3952/3754 3521/3951/3753 4177/3961/3763 4371/3960/3762
usemtl lambert2SG
f 4371/3960/3762 4177/3961/3763 3523/3962/3764 4178/3963/3765
f 4175/3957/3759 4371/3960/3762 4178/3963/3765 3522/3958/3760
f 3522/3958/3760 4178/3963/3765 4372/3964/3766 4181/3965/3767
f 4178/3963/3765 3523/3962/3764 4179/3966/3768 4372/3964/3766
f 4372/3964/3766 4179/3966/3768 3552/3967/3769 4180/3968/3770
f 4181/3965/3767 4372/3964/3766 4180/3968/3770 3553/3969/3771
f 3499/3862/3664 4176/3959/3761 4373/3970/3772 4183/3971/3773
f 4176/3959/3761 3522/3958/3760 4181/3965/3767 4373/3970/3772
f 4373/3970/3772 4181/3965/3767 3553/3969/3771 4182/3972/3774
f 4183/3971/3773 4373/3970/3772 4182/3972/3774 3554/3973/3775
f 3501/3876/3678 4184/3974/3776 4374/3975/3777 4135/3877/3679
f 4184/3974/3776 3524/3976/3778 4185/3977/3779 4374/3975/3777
f 4374/3975/3777 4185/3977/3779 3565/3978/3780 4186/3979/3781
f 4135/3877/3679 4374/3975/3777 4186/3979/3781 3564/3878/3680
f 3524/3976/3778 4187/3980/3782 4375/3981/3783 4185/3977/3779
f 4187/3980/3782 3525/3982/3784 4188/3983/3785 4375/3981/3783
f 4375/3981/3783 4188/3983/3785 3566/3984/3786 4189/3985/3787
f 4185/3977/3779 4375/3981/3783 4189/3985/3787 3565/3978/3780
f 3526/3986/3788 4190/3987/3789 4376/3988/3790 4192/3989/3791
f 4190/3987/3789 3527/3990/3792 4191/3991/3793 4376/3988/3790
f 4376/3988/3790 4191/3991/3793 3443/3657/3459 4025/3656/3458
f 4192/3989/3791 4376/3988/3790 4025/3656/3458 3441/3653/3455
f 3503/4856/3686 4193/3992/3794 4377/3993/3795 4138/3885/3687
f 4193/3992/3794 3526/3986/3788 4192/3989/3791 4377/3993/3795
f 4377/3993/3795 4192/3989/3791 3441/3653/3455 4023/3652/3454
f 4138/3885/3687 4377/3993/3795 4023/3652/3454 3442/4874/3453
usemtl lambert3SG
f 3507/3896/3698 4194/3994/3796 4378/3995/3797 4145/3897/3699
f 4194/3994/3796 3529/3996/3798 4195/3997/3799 4378/3995/3797
f 4378/3995/3797 4195/3997/3799 3528/3998/3800 4196/3999/3801
f 4145/3897/3699 4378/3995/3797 4196/3999/3801 3506/3898/3700
f 3529/3996/3798 4197/4000/3802 4379/4001/3803 4195/3997/3799
f 4197/4000/3802 3447/3658/3460 4030/3661/3463 4379/4001/3803
f 4379/4001/3803 4030/3661/3463 3444/3666/3468 4198/4002/3804
f 4195/3997/3799 4379/4001/3803 4198/4002/3804 3528/3998/3800
f 3528/3998/3800 4198/4002/3804 4380/4003/3805 4200/4004/3806
f 4198/4002/3804 3444/3666/3468 4038/3680/3482 4380/4003/3805
f 4380/4003/3805 4038/3680/3482 3452/3682/3484 4199/4005/3807
f 4200/4004/3806 4380/4003/3805 4199/4005/3807 3530/4006/3808
f 3506/3898/3700 4196/3999/3801 4381/4007/3809 4147/3902/3704
f 4196/3999/3801 3528/3998/3800 4200/4004/3806 4381/4007/3809
f 4381/4007/3809 4200/4004/3806 3530/4006/3808 4201/4008/3810
f 4147/3902/3704 4381/4007/3809 4201/4008/3810 3509/3903/3705
f 3509/3903/3705 4201/4008/3810 4382/4009/3811 4153/3913/3715
f 4201/4008/3810 3530/4006/3808 4202/4010/3812 4382/4009/3811
f 4382/4009/3811 4202/4010/3812 3531/4011/3813 4203/4012/3814
f 4153/3913/3715 4382/4009/3811 4203/4012/3814 3511/3914/3716
f 3530/4006/3808 4199/4005/3807 4383/4013/3815 4202/4010/3812
f 4199/4005/3807 3452/3682/3484 4041/3684/3486 4383/4013/3815
f 4383/4013/3815 4041/3684/3486 3453/3688/3490 4204/4014/3816
f 4202/4010/3812 4383/4013/3815 4204/4014/3816 3531/4011/3813
f 3531/4011/3813 4204/4014/3816 4384/4015/3817 4206/4016/3818
f 4204/4014/3816 3453/3688/3490 4048/3700/3502 4384/4015/3817
f 4384/4015/3817 4048/3700/3502 3458/3702/3504 4205/4017/3819
f 4206/4016/3818 4384/4015/3817 4205/4017/3819 3532/4018/3820
f 3511/3914/3716 4203/4012/3814 4385/4019/3821 4155/3918/3720
f 4203/4012/3814 3531/4011/3813 4206/4016/3818 4385/4019/3821
f 4385/4019/3821 4206/4016/3818 3532/4018/3820 4207/4020/3822
f 4155/3918/3720 4385/4019/3821 4207/4020/3822 3513/3919/3721
f 3513/3919/3721 4207/4020/3822 4386/4021/3823 4161/3929/3731
f 4207/4020/3822 3532/4018/3820 4208/4022/3824 4386/4021/3823
f 4386/4021/3823 4208/4022/3824 3533/4023/3825 4209/4024/3826
f 4161/3929/3731 4386/4021/3823 4209/4024/3826 3515/3930/3732
f 3532/4018/3820 4205/4017/3819 4387/4025/3827 4208/4022/3824
f 4205/4017/3819 3458/3702/3504 4051/3704/3506 4387/4025/3827
f 4387/4025/3827 4051/3704/3506 3459/3708/3510 4210/4026/3828
f 4208/4022/3824 4387/4025/3827 4210/4026/3828 3533/4023/3825
f 3533/4023/3825 4210/4026/3828 4388/4027/3829 4212/4028/3830
f 4210/4026/3828 3459/3708/3510 4058/3720/3522 4388/4027/3829
f 4388/4027/3829 4058/3720/3522 3464/3722/3524 4211/4029/3831
f 4212/4028/3830 4388/4027/3829 4211/4029/3831 3534/4030/3832
f 3515/3930/3732 4209/4024/3826 4389/4031/3833 4163/3934/3736
f 4209/4024/3826 3533/4023/3825 4212/4028/3830 4389/4031/3833
f 4389/4031/3833 4212/4028/3830 3534/4030/3832 4213/4032/3834
f 4163/3934/3736 4389/4031/3833 4213/4032/3834 3517/3935/3737
f 3517/3935/3737 4213/4032/3834 4390/4033/3835 4169/3945/3747
f 4213/4032/3834 3534/4030/3832 4214/4034/3836 4390/4033/3835
f 4390/4033/3835 4214/4034/3836 3535/4035/3837 4215/4036/3838
f 4169/3945/3747 4390/4033/3835 4215/4036/3838 3519/3946/3748
f 3534/4030/3832 4211/4029/3831 4391/4037/3839 4214/4034/3836
f 4211/4029/3831 3464/3722/3524 4061/3724/3526 4391/4037/3839
f 4391/4037/3839 4061/3724/3526 3465/3728/3530 4216/4038/3840
f 4214/4034/3836 4391/4037/3839 4216/4038/3840 3535/4035/3837
f 3535/4035/3837 4216/4038/3840 4392/4039/3841 4218/4040/3842
f 4216/4038/3840 3465/3728/3530 4068/3740/3542 4392/4039/3841
f 4392/4039/3841 4068/3740/3542 3470/3742/3544 4217/4041/3843
f 4218/4040/3842 4392/4039/3841 4217/4041/3843 3536/4042/3844
f 3519/3946/3748 4215/4036/3838 4393/4043/3845 4171/3950/3752
f 4215/4036/3838 3535/4035/3837 4218/4040/3842 4393/4043/3845
f 4393/4043/3845 4218/4040/3842 3536/4042/3844 4219/4044/3846
f 4171/3950/3752 4393/4043/3845 4219/4044/3846 3521/3951/3753
f 3521/3951/3753 4219/4044/3846 4394/4045/3847 4177/3961/3763
f 4219/4044/3846 3536/4042/3844 4220/4046/3848 4394/4045/3847
usemtl lambert2SG
f 4394/4045/3847 4220/4046/3848 3537/4047/3849 4221/4048/3850
f 4177/3961/3763 4394/4045/3847 4221/4048/3850 3523/3962/3764
usemtl lambert3SG
f 3536/4042/3844 4217/4041/3843 4395/4049/3851 4220/4046/3848
f 4217/4041/3843 3470/3742/3544 4071/3744/3546 4395/4049/3851
usemtl lambert2SG
f 4395/4049/3851 4071/3744/3546 3471/3748/3550 4222/4050/3852
f 4220/4046/3848 4395/4049/3851 4222/4050/3852 3537/4047/3849
f 3537/4047/3849 4222/4050/3852 4396/4051/3853 4224/4052/3854
f 4222/4050/3852 3471/3748/3550 4078/3760/3562 4396/4051/3853
f 4396/4051/3853 4078/3760/3562 3550/3762/3564 4223/4053/3855
f 4224/4052/3854 4396/4051/3853 4223/4053/3855 3555/4054/3856
f 3523/3962/3764 4221/4048/3850 4397/4055/3857 4179/3966/3768
f 4221/4048/3850 3537/4047/3849 4224/4052/3854 4397/4055/3857
f 4397/4055/3857 4224/4052/3854 3555/4054/3856 4225/4056/3858
f 4179/3966/3768 4397/4055/3857 4225/4056/3858 3552/3967/3769
f 3525/3982/3784 4226/4057/3859 4398/4058/3860 4188/3983/3785
f 4226/4057/3859 3538/4059/3861 4227/4060/3862 4398/4058/3860
f 4398/4058/3860 4227/4060/3862 3567/4061/3863 4228/4062/3864
f 4188/3983/3785 4398/4058/3860 4228/4062/3864 3566/3984/3786
f 3538/4059/3861 4229/4063/3865 4399/4064/3866 4227/4060/3862
f 4229/4063/3865 3476/3763/3565 4082/3766/3568 4399/4064/3866
f 4399/4064/3866 4082/3766/3568 3561/3771/3573 4230/4065/3867
f 4227/4060/3862 4399/4064/3866 4230/4065/3867 3567/4061/3863
f 3539/4066/3868 4231/4067/3869 4400/4068/3870 4232/4069/3871
f 4231/4067/3869 3477/3784/3586 4090/3787/3589 4400/4068/3870
f 4400/4068/3870 4090/3787/3589 3438/3633/3435 4018/3636/3438
f 4232/4069/3871 4400/4068/3870 4018/3636/3438 3435/3641/3443
f 3527/3990/3792 4233/4070/3872 4401/4071/3873 4191/3991/3793
f 4233/4070/3872 3539/4066/3868 4232/4069/3871 4401/4071/3873
f 4401/4071/3873 4232/4069/3871 3435/3641/3443 4026/3655/3457
f 4191/3991/3793 4401/4071/3873 4026/3655/3457 3443/4868/3459
usemtl lambert3SG
f 3481/3790/3592 4091/3788/3590 4402/4072/3874 4235/4073/3875
f 4091/3788/3590 3449/3669/3471 4031/3667/3469 4402/4072/3874
f 4402/4072/3874 4031/3667/3469 3446/3662/3464 4234/4074/3876
f 4235/4073/3875 4402/4072/3874 4234/4074/3876 3725/4075/3877
usemtl lambert2SG
f 3500/3870/3672 4236/4076/3878 4403/4077/3879 4239/4078/3880
f 4236/4076/3878 3551/3866/3668 4237/4079/3881 4403/4077/3879
f 4403/4077/3879 4237/4079/3881 3574/4080/3882 4238/4081/3883
f 4239/4078/3880 4403/4077/3879 4238/4081/3883 3575/4082/3884
f 3501/4866/3678 4134/3874/3676 4404/4083/3885 4241/4865/3886
f 4134/3874/3676 3500/3870/3672 4239/4078/3880 4404/4083/3885
f 4404/4083/3885 4239/4078/3880 3575/4082/3884 4240/4085/3887
f 4241/4865/3886 4404/4083/3885 4240/4085/3887 3576/4086/3888
f 3499/3862/3664 4183/3971/3773 4405/4087/3889 4244/4863/3890
f 4183/3971/3773 3554/3973/3775 4242/4089/3891 4405/4087/3889
f 4405/4087/3889 4242/4089/3891 3577/4090/3892 4243/4091/3893
f 4244/4863/3890 4405/4087/3889 4243/4091/3893 3578/4092/3894
f 3498/3858/3660 4128/3863/3665 4406/4093/3895 4246/4094/3896
f 4128/3863/3665 3499/4864/3664 4244/4088/3890 4406/4093/3895
f 4406/4093/3895 4244/4088/3890 3578/4844/3894 4245/4095/3897
f 4246/4094/3896 4406/4093/3895 4245/4095/3897 3579/4096/3898
f 3547/4097/3899 4247/4098/3900 4407/4099/3901 4250/4100/3902
f 4247/4098/3900 3546/4101/3903 4248/4862/3904 4407/4099/3901
f 4407/4099/3901 4248/4862/3904 3558/4859/3905 4249/4104/3906
f 4250/4100/3902 4407/4099/3901 4249/4104/3906 3559/4105/3907
f 3540/4106/3908 4251/4107/3909 4408/4108/3910 4254/4109/3911
f 4251/4107/3909 3556/4110/3912 4252/4111/3913 4408/4108/3910
f 4408/4108/3910 4252/4111/3913 3568/4112/3914 4253/4113/3915
f 4254/4109/3911 4408/4108/3910 4253/4113/3915 3569/4114/3916
f 3541/4848/3917 4255/4116/3918 4409/4117/3919 4257/4861/3920
f 4255/4116/3918 3540/4106/3908 4254/4109/3911 4409/4117/3919
f 4409/4117/3919 4254/4109/3911 3569/4114/3916 4256/4119/3921
f 4257/4861/3920 4409/4117/3919 4256/4119/3921 3570/4120/3922
f 3542/4845/3923 4258/4122/3924 4410/4123/3925 4261/4860/3926
f 4258/4122/3924 3557/4125/3927 4259/4126/3928 4410/4123/3925
f 4410/4123/3925 4259/4126/3928 3571/4127/3929 4260/4128/3930
f 4261/4860/3926 4410/4123/3925 4260/4128/3930 3572/4129/3931
f 3543/4130/3932 4262/4131/3933 4411/4132/3934 4264/4133/3935
f 4262/4131/3933 3542/4121/3923 4261/4124/3926 4411/4132/3934
f 4411/4132/3934 4261/4124/3926 3572/4850/3931 4263/4134/3936
f 4264/4133/3935 4411/4132/3934 4263/4134/3936 3573/4135/3937
f 3549/3758/3560 4075/3757/3559 4412/4136/3938 4266/4137/3939
f 4075/3757/3559 3548/3756/3558 4265/4138/3940 4412/4136/3938
f 4412/4136/3938 4265/4138/3940 3475/3774/3576 4083/3772/3574
f 4266/4137/3939 4412/4136/3938 4083/3772/3574 3474/3767/3569
f 3550/3762/3564 4077/3761/3563 4413/4139/3941 4267/4140/3942
f 4077/3761/3563 3549/3758/3560 4266/4137/3939 4413/4139/3941
f 4413/4139/3941 4266/4137/3939 3474/3767/3569 4079/3764/3566
f 4267/4140/3942 4413/4139/3941 4079/3764/3566 3476/3763/3565
f 3548/3756/3558 4130/3867/3669 4414/4141/3943 4265/4138/3940
f 4130/3867/3669 3551/3866/3668 4236/4076/3878 4414/4141/3943
f 4414/4141/3943 4236/4076/3878 3500/3870/3672 4131/3868/3670
f 4265/4138/3940 4414/4141/3943 4131/3868/3670 3475/3774/3576
f 3553/3969/3771 4180/3968/3770 4415/4142/3944 4269/4143/3945
f 4180/3968/3770 3552/3967/3769 4268/4144/3946 4415/4142/3944
f 4415/4142/3944 4268/4144/3946 3525/3982/3784 4187/3980/3782
f 4269/4143/3945 4415/4142/3944 4187/3980/3782 3524/3976/3778
f 3554/3973/3775 4182/3972/3774 4416/4145/3947 4270/4146/3948
f 4182/3972/3774 3553/3969/3771 4269/4143/3945 4416/4145/3947
f 4416/4145/3947 4269/4143/3945 3524/3976/3778 4184/3974/3776
f 4270/4146/3948 4416/4145/3947 4184/3974/3776 3501/3876/3678
f 3555/4054/3856 4223/4053/3855 4417/4147/3949 4271/4148/3950
f 4223/4053/3855 3550/3762/3564 4267/4140/3942 4417/4147/3949
f 4417/4147/3949 4267/4140/3942 3476/3763/3565 4229/4063/3865
f 4271/4148/3950 4417/4147/3949 4229/4063/3865 3538/4059/3861
f 3552/3967/3769 4225/4056/3858 4418/4149/3951 4268/4144/3946
f 4225/4056/3858 3555/4054/3856 4271/4148/3950 4418/4149/3951
f 4418/4149/3951 4271/4148/3950 3538/4059/3861 4226/4057/3859
f 4268/4144/3946 4418/4149/3951 4226/4057/3859 3525/3982/3784
f 3551/3866/3668 4129/3865/3667 4419/4150/3952 4237/4079/3881
f 4129/3865/3667 3498/3858/3660 4246/4094/3896 4419/4150/3952
f 4419/4150/3952 4246/4094/3896 3579/4096/3898 4272/4151/3953
f 4237/4079/3881 4419/4150/3952 4272/4151/3953 3574/4080/3882
f 3554/3973/3775 4270/4146/3948 4420/4152/3954 4242/4089/3891
f 4270/4146/3948 3501/3876/3678 4241/4084/3886 4420/4152/3954
f 4420/4152/3954 4241/4084/3886 3576/4847/3888 4273/4153/3955
f 4242/4089/3891 4420/4152/3954 4273/4153/3955 3577/4090/3892
f 3559/4105/3907 4249/4104/3906 4421/4154/3956 4276/4155/3957
f 4249/4104/3906 3558/4859/3905 4274/4858/3958 4421/4154/3956
f 4421/4154/3956 4274/4858/3958 3545/4854/3959 4275/4158/3960
f 4276/4155/3957 4421/4154/3956 4275/4158/3960 3544/4159/3961
f 3556/4110/3912 4277/4160/3962 4422/4161/3963 4252/4111/3913
f 4277/4160/3962 3543/4130/3932 4264/4133/3935 4422/4161/3963
f 4422/4161/3963 4264/4133/3935 3573/4135/3937 4278/4162/3964
f 4252/4111/3913 4422/4161/3963 4278/4162/3964 3568/4112/3914
f 3557/4125/3927 4279/4163/3965 4423/4164/3966 4259/4126/3928
f 4279/4163/3965 3541/4115/3917 4257/4118/3920 4423/4164/3966
f 4423/4164/3966 4257/4118/3920 3570/4853/3922 4280/4165/3967
f 4259/4126/3928 4423/4164/3966 4280/4165/3967 3571/4127/3929
f 3561/3771/3573 4081/3770/3572 4424/4166/3968 4282/4167/3969
f 4081/3770/3572 3560/3769/3571 4281/4168/3970 4424/4166/3968
f 4424/4166/3968 4281/4168/3970 3478/3778/3580 4089/3785/3587
f 4282/4167/3969 4424/4166/3968 4089/3785/3587 3477/3784/3586
f 3560/3769/3571 4085/3777/3579 4425/4169/3971 4281/4168/3970
f 4085/3777/3579 3562/3776/3578 4283/4170/3972 4425/4169/3971
f 4425/4169/3971 4283/4170/3972 3479/3782/3584 4086/3779/3581
f 4281/4168/3970 4425/4169/3971 4086/3779/3581 3478/3778/3580
f 3562/3776/3578 4133/3873/3675 4426/4171/3973 4283/4170/3972
f 4133/3873/3675 3563/3872/3674 4284/4172/3974 4426/4171/3973
f 4426/4171/3973 4284/4172/3974 3502/3880/3682 4140/3886/3688
f 4283/4170/3972 4426/4171/3973 4140/3886/3688 3479/3782/3584
f 3563/3872/3674 4136/3879/3681 4427/4173/3975 4284/4172/3974
f 4136/3879/3681 3564/4857/3680 4285/4855/3976 4427/4173/3975
f 4427/4173/3975 4285/4855/3976 3503/3884/3686 4137/3881/3683
f 4284/4172/3974 4427/4173/3975 4137/3881/3683 3502/3880/3682
f 3564/3878/3680 4186/3979/3781 4428/4175/3977 4285/4174/3976
f 4186/3979/3781 3565/3978/3780 4286/4176/3978 4428/4175/3977
f 4428/4175/3977 4286/4176/3978 3526/3986/3788 4193/3992/3794
f 4285/4174/3976 4428/4175/3977 4193/3992/3794 3503/4856/3686
f 3565/3978/3780 4189/3985/3787 4429/4177/3979 4286/4176/3978
f 4189/3985/3787 3566/3984/3786 4287/4178/3980 4429/4177/3979
f 4429/4177/3979 4287/4178/3980 3527/3990/3792 4190/3987/3789
f 4286/4176/3978 4429/4177/3979 4190/3987/3789 3526/3986/3788
f 3566/3984/3786 4228/4062/3864 4430/4179/3981 4287/4178/3980
f 4228/4062/3864 3567/4061/3863 4288/4180/3982 4430/4179/3981
f 4430/4179/3981 4288/4180/3982 3539/4066/3868 4233/4070/3872
f 4287/4178/3980 4430/4179/3981 4233/4070/3872 3527/3990/3792
f 3567/4061/3863 4230/4065/3867 4431/4181/3983 4288/4180/3982
f 4230/4065/3867 3561/3771/3573 4282/4167/3969 4431/4181/3983
f 4431/4181/3983 4282/4167/3969 3477/3784/3586 4231/4067/3869
f 4288/4180/3982 4431/4181/3983 4231/4067/3869 3539/4066/3868
f 3569/4114/3916 4253/4113/3915 4432/4182/3984 4290/4183/3985
f 4253/4113/3915 3568/4112/3914 4289/4184/3986 4432/4182/3984
f 4432/4182/3984 4289/4184/3986 3559/4105/3907 4276/4155/3957
f 4290/4183/3985 4432/4182/3984 4276/4155/3957 3544/4159/3961
f 3570/4120/3922 4256/4119/3921 4433/4185/3987 4291/4852/3988
f 4256/4119/3921 3569/4114/3916 4290/4183/3985 4433/4185/3987
f 4433/4185/3987 4290/4183/3985 3544/4159/3961 4275/4158/3960
f 4291/4852/3988 4433/4185/3987 4275/4158/3960 3545/4854/3959
f 3572/4129/3931 4260/4128/3930 4434/4187/3989 4293/4849/3990
f 4260/4128/3930 3571/4127/3929 4292/4189/3991 4434/4187/3989
f 4434/4187/3989 4292/4189/3991 3558/4103/3905 4248/4102/3904
f 4293/4849/3990 4434/4187/3989 4248/4102/3904 3546/4851/3903
f 3573/4135/3937 4263/4134/3936 4435/4190/3992 4294/4191/3993
f 4263/4134/3936 3572/4850/3931 4293/4188/3990 4435/4190/3992
f 4435/4190/3992 4293/4188/3990 3546/4101/3903 4247/4098/3900
f 4294/4191/3993 4435/4190/3992 4247/4098/3900 3547/4097/3899
f 3568/4112/3914 4278/4162/3964 4436/4192/3994 4289/4184/3986
f 4278/4162/3964 3573/4135/3937 4294/4191/3993 4436/4192/3994
f 4436/4192/3994 4294/4191/3993 3547/4097/3899 4250/4100/3902
f 4289/4184/3986 4436/4192/3994 4250/4100/3902 3559/4105/3907
f 3571/4127/3929 4280/4165/3967 4437/4193/3995 4292/4189/3991
f 4280/4165/3967 3570/4853/3922 4291/4186/3988 4437/4193/3995
f 4437/4193/3995 4291/4186/3988 3545/4157/3959 4274/4156/3958
f 4292/4189/3991 4437/4193/3995 4274/4156/3958 3558/4103/3905
f 3575/4082/3884 4238/4081/3883 4438/4194/3996 4296/4195/3997
f 4238/4081/3883 3574/4080/3882 4295/4196/3998 4438/4194/3996
f 4438/4194/3996 4295/4196/3998 3556/4110/3912 4251/4107/3909
f 4296/4195/3997 4438/4194/3996 4251/4107/3909 3540/4106/3908
f 3576/4086/3888 4240/4085/3887 4439/4197/3999 4297/4846/4000
f 4240/4085/3887 3575/4082/3884 4296/4195/3997 4439/4197/3999
f 4439/4197/3999 4296/4195/3997 3540/4106/3908 4255/4116/3918
f 4297/4846/4000 4439/4197/3999 4255/4116/3918 3541/4848/3917
f 3578/4092/3894 4243/4091/3893 4440/4199/4001 4299/4843/4002
f 4243/4091/3893 3577/4090/3892 4298/4201/4003 4440/4199/4001
f 4440/4199/4001 4298/4201/4003 3557/4125/3927 4258/4122/3924
f 4299/4843/4002 4440/4199/4001 4258/4122/3924 3542/4845/3923
f 3579/4096/3898 4245/4095/3897 4441/4202/4004 4300/4203/4005
f 4245/4095/3897 3578/4844/3894 4299/4200/4002 4441/4202/4004
f 4441/4202/4004 4299/4200/4002 3542/4121/3923 4262/4131/3933
f 4300/4203/4005 4441/4202/4004 4262/4131/3933 3543/4130/3932
f 3574/4080/3882 4272/4151/3953 4442/4204/4006 4295/4196/3998
f 4272/4151/3953 3579/4096/3898 4300/4203/4005 4442/4204/4006
f 4442/4204/4006 4300/4203/4005 3543/4130/3932 4277/4160/3962
f 4295/4196/3998 4442/4204/4006 4277/4160/3962 3556/4110/3912
f 3577/4090/3892 4273/4153/3955 4443/4205/4007 4298/4201/4003
f 4273/4153/3955 3576/4847/3888 4297/4198/4000 4443/4205/4007
f 4443/4205/4007 4297/4198/4000 3541/4115/3917 4279/4163/3965
f 4298/4201/4003 4443/4205/4007 4279/4163/3965 3557/4125/3927
s 14
f 3583/4206/4008 4301/4842/4009 4444/4208/4010 3728/4209/4011
f 4301/4842/4009 3582/4841/4012 4302/4211/4013 4444/4208/4010
f 4444/4208/4010 4302/4211/4013 3581/4212/4014 3727/4213/4015
f 3728/4209/4011 4444/4208/4010 3727/4213/4015 3580/4214/4016
f 3582/4841/4012 3729/4840/4017 4445/4216/4018 4302/4211/4013
f 3729/4840/4017 3585/4817/4019 3730/4218/4020 4445/4216/4018
f 4445/4216/4018 3730/4218/4020 3584/4219/4021 3731/4220/4022
f 4302/4211/4013 4445/4216/4018 3731/4220/4022 3581/4212/4014
f 3581/4212/4014 3731/4220/4022 4446/4221/4023 3734/4222/4024
f 3731/4220/4022 3584/4219/4021 3732/4223/4025 4446/4221/4023
f 4446/4221/4023 3732/4223/4025 3587/4224/4026 3733/4225/4027
f 3734/4222/4024 4446/4221/4023 3733/4225/4027 3586/4226/4028
f 3580/4214/4016 3727/4213/4015 4447/4227/4029 3736/4228/4030
f 3727/4213/4015 3581/4212/4014 3734/4222/4024 4447/4227/4029
f 4447/4227/4029 3734/4222/4024 3586/4226/4028 3735/4229/4031
f 3736/4228/4030 4447/4227/4029 3735/4229/4031 3588/4230/4032
usemtl lambert3SG
f 3592/4231/4033 3737/4839/4034 4448/4233/4035 3740/4234/4036
f 3737/4839/4034 3591/4838/4037 3738/4236/4038 4448/4233/4035
f 4448/4233/4035 3738/4236/4038 3590/4237/4039 3739/4238/4040
f 3740/4234/4036 4448/4233/4035 3739/4238/4040 3589/4239/4041
f 3591/4838/4037 3741/4837/4042 4449/4241/4043 3738/4236/4038
f 3741/4837/4042 3594/4836/4044 3742/4835/4045 4449/4241/4043
f 4449/4241/4043 3742/4835/4045 3593/4834/4046 3743/4245/4047
f 3738/4236/4038 4449/4241/4043 3743/4245/4047 3590/4237/4039
f 3590/4237/4039 3743/4245/4047 4450/4246/4048 3746/4247/4049
f 3743/4245/4047 3593/4834/4046 3744/4833/4050 4450/4246/4048
f 4450/4246/4048 3744/4833/4050 3596/4832/4051 3745/4250/4052
f 3746/4247/4049 4450/4246/4048 3745/4250/4052 3595/4251/4053
f 3589/4239/4041 3739/4238/4040 4451/4252/4054 3748/4253/4055
f 3739/4238/4040 3590/4237/4039 3746/4247/4049 4451/4252/4054
f 4451/4252/4054 3746/4247/4049 3595/4251/4053 3747/4254/4056
f 3748/4253/4055 4451/4252/4054 3747/4254/4056 3597/4255/4057
f 3597/4255/4057 3747/4254/4056 4452/4256/4058 3751/4257/4059
f 3747/4254/4056 3595/4251/4053 3749/4258/4060 4452/4256/4058
f 4452/4256/4058 3749/4258/4060 3599/4259/4061 3750/4260/4062
f 3751/4257/4059 4452/4256/4058 3750/4260/4062 3598/4261/4063
f 3595/4251/4053 3745/4250/4052 4453/4262/4064 3749/4258/4060
f 3745/4250/4052 3596/4832/4051 3752/4831/4065 4453/4262/4064
f 4453/4262/4064 3752/4831/4065 3600/4830/4066 3753/4265/4067
f 3749/4258/4060 4453/4262/4064 3753/4265/4067 3599/4259/4061
f 3599/4259/4061 3753/4265/4067 4454/4266/4068 3756/4267/4069
f 3753/4265/4067 3600/4830/4066 3754/4829/4070 4454/4266/4068
f 4454/4266/4068 3754/4829/4070 3602/4828/4071 3755/4270/4072
f 3756/4267/4069 4454/4266/4068 3755/4270/4072 3601/4271/4073
f 3598/4261/4063 3750/4260/4062 4455/4272/4074 3758/4273/4075
f 3750/4260/4062 3599/4259/4061 3756/4267/4069 4455/4272/4074
f 4455/4272/4074 3756/4267/4069 3601/4271/4073 3757/4274/4076
f 3758/4273/4075 4455/4272/4074 3757/4274/4076 3603/4275/4077
f 3603/4275/4077 3757/4274/4076 4456/4276/4078 3761/4277/4079
f 3757/4274/4076 3601/4271/4073 3759/4278/4080 4456/4276/4078
f 4456/4276/4078 3759/4278/4080 3605/4279/4081 3760/4280/4082
f 3761/4277/4079 4456/4276/4078 3760/4280/4082 3604/4281/4083
f 3601/4271/4073 3755/4270/4072 4457/4282/4084 3759/4278/4080
f 3755/4270/4072 3602/4828/4071 3762/4827/4085 4457/4282/4084
f 4457/4282/4084 3762/4827/4085 3606/4826/4086 3763/4285/4087
f 3759/4278/4080 4457/4282/4084 3763/4285/4087 3605/4279/4081
f 3605/4279/4081 3763/4285/4087 4458/4286/4088 3766/4287/4089
f 3763/4285/4087 3606/4826/4086 3764/4825/4090 4458/4286/4088
f 4458/4286/4088 3764/4825/4090 3608/4824/4091 3765/4290/4092
f 3766/4287/4089 4458/4286/4088 3765/4290/4092 3607/4291/4093
f 3604/4281/4083 3760/4280/4082 4459/4292/4094 3768/4293/4095
f 3760/4280/4082 3605/4279/4081 3766/4287/4089 4459/4292/4094
f 4459/4292/4094 3766/4287/4089 3607/4291/4093 3767/4294/4096
f 3768/4293/4095 4459/4292/4094 3767/4294/4096 3609/4295/4097
f 3609/4295/4097 3767/4294/4096 4460/4296/4098 3771/4297/4099
f 3767/4294/4096 3607/4291/4093 3769/4298/4100 4460/4296/4098
f 4460/4296/4098 3769/4298/4100 3611/4299/4101 3770/4300/4102
f 3771/4297/4099 4460/4296/4098 3770/4300/4102 3610/4301/4103
f 3607/4291/4093 3765/4290/4092 4461/4302/4104 3769/4298/4100
f 3765/4290/4092 3608/4824/4091 3772/4823/4105 4461/4302/4104
f 4461/4302/4104 3772/4823/4105 3612/4822/4106 3773/4305/4107
f 3769/4298/4100 4461/4302/4104 3773/4305/4107 3611/4299/4101
f 3611/4299/4101 3773/4305/4107 4462/4306/4108 3776/4307/4109
f 3773/4305/4107 3612/4822/4106 3774/4821/4110 4462/4306/4108
f 4462/4306/4108 3774/4821/4110 3614/4820/4111 3775/4310/4112
f 3776/4307/4109 4462/4306/4108 3775/4310/4112 3613/4311/4113
f 3610/4301/4103 3770/4300/4102 4463/4312/4114 3778/4313/4115
f 3770/4300/4102 3611/4299/4101 3776/4307/4109 4463/4312/4114
f 4463/4312/4114 3776/4307/4109 3613/4311/4113 3777/4314/4116
f 3778/4313/4115 4463/4312/4114 3777/4314/4116 3615/4315/4117
f 3615/4315/4117 3777/4314/4116 4464/4316/4118 3781/4317/4119
f 3777/4314/4116 3613/4311/4113 3779/4318/4120 4464/4316/4118
usemtl lambert2SG
f 4464/4316/4118 3779/4318/4120 3617/4319/4121 3780/4320/4122
f 3781/4317/4119 4464/4316/4118 3780/4320/4122 3616/4321/4123
usemtl lambert3SG
f 3613/4311/4113 3775/4310/4112 4465/4322/4124 3779/4318/4120
f 3775/4310/4112 3614/4820/4111 3782/4819/4125 4465/4322/4124
usemtl lambert2SG
f 4465/4322/4124 3782/4819/4125 3618/4810/4126 3783/4325/4127
f 3779/4318/4120 4465/4322/4124 3783/4325/4127 3617/4319/4121
f 3617/4319/4121 3783/4325/4127 4466/4326/4128 3786/4327/4129
f 3783/4325/4127 3618/4810/4126 3784/4328/4130 4466/4326/4128
f 4466/4326/4128 3784/4328/4130 3693/4329/4131 3785/4330/4132
f 3786/4327/4129 4466/4326/4128 3785/4330/4132 3694/4331/4133
f 3616/4321/4123 3780/4320/4122 4467/4332/4134 3788/4333/4135
f 3780/4320/4122 3617/4319/4121 3786/4327/4129 4467/4332/4134
f 4467/4332/4134 3786/4327/4129 3694/4331/4133 3787/4334/4136
f 3788/4333/4135 4467/4332/4134 3787/4334/4136 3695/4335/4137
f 3621/4336/4138 3789/4337/4139 4468/4338/4140 3792/4339/4141
f 3789/4337/4139 3619/4340/4142 3790/4341/4143 4468/4338/4140
f 4468/4338/4140 3790/4341/4143 3705/4342/4144 3791/4343/4145
f 3792/4339/4141 4468/4338/4140 3791/4343/4145 3706/4344/4146
f 3619/4340/4142 3793/4345/4147 4469/4346/4148 3790/4341/4143
f 3793/4345/4147 3620/4347/4149 3794/4818/4150 4469/4346/4148
f 4469/4346/4148 3794/4818/4150 3707/4803/4151 3795/4350/4152
f 3790/4341/4143 4469/4346/4148 3795/4350/4152 3705/4342/4144
f 3623/4351/4153 3796/4352/4154 4470/4353/4155 3798/4354/4156
f 3796/4352/4154 3624/4355/4157 3797/4816/4158 4470/4353/4155
f 4470/4353/4155 3797/4816/4158 3585/4217/4019 3729/4215/4017
f 3798/4354/4156 4470/4353/4155 3729/4215/4017 3582/4210/4012
f 3622/4357/4159 3799/4358/4160 4471/4359/4161 3800/4360/4162
f 3799/4358/4160 3623/4351/4153 3798/4354/4156 4471/4359/4161
f 4471/4359/4161 3798/4354/4156 3582/4210/4012 4301/4207/4009
f 3800/4360/4162 4471/4359/4161 4301/4207/4009 3583/4815/4008
usemtl lambert3SG
f 3594/4242/4044 3801/4361/4163 4472/4362/4164 3742/4243/4045
f 3801/4361/4163 3626/4363/4165 3802/4364/4166 4472/4362/4164
f 4472/4362/4164 3802/4364/4166 3625/4365/4167 3803/4366/4168
f 3742/4243/4045 4472/4362/4164 3803/4366/4168 3593/4244/4046
f 3626/4363/4165 3804/4367/4169 4473/4368/4170 3802/4364/4166
f 3804/4367/4169 3628/4369/4171 3805/4370/4172 4473/4368/4170
f 4473/4368/4170 3805/4370/4172 3627/4371/4173 3806/4372/4174
f 3802/4364/4166 4473/4368/4170 3806/4372/4174 3625/4365/4167
f 3625/4365/4167 3806/4372/4174 4474/4373/4175 3809/4374/4176
f 3806/4372/4174 3627/4371/4173 3807/4375/4177 4474/4373/4175
f 4474/4373/4175 3807/4375/4177 3630/4376/4178 3808/4377/4179
f 3809/4374/4176 4474/4373/4175 3808/4377/4179 3629/4378/4180
f 3593/4244/4046 3803/4366/4168 4475/4379/4181 3744/4248/4050
f 3803/4366/4168 3625/4365/4167 3809/4374/4176 4475/4379/4181
f 4475/4379/4181 3809/4374/4176 3629/4378/4180 3810/4380/4182
f 3744/4248/4050 4475/4379/4181 3810/4380/4182 3596/4249/4051
f 3596/4249/4051 3810/4380/4182 4476/4381/4183 3752/4263/4065
f 3810/4380/4182 3629/4378/4180 3811/4382/4184 4476/4381/4183
f 4476/4381/4183 3811/4382/4184 3631/4383/4185 3812/4384/4186
f 3752/4263/4065 4476/4381/4183 3812/4384/4186 3600/4264/4066
f 3629/4378/4180 3808/4377/4179 4477/4385/4187 3811/4382/4184
f 3808/4377/4179 3630/4376/4178 3813/4386/4188 4477/4385/4187
f 4477/4385/4187 3813/4386/4188 3632/4387/4189 3814/4388/4190
f 3811/4382/4184 4477/4385/4187 3814/4388/4190 3631/4383/4185
f 3631/4383/4185 3814/4388/4190 4478/4389/4191 3817/4390/4192
f 3814/4388/4190 3632/4387/4189 3815/4391/4193 4478/4389/4191
f 4478/4389/4191 3815/4391/4193 3634/4392/4194 3816/4393/4195
f 3817/4390/4192 4478/4389/4191 3816/4393/4195 3633/4394/4196
f 3600/4264/4066 3812/4384/4186 4479/4395/4197 3754/4268/4070
f 3812/4384/4186 3631/4383/4185 3817/4390/4192 4479/4395/4197
f 4479/4395/4197 3817/4390/4192 3633/4394/4196 3818/4396/4198
f 3754/4268/4070 4479/4395/4197 3818/4396/4198 3602/4269/4071
f 3602/4269/4071 3818/4396/4198 4480/4397/4199 3762/4283/4085
f 3818/4396/4198 3633/4394/4196 3819/4398/4200 4480/4397/4199
f 4480/4397/4199 3819/4398/4200 3635/4399/4201 3820/4400/4202
f 3762/4283/4085 4480/4397/4199 3820/4400/4202 3606/4284/4086
f 3633/4394/4196 3816/4393/4195 4481/4401/4203 3819/4398/4200
f 3816/4393/4195 3634/4392/4194 3821/4402/4204 4481/4401/4203
f 4481/4401/4203 3821/4402/4204 3636/4403/4205 3822/4404/4206
f 3819/4398/4200 4481/4401/4203 3822/4404/4206 3635/4399/4201
f 3635/4399/4201 3822/4404/4206 4482/4405/4207 3825/4406/4208
f 3822/4404/4206 3636/4403/4205 3823/4407/4209 4482/4405/4207
f 4482/4405/4207 3823/4407/4209 3638/4408/4210 3824/4409/4211
f 3825/4406/4208 4482/4405/4207 3824/4409/4211 3637/4410/4212
f 3606/4284/4086 3820/4400/4202 4483/4411/4213 3764/4288/4090
f 3820/4400/4202 3635/4399/4201 3825/4406/4208 4483/4411/4213
f 4483/4411/4213 3825/4406/4208 3637/4410/4212 3826/4412/4214
f 3764/4288/4090 4483/4411/4213 3826/4412/4214 3608/4289/4091
f 3608/4289/4091 3826/4412/4214 4484/4413/4215 3772/4303/4105
f 3826/4412/4214 3637/4410/4212 3827/4414/4216 4484/4413/4215
f 4484/4413/4215 3827/4414/4216 3639/4415/4217 3828/4416/4218
f 3772/4303/4105 4484/4413/4215 3828/4416/4218 3612/4304/4106
f 3637/4410/4212 3824/4409/4211 4485/4417/4219 3827/4414/4216
f 3824/4409/4211 3638/4408/4210 3829/4418/4220 4485/4417/4219
f 4485/4417/4219 3829/4418/4220 3640/4419/4221 3830/4420/4222
f 3827/4414/4216 4485/4417/4219 3830/4420/4222 3639/4415/4217
f 3639/4415/4217 3830/4420/4222 4486/4421/4223 3833/4422/4224
f 3830/4420/4222 3640/4419/4221 3831/4423/4225 4486/4421/4223
f 4486/4421/4223 3831/4423/4225 3642/4424/4226 3832/4425/4227
f 3833/4422/4224 4486/4421/4223 3832/4425/4227 3641/4426/4228
f 3612/4304/4106 3828/4416/4218 4487/4427/4229 3774/4308/4110
f 3828/4416/4218 3639/4415/4217 3833/4422/4224 4487/4427/4229
f 4487/4427/4229 3833/4422/4224 3641/4426/4228 3834/4428/4230
f 3774/4308/4110 4487/4427/4229 3834/4428/4230 3614/4309/4111
f 3614/4309/4111 3834/4428/4230 4488/4429/4231 3782/4323/4125
f 3834/4428/4230 3641/4426/4228 3835/4430/4232 4488/4429/4231
usemtl lambert2SG
f 4488/4429/4231 3835/4430/4232 3643/4431/4233 3836/4432/4234
f 3782/4323/4125 4488/4429/4231 3836/4432/4234 3618/4324/4126
usemtl lambert3SG
f 3641/4426/4228 3832/4425/4227 4489/4433/4235 3835/4430/4232
f 3832/4425/4227 3642/4424/4226 3837/4434/4236 4489/4433/4235
usemtl lambert2SG
f 4489/4433/4235 3837/4434/4236 3644/4435/4237 3838/4436/4238
f 3835/4430/4232 4489/4433/4235 3838/4436/4238 3643/4431/4233
f 3643/4431/4233 3838/4436/4238 4490/4437/4239 3841/4438/4240
f 3838/4436/4238 3644/4435/4237 3839/4439/4241 4490/4437/4239
f 4490/4437/4239 3839/4439/4241 3696/4440/4242 3840/4441/4243
f 3841/4438/4240 4490/4437/4239 3840/4441/4243 3697/4442/4244
f 3620/4812/4149 3842/4814/4245 4491/4444/4246 3794/4348/4150
f 3842/4814/4245 3645/4445/4247 3843/4446/4248 4491/4444/4246
f 4491/4444/4246 3843/4446/4248 3708/4447/4249 3844/4448/4250
f 3794/4348/4150 4491/4444/4246 3844/4448/4250 3707/4349/4151
f 3645/4445/4247 3845/4449/4251 4492/4450/4252 3843/4446/4248
f 3845/4449/4251 3646/4451/4253 3846/4452/4254 4492/4450/4252
f 4492/4450/4252 3846/4452/4254 3709/4453/4255 3847/4454/4256
f 3843/4446/4248 4492/4450/4252 3847/4454/4256 3708/4447/4249
f 3647/4455/4257 3848/4456/4258 4493/4457/4259 3850/4458/4260
f 3848/4456/4258 3648/4459/4261 3849/4460/4262 4493/4457/4259
f 4493/4457/4259 3849/4460/4262 3587/4224/4026 3732/4223/4025
f 3850/4458/4260 4493/4457/4259 3732/4223/4025 3584/4219/4021
f 3624/4802/4157 3851/4461/4263 4494/4462/4264 3797/4356/4158
f 3851/4461/4263 3647/4455/4257 3850/4458/4260 4494/4462/4264
f 4494/4462/4264 3850/4458/4260 3584/4219/4021 3730/4218/4020
f 3797/4356/4158 4494/4462/4264 3730/4218/4020 3585/4817/4019
usemtl lambert3SG
f 3628/4369/4171 3852/4463/4265 4495/4464/4266 3805/4370/4172
f 3852/4463/4265 3650/4465/4267 3853/4466/4268 4495/4464/4266
f 4495/4464/4266 3853/4466/4268 3649/4467/4269 3854/4468/4270
f 3805/4370/4172 4495/4464/4266 3854/4468/4270 3627/4371/4173
f 3650/4465/4267 3855/4469/4271 4496/4470/4272 3853/4466/4268
f 3855/4469/4271 3652/4471/4273 3856/4472/4274 4496/4470/4272
f 4496/4470/4272 3856/4472/4274 3651/4473/4275 3857/4474/4276
f 3853/4466/4268 4496/4470/4272 3857/4474/4276 3649/4467/4269
f 3649/4467/4269 3857/4474/4276 4497/4475/4277 3860/4476/4278
f 3857/4474/4276 3651/4473/4275 3858/4477/4279 4497/4475/4277
f 4497/4475/4277 3858/4477/4279 3654/4478/4280 3859/4479/4281
f 3860/4476/4278 4497/4475/4277 3859/4479/4281 3653/4480/4282
f 3627/4371/4173 3854/4468/4270 4498/4481/4283 3807/4375/4177
f 3854/4468/4270 3649/4467/4269 3860/4476/4278 4498/4481/4283
f 4498/4481/4283 3860/4476/4278 3653/4480/4282 3861/4482/4284
f 3807/4375/4177 4498/4481/4283 3861/4482/4284 3630/4376/4178
f 3630/4376/4178 3861/4482/4284 4499/4483/4285 3813/4386/4188
f 3861/4482/4284 3653/4480/4282 3862/4484/4286 4499/4483/4285
f 4499/4483/4285 3862/4484/4286 3655/4485/4287 3863/4486/4288
f 3813/4386/4188 4499/4483/4285 3863/4486/4288 3632/4387/4189
f 3653/4480/4282 3859/4479/4281 4500/4487/4289 3862/4484/4286
f 3859/4479/4281 3654/4478/4280 3864/4488/4290 4500/4487/4289
f 4500/4487/4289 3864/4488/4290 3656/4489/4291 3865/4490/4292
f 3862/4484/4286 4500/4487/4289 3865/4490/4292 3655/4485/4287
f 3655/4485/4287 3865/4490/4292 4501/4491/4293 3868/4492/4294
f 3865/4490/4292 3656/4489/4291 3866/4493/4295 4501/4491/4293
f 4501/4491/4293 3866/4493/4295 3658/4494/4296 3867/4495/4297
f 3868/4492/4294 4501/4491/4293 3867/4495/4297 3657/4496/4298
f 3632/4387/4189 3863/4486/4288 4502/4497/4299 3815/4391/4193
f 3863/4486/4288 3655/4485/4287 3868/4492/4294 4502/4497/4299
f 4502/4497/4299 3868/4492/4294 3657/4496/4298 3869/4498/4300
f 3815/4391/4193 4502/4497/4299 3869/4498/4300 3634/4392/4194
f 3634/4392/4194 3869/4498/4300 4503/4499/4301 3821/4402/4204
f 3869/4498/4300 3657/4496/4298 3870/4500/4302 4503/4499/4301
f 4503/4499/4301 3870/4500/4302 3659/4501/4303 3871/4502/4304
f 3821/4402/4204 4503/4499/4301 3871/4502/4304 3636/4403/4205
f 3657/4496/4298 3867/4495/4297 4504/4503/4305 3870/4500/4302
f 3867/4495/4297 3658/4494/4296 3872/4504/4306 4504/4503/4305
f 4504/4503/4305 3872/4504/4306 3660/4505/4307 3873/4506/4308
f 3870/4500/4302 4504/4503/4305 3873/4506/4308 3659/4501/4303
f 3659/4501/4303 3873/4506/4308 4505/4507/4309 3876/4508/4310
f 3873/4506/4308 3660/4505/4307 3874/4509/4311 4505/4507/4309
f 4505/4507/4309 3874/4509/4311 3662/4510/4312 3875/4511/4313
f 3876/4508/4310 4505/4507/4309 3875/4511/4313 3661/4512/4314
f 3636/4403/4205 3871/4502/4304 4506/4513/4315 3823/4407/4209
f 3871/4502/4304 3659/4501/4303 3876/4508/4310 4506/4513/4315
f 4506/4513/4315 3876/4508/4310 3661/4512/4314 3877/4514/4316
f 3823/4407/4209 4506/4513/4315 3877/4514/4316 3638/4408/4210
f 3638/4408/4210 3877/4514/4316 4507/4515/4317 3829/4418/4220
f 3877/4514/4316 3661/4512/4314 3878/4516/4318 4507/4515/4317
f 4507/4515/4317 3878/4516/4318 3663/4517/4319 3879/4518/4320
f 3829/4418/4220 4507/4515/4317 3879/4518/4320 3640/4419/4221
f 3661/4512/4314 3875/4511/4313 4508/4519/4321 3878/4516/4318
f 3875/4511/4313 3662/4510/4312 3880/4520/4322 4508/4519/4321
f 4508/4519/4321 3880/4520/4322 3664/4521/4323 3881/4522/4324
f 3878/4516/4318 4508/4519/4321 3881/4522/4324 3663/4517/4319
f 3663/4517/4319 3881/4522/4324 4509/4523/4325 3884/4524/4326
f 3881/4522/4324 3664/4521/4323 3882/4525/4327 4509/4523/4325
f 4509/4523/4325 3882/4525/4327 3666/4526/4328 3883/4527/4329
f 3884/4524/4326 4509/4523/4325 3883/4527/4329 3665/4528/4330
f 3640/4419/4221 3879/4518/4320 4510/4529/4331 3831/4423/4225
f 3879/4518/4320 3663/4517/4319 3884/4524/4326 4510/4529/4331
f 4510/4529/4331 3884/4524/4326 3665/4528/4330 3885/4530/4332
f 3831/4423/4225 4510/4529/4331 3885/4530/4332 3642/4424/4226
f 3642/4424/4226 3885/4530/4332 4511/4531/4333 3837/4434/4236
f 3885/4530/4332 3665/4528/4330 3886/4532/4334 4511/4531/4333
usemtl lambert2SG
f 4511/4531/4333 3886/4532/4334 3667/4533/4335 3887/4534/4336
f 3837/4434/4236 4511/4531/4333 3887/4534/4336 3644/4435/4237
usemtl lambert3SG
f 3665/4528/4330 3883/4527/4329 4512/4535/4337 3886/4532/4334
f 3883/4527/4329 3666/4526/4328 3888/4536/4338 4512/4535/4337
usemtl lambert2SG
f 4512/4535/4337 3888/4536/4338 3668/4537/4339 3889/4538/4340
f 3886/4532/4334 4512/4535/4337 3889/4538/4340 3667/4533/4335
f 3667/4533/4335 3889/4538/4340 4513/4539/4341 3892/4540/4342
f 3889/4538/4340 3668/4537/4339 3890/4541/4343 4513/4539/4341
f 4513/4539/4341 3890/4541/4343 3698/4542/4344 3891/4543/4345
f 3892/4540/4342 4513/4539/4341 3891/4543/4345 3699/4544/4346
f 3644/4435/4237 3887/4534/4336 4514/4545/4347 3839/4439/4241
f 3887/4534/4336 3667/4533/4335 3892/4540/4342 4514/4545/4347
f 4514/4545/4347 3892/4540/4342 3699/4544/4346 3893/4546/4348
f 3839/4439/4241 4514/4545/4347 3893/4546/4348 3696/4440/4242
f 3646/4451/4253 3894/4547/4349 4515/4548/4350 3846/4452/4254
f 3894/4547/4349 3669/4549/4351 3895/4550/4352 4515/4548/4350
f 4515/4548/4350 3895/4550/4352 3710/4551/4353 3896/4552/4354
f 3846/4452/4254 4515/4548/4350 3896/4552/4354 3709/4453/4255
f 3669/4549/4351 3897/4553/4355 4516/4554/4356 3895/4550/4352
f 3897/4553/4355 3670/4555/4357 3898/4556/4358 4516/4554/4356
f 4516/4554/4356 3898/4556/4358 3711/4557/4359 3899/4558/4360
f 3895/4550/4352 4516/4554/4356 3899/4558/4360 3710/4551/4353
f 3671/4559/4361 3900/4560/4362 4517/4561/4363 3902/4562/4364
f 3900/4560/4362 3672/4563/4365 3901/4564/4366 4517/4561/4363
f 4517/4561/4363 3901/4564/4366 3588/4230/4032 3735/4229/4031
f 3902/4562/4364 4517/4561/4363 3735/4229/4031 3586/4226/4028
f 3648/4459/4261 3903/4565/4367 4518/4566/4368 3849/4460/4262
f 3903/4565/4367 3671/4559/4361 3902/4562/4364 4518/4566/4368
f 4518/4566/4368 3902/4562/4364 3586/4226/4028 3733/4225/4027
f 3849/4460/4262 4518/4566/4368 3733/4225/4027 3587/4224/4026
usemtl lambert3SG
f 3652/4471/4273 3904/4567/4369 4519/4568/4370 3856/4472/4274
f 3904/4567/4369 3674/4569/4371 3905/4570/4372 4519/4568/4370
f 4519/4568/4370 3905/4570/4372 3673/4571/4373 3906/4572/4374
f 3856/4472/4274 4519/4568/4370 3906/4572/4374 3651/4473/4275
f 3674/4569/4371 3907/4573/4375 4520/4574/4376 3905/4570/4372
f 3907/4573/4375 3592/4231/4033 3740/4234/4036 4520/4574/4376
f 4520/4574/4376 3740/4234/4036 3589/4239/4041 3908/4575/4377
f 3905/4570/4372 4520/4574/4376 3908/4575/4377 3673/4571/4373
f 3673/4571/4373 3908/4575/4377 4521/4576/4378 3910/4577/4379
f 3908/4575/4377 3589/4239/4041 3748/4253/4055 4521/4576/4378
f 4521/4576/4378 3748/4253/4055 3597/4255/4057 3909/4578/4380
f 3910/4577/4379 4521/4576/4378 3909/4578/4380 3675/4579/4381
f 3651/4473/4275 3906/4572/4374 4522/4580/4382 3858/4477/4279
f 3906/4572/4374 3673/4571/4373 3910/4577/4379 4522/4580/4382
f 4522/4580/4382 3910/4577/4379 3675/4579/4381 3911/4581/4383
f 3858/4477/4279 4522/4580/4382 3911/4581/4383 3654/4478/4280
f 3654/4478/4280 3911/4581/4383 4523/4582/4384 3864/4488/4290
f 3911/4581/4383 3675/4579/4381 3912/4583/4385 4523/4582/4384
f 4523/4582/4384 3912/4583/4385 3676/4584/4386 3913/4585/4387
f 3864/4488/4290 4523/4582/4384 3913/4585/4387 3656/4489/4291
f 3675/4579/4381 3909/4578/4380 4524/4586/4388 3912/4583/4385
f 3909/4578/4380 3597/4255/4057 3751/4257/4059 4524/4586/4388
f 4524/4586/4388 3751/4257/4059 3598/4261/4063 3914/4587/4389
f 3912/4583/4385 4524/4586/4388 3914/4587/4389 3676/4584/4386
f 3676/4584/4386 3914/4587/4389 4525/4588/4390 3916/4589/4391
f 3914/4587/4389 3598/4261/4063 3758/4273/4075 4525/4588/4390
f 4525/4588/4390 3758/4273/4075 3603/4275/4077 3915/4590/4392
f 3916/4589/4391 4525/4588/4390 3915/4590/4392 3677/4591/4393
f 3656/4489/4291 3913/4585/4387 4526/4592/4394 3866/4493/4295
f 3913/4585/4387 3676/4584/4386 3916/4589/4391 4526/4592/4394
f 4526/4592/4394 3916/4589/4391 3677/4591/4393 3917/4593/4395
f 3866/4493/4295 4526/4592/4394 3917/4593/4395 3658/4494/4296
f 3658/4494/4296 3917/4593/4395 4527/4594/4396 3872/4504/4306
f 3917/4593/4395 3677/4591/4393 3918/4595/4397 4527/4594/4396
f 4527/4594/4396 3918/4595/4397 3678/4596/4398 3919/4597/4399
f 3872/4504/4306 4527/4594/4396 3919/4597/4399 3660/4505/4307
f 3677/4591/4393 3915/4590/4392 4528/4598/4400 3918/4595/4397
f 3915/4590/4392 3603/4275/4077 3761/4277/4079 4528/4598/4400
f 4528/4598/4400 3761/4277/4079 3604/4281/4083 3920/4599/4401
f 3918/4595/4397 4528/4598/4400 3920/4599/4401 3678/4596/4398
f 3678/4596/4398 3920/4599/4401 4529/4600/4402 3922/4601/4403
f 3920/4599/4401 3604/4281/4083 3768/4293/4095 4529/4600/4402
f 4529/4600/4402 3768/4293/4095 3609/4295/4097 3921/4602/4404
f 3922/4601/4403 4529/4600/4402 3921/4602/4404 3679/4603/4405
f 3660/4505/4307 3919/4597/4399 4530/4604/4406 3874/4509/4311
f 3919/4597/4399 3678/4596/4398 3922/4601/4403 4530/4604/4406
f 4530/4604/4406 3922/4601/4403 3679/4603/4405 3923/4605/4407
f 3874/4509/4311 4530/4604/4406 3923/4605/4407 3662/4510/4312
f 3662/4510/4312 3923/4605/4407 4531/4606/4408 3880/4520/4322
f 3923/4605/4407 3679/4603/4405 3924/4607/4409 4531/4606/4408
f 4531/4606/4408 3924/4607/4409 3680/4608/4410 3925/4609/4411
f 3880/4520/4322 4531/4606/4408 3925/4609/4411 3664/4521/4323
f 3679/4603/4405 3921/4602/4404 4532/4610/4412 3924/4607/4409
f 3921/4602/4404 3609/4295/4097 3771/4297/4099 4532/4610/4412
f 4532/4610/4412 3771/4297/4099 3610/4301/4103 3926/4611/4413
f 3924/4607/4409 4532/4610/4412 3926/4611/4413 3680/4608/4410
f 3680/4608/4410 3926/4611/4413 4533/4612/4414 3928/4613/4415
f 3926/4611/4413 3610/4301/4103 3778/4313/4115 4533/4612/4414
f 4533/4612/4414 3778/4313/4115 3615/4315/4117 3927/4614/4416
f 3928/4613/4415 4533/4612/4414 3927/4614/4416 3681/4615/4417
f 3664/4521/4323 3925/4609/4411 4534/4616/4418 3882/4525/4327
f 3925/4609/4411 3680/4608/4410 3928/4613/4415 4534/4616/4418
f 4534/4616/4418 3928/4613/4415 3681/4615/4417 3929/4617/4419
f 3882/4525/4327 4534/4616/4418 3929/4617/4419 3666/4526/4328
f 3666/4526/4328 3929/4617/4419 4535/4618/4420 3888/4536/4338
f 3929/4617/4419 3681/4615/4417 3930/4619/4421 4535/4618/4420
usemtl lambert2SG
f 4535/4618/4420 3930/4619/4421 3682/4620/4422 3931/4621/4423
f 3888/4536/4338 4535/4618/4420 3931/4621/4423 3668/4537/4339
usemtl lambert3SG
f 3681/4615/4417 3927/4614/4416 4536/4622/4424 3930/4619/4421
f 3927/4614/4416 3615/4315/4117 3781/4317/4119 4536/4622/4424
usemtl lambert2SG
f 4536/4622/4424 3781/4317/4119 3616/4321/4123 3932/4623/4425
f 3930/4619/4421 4536/4622/4424 3932/4623/4425 3682/4620/4422
f 3682/4620/4422 3932/4623/4425 4537/4624/4426 3934/4625/4427
f 3932/4623/4425 3616/4321/4123 3788/4333/4135 4537/4624/4426
f 4537/4624/4426 3788/4333/4135 3695/4335/4137 3933/4626/4428
f 3934/4625/4427 4537/4624/4426 3933/4626/4428 3700/4627/4429
f 3668/4537/4339 3931/4621/4423 4538/4628/4430 3890/4541/4343
f 3931/4621/4423 3682/4620/4422 3934/4625/4427 4538/4628/4430
f 4538/4628/4430 3934/4625/4427 3700/4627/4429 3935/4629/4431
f 3890/4541/4343 4538/4628/4430 3935/4629/4431 3698/4542/4344
f 3670/4555/4357 3936/4630/4432 4539/4631/4433 3898/4556/4358
f 3936/4630/4432 3683/4632/4434 3937/4633/4435 4539/4631/4433
f 4539/4631/4433 3937/4633/4435 3712/4634/4436 3938/4635/4437
f 3898/4556/4358 4539/4631/4433 3938/4635/4437 3711/4557/4359
f 3683/4632/4434 3939/4636/4438 4540/4637/4439 3937/4633/4435
f 3939/4636/4438 3621/4336/4138 3792/4339/4141 4540/4637/4439
f 4540/4637/4439 3792/4339/4141 3706/4344/4146 3940/4638/4440
f 3937/4633/4435 4540/4637/4439 3940/4638/4440 3712/4634/4436
f 3684/4639/4441 3941/4640/4442 4541/4641/4443 3942/4642/4444
f 3941/4640/4442 3622/4357/4159 3800/4360/4162 4541/4641/4443
f 4541/4641/4443 3800/4360/4162 3583/4206/4008 3728/4209/4011
f 3942/4642/4444 4541/4641/4443 3728/4209/4011 3580/4214/4016
f 3672/4563/4365 3943/4643/4445 4542/4644/4446 3901/4564/4366
f 3943/4643/4445 3684/4639/4441 3942/4642/4444 4542/4644/4446
f 4542/4644/4446 3942/4642/4444 3580/4214/4016 3736/4228/4030
f 3901/4564/4366 4542/4644/4446 3736/4228/4030 3588/4230/4032
usemtl lambert3SG
f 3674/4569/4371 3944/4645/4447 4543/4646/4448 3907/4573/4375
f 3944/4645/4447 3726/4647/4449 3945/4648/4450 4543/4646/4448
f 4543/4646/4448 3945/4648/4450 3591/4235/4037 3737/4232/4034
f 3907/4573/4375 4543/4646/4448 3737/4232/4034 3592/4231/4033
usemtl lambert2SG
f 3620/4347/4149 3946/4649/4451 4544/4650/4452 3949/4811/4453
f 3946/4649/4451 3693/4329/4131 3947/4652/4454 4544/4650/4452
f 4544/4650/4452 3947/4652/4454 3719/4653/4455 3948/4654/4456
f 3949/4811/4453 4544/4650/4452 3948/4654/4456 3720/4655/4457
f 3645/4445/4247 3842/4443/4245 4545/4656/4458 3951/4657/4459
f 3842/4443/4245 3620/4813/4149 3949/4651/4453 4545/4656/4458
f 4545/4656/4458 3949/4651/4453 3720/4793/4457 3950/4658/4460
f 3951/4657/4459 4545/4656/4458 3950/4658/4460 3721/4659/4461
f 3643/4431/4233 3841/4438/4240 4546/4660/4462 3954/4661/4463
f 3841/4438/4240 3697/4442/4244 3952/4662/4464 4546/4660/4462
f 4546/4660/4462 3952/4662/4464 3722/4663/4465 3953/4664/4466
f 3954/4661/4463 4546/4660/4462 3953/4664/4466 3723/4665/4467
f 3618/4324/4126 3836/4432/4234 4547/4666/4468 3956/4809/4469
f 3836/4432/4234 3643/4431/4233 3954/4661/4463 4547/4666/4468
f 4547/4666/4468 3954/4661/4463 3723/4665/4467 3955/4668/4470
f 3956/4809/4469 4547/4666/4468 3955/4668/4470 3724/4669/4471
f 3692/4797/4472 3957/4671/4473 4548/4672/4474 3960/4808/4475
f 3957/4671/4473 3691/4674/4476 3958/4675/4477 4548/4672/4474
f 4548/4672/4474 3958/4675/4477 3703/4676/4478 3959/4677/4479
f 3960/4808/4475 4548/4672/4474 3959/4677/4479 3704/4805/4480
f 3685/4794/4481 3961/4680/4482 4549/4681/4483 3964/4807/4484
f 3961/4680/4482 3701/4683/4485 3962/4684/4486 4549/4681/4483
f 4549/4681/4483 3962/4684/4486 3713/4685/4487 3963/4686/4488
f 3964/4807/4484 4549/4681/4483 3963/4686/4488 3714/4687/4489
f 3686/4688/4490 3965/4689/4491 4550/4690/4492 3967/4691/4493
f 3965/4689/4491 3685/4679/4481 3964/4682/4484 4550/4690/4492
f 4550/4690/4492 3964/4682/4484 3714/4799/4489 3966/4692/4494
f 3967/4691/4493 4550/4690/4492 3966/4692/4494 3715/4693/4495
f 3687/4694/4496 3968/4695/4497 4551/4696/4498 3971/4697/4499
f 3968/4695/4497 3702/4698/4500 3969/4699/4501 4551/4696/4498
f 4551/4696/4498 3969/4699/4501 3716/4700/4502 3970/4701/4503
f 3971/4697/4499 4551/4696/4498 3970/4701/4503 3717/4702/4504
f 3688/4791/4505 3972/4704/4506 4552/4705/4507 3974/4806/4508
f 3972/4704/4506 3687/4694/4496 3971/4697/4499 4552/4705/4507
f 4552/4705/4507 3971/4697/4499 3717/4702/4504 3973/4707/4509
f 3974/4806/4508 4552/4705/4507 3973/4707/4509 3718/4708/4510
f 3694/4331/4133 3785/4330/4132 4553/4709/4511 3975/4710/4512
f 3785/4330/4132 3693/4329/4131 3946/4649/4451 4553/4709/4511
f 4553/4709/4511 3946/4649/4451 3620/4347/4149 3793/4345/4147
f 3975/4710/4512 4553/4709/4511 3793/4345/4147 3619/4340/4142
f 3695/4335/4137 3787/4334/4136 4554/4711/4513 3976/4712/4514
f 3787/4334/4136 3694/4331/4133 3975/4710/4512 4554/4711/4513
f 4554/4711/4513 3975/4710/4512 3619/4340/4142 3789/4337/4139
f 3976/4712/4514 4554/4711/4513 3789/4337/4139 3621/4336/4138
f 3697/4442/4244 3840/4441/4243 4555/4713/4515 3978/4714/4516
f 3840/4441/4243 3696/4440/4242 3977/4715/4517 4555/4713/4515
f 4555/4713/4515 3977/4715/4517 3646/4451/4253 3845/4449/4251
f 3978/4714/4516 4555/4713/4515 3845/4449/4251 3645/4445/4247
f 3699/4544/4346 3891/4543/4345 4556/4716/4518 3980/4717/4519
f 3891/4543/4345 3698/4542/4344 3979/4718/4520 4556/4716/4518
f 4556/4716/4518 3979/4718/4520 3670/4555/4357 3897/4553/4355
f 3980/4717/4519 4556/4716/4518 3897/4553/4355 3669/4549/4351
f 3696/4440/4242 3893/4546/4348 4557/4719/4521 3977/4715/4517
f 3893/4546/4348 3699/4544/4346 3980/4717/4519 4557/4719/4521
f 4557/4719/4521 3980/4717/4519 3669/4549/4351 3894/4547/4349
f 3977/4715/4517 4557/4719/4521 3894/4547/4349 3646/4451/4253
f 3700/4627/4429 3933/4626/4428 4558/4720/4522 3981/4721/4523
f 3933/4626/4428 3695/4335/4137 3976/4712/4514 4558/4720/4522
f 4558/4720/4522 3976/4712/4514 3621/4336/4138 3939/4636/4438
f 3981/4721/4523 4558/4720/4522 3939/4636/4438 3683/4632/4434
f 3698/4542/4344 3935/4629/4431 4559/4722/4524 3979/4718/4520
f 3935/4629/4431 3700/4627/4429 3981/4721/4523 4559/4722/4524
f 4559/4722/4524 3981/4721/4523 3683/4632/4434 3936/4630/4432
f 3979/4718/4520 4559/4722/4524 3936/4630/4432 3670/4555/4357
f 3693/4329/4131 3784/4328/4130 4560/4723/4525 3947/4652/4454
f 3784/4328/4130 3618/4810/4126 3956/4667/4469 4560/4723/4525
f 4560/4723/4525 3956/4667/4469 3724/4790/4471 3982/4724/4526
f 3947/4652/4454 4560/4723/4525 3982/4724/4526 3719/4653/4455
f 3697/4442/4244 3978/4714/4516 4561/4725/4527 3952/4662/4464
f 3978/4714/4516 3645/4445/4247 3951/4657/4459 4561/4725/4527
f 4561/4725/4527 3951/4657/4459 3721/4659/4461 3983/4726/4528
f 3952/4662/4464 4561/4725/4527 3983/4726/4528 3722/4663/4465
f 3704/4805/4480 3959/4677/4479 4562/4727/4529 3986/4804/4530
f 3959/4677/4479 3703/4676/4478 3984/4729/4531 4562/4727/4529
f 4562/4727/4529 3984/4729/4531 3690/4730/4532 3985/4731/4533
f 3986/4804/4530 4562/4727/4529 3985/4731/4533 3689/4732/4534
f 3701/4683/4485 3987/4733/4535 4563/4734/4536 3962/4684/4486
f 3987/4733/4535 3688/4703/4505 3974/4706/4508 4563/4734/4536
f 4563/4734/4536 3974/4706/4508 3718/4796/4510 3988/4735/4537
f 3962/4684/4486 4563/4734/4536 3988/4735/4537 3713/4685/4487
f 3702/4698/4500 3989/4736/4538 4564/4737/4539 3969/4699/4501
f 3989/4736/4538 3686/4688/4490 3967/4691/4493 4564/4737/4539
f 4564/4737/4539 3967/4691/4493 3715/4693/4495 3990/4738/4540
f 3969/4699/4501 4564/4737/4539 3990/4738/4540 3716/4700/4502
f 3706/4344/4146 3791/4343/4145 4565/4739/4541 3992/4740/4542
f 3791/4343/4145 3705/4342/4144 3991/4741/4543 4565/4739/4541
f 4565/4739/4541 3991/4741/4543 3623/4351/4153 3799/4358/4160
f 3992/4740/4542 4565/4739/4541 3799/4358/4160 3622/4357/4159
f 3705/4342/4144 3795/4350/4152 4566/4742/4544 3991/4741/4543
f 3795/4350/4152 3707/4803/4151 3993/4801/4545 4566/4742/4544
f 4566/4742/4544 3993/4801/4545 3624/4355/4157 3796/4352/4154
f 3991/4741/4543 4566/4742/4544 3796/4352/4154 3623/4351/4153
f 3707/4349/4151 3844/4448/4250 4567/4744/4546 3993/4743/4545
f 3844/4448/4250 3708/4447/4249 3994/4745/4547 4567/4744/4546
f 4567/4744/4546 3994/4745/4547 3647/4455/4257 3851/4461/4263
f 3993/4743/4545 4567/4744/4546 3851/4461/4263 3624/4802/4157
f 3708/4447/4249 3847/4454/4256 4568/4746/4548 3994/4745/4547
f 3847/4454/4256 3709/4453/4255 3995/4747/4549 4568/4746/4548
f 4568/4746/4548 3995/4747/4549 3648/4459/4261 3848/4456/4258
f 3994/4745/4547 4568/4746/4548 3848/4456/4258 3647/4455/4257
f 3709/4453/4255 3896/4552/4354 4569/4748/4550 3995/4747/4549
f 3896/4552/4354 3710/4551/4353 3996/4749/4551 4569/4748/4550
f 4569/4748/4550 3996/4749/4551 3671/4559/4361 3903/4565/4367
f 3995/4747/4549 4569/4748/4550 3903/4565/4367 3648/4459/4261
f 3710/4551/4353 3899/4558/4360 4570/4750/4552 3996/4749/4551
f 3899/4558/4360 3711/4557/4359 3997/4751/4553 4570/4750/4552
f 4570/4750/4552 3997/4751/4553 3672/4563/4365 3900/4560/4362
f 3996/4749/4551 4570/4750/4552 3900/4560/4362 3671/4559/4361
f 3711/4557/4359 3938/4635/4437 4571/4752/4554 3997/4751/4553
f 3938/4635/4437 3712/4634/4436 3998/4753/4555 4571/4752/4554
f 4571/4752/4554 3998/4753/4555 3684/4639/4441 3943/4643/4445
f 3997/4751/4553 4571/4752/4554 3943/4643/4445 3672/4563/4365
f 3712/4634/4436 3940/4638/4440 4572/4754/4556 3998/4753/4555
f 3940/4638/4440 3706/4344/4146 3992/4740/4542 4572/4754/4556
f 4572/4754/4556 3992/4740/4542 3622/4357/4159 3941/4640/4442
f 3998/4753/4555 4572/4754/4556 3941/4640/4442 3684/4639/4441
f 3714/4687/4489 3963/4686/4488 4573/4755/4557 4000/4798/4558
f 3963/4686/4488 3713/4685/4487 3999/4757/4559 4573/4755/4557
f 4573/4755/4557 3999/4757/4559 3704/4678/4480 3986/4728/4530
f 4000/4798/4558 4573/4755/4557 3986/4728/4530 3689/4800/4534
f 3715/4693/4495 3966/4692/4494 4574/4758/4560 4001/4759/4561
f 3966/4692/4494 3714/4799/4489 4000/4756/4558 4574/4758/4560
f 4574/4758/4560 4000/4756/4558 3689/4732/4534 3985/4731/4533
f 4001/4759/4561 4574/4758/4560 3985/4731/4533 3690/4730/4532
f 3717/4702/4504 3970/4701/4503 4575/4760/4562 4003/4761/4563
f 3970/4701/4503 3716/4700/4502 4002/4762/4564 4575/4760/4562
f 4575/4760/4562 4002/4762/4564 3703/4676/4478 3958/4675/4477
f 4003/4761/4563 4575/4760/4562 3958/4675/4477 3691/4674/4476
f 3718/4708/4510 3973/4707/4509 4576/4763/4565 4004/4795/4566
f 3973/4707/4509 3717/4702/4504 4003/4761/4563 4576/4763/4565
f 4576/4763/4565 4003/4761/4563 3691/4674/4476 3957/4671/4473
f 4004/4795/4566 4576/4763/4565 3957/4671/4473 3692/4797/4472
f 3713/4685/4487 3988/4735/4537 4577/4765/4567 3999/4757/4559
f 3988/4735/4537 3718/4796/4510 4004/4764/4566 4577/4765/4567
f 4577/4765/4567 4004/4764/4566 3692/4670/4472 3960/4673/4475
f 3999/4757/4559 4577/4765/4567 3960/4673/4475 3704/4678/4480
f 3716/4700/4502 3990/4738/4540 4578/4766/4568 4002/4762/4564
f 3990/4738/4540 3715/4693/4495 4001/4759/4561 4578/4766/4568
f 4578/4766/4568 4001/4759/4561 3690/4730/4532 3984/4729/4531
f 4002/4762/4564 4578/4766/4568 3984/4729/4531 3703/4676/4478
f 3720/4655/4457 3948/4654/4456 4579/4767/4569 4006/4792/4570
f 3948/4654/4456 3719/4653/4455 4005/4769/4571 4579/4767/4569
f 4579/4767/4569 4005/4769/4571 3701/4683/4485 3961/4680/4482
f 4006/4792/4570 4579/4767/4569 3961/4680/4482 3685/4794/4481
f 3721/4659/4461 3950/4658/4460 4580/4770/4572 4007/4771/4573
f 3950/4658/4460 3720/4793/4457 4006/4768/4570 4580/4770/4572
f 4580/4770/4572 4006/4768/4570 3685/4679/4481 3965/4689/4491
f 4007/4771/4573 4580/4770/4572 3965/4689/4491 3686/4688/4490
f 3723/4665/4467 3953/4664/4466 4581/4772/4574 4009/4773/4575
f 3953/4664/4466 3722/4663/4465 4008/4774/4576 4581/4772/4574
f 4581/4772/4574 4008/4774/4576 3702/4698/4500 3968/4695/4497
f 4009/4773/4575 4581/4772/4574 3968/4695/4497 3687/4694/4496
f 3724/4669/4471 3955/4668/4470 4582/4775/4577 4010/4789/4578
f 3955/4668/4470 3723/4665/4467 4009/4773/4575 4582/4775/4577
f 4582/4775/4577 4009/4773/4575 3687/4694/4496 3972/4704/4506
f 4010/4789/4578 4582/4775/4577 3972/4704/4506 3688/4791/4505
f 3719/4653/4455 3982/4724/4526 4583/4777/4579 4005/4769/4571
f 3982/4724/4526 3724/4790/4471 4010/4776/4578 4583/4777/4579
f 4583/4777/4579 4010/4776/4578 3688/4703/4505 3987/4733/4535
f 4005/4769/4571 4583/4777/4579 3987/4733/4535 3701/4683/4485
f 3722/4663/4465 3983/4726/4528 4584/4778/4580 4008/4774/4576
f 3983/4726/4528 3721/4659/4461 4007/4771/4573 4584/4778/4580
f 4584/4778/4580 4007/4771/4573 3686/4688/4490 3989/4736/4538
f 4008/4774/4576 4584/4778/4580 3989/4736/4538 3702/4698/4500
s 1
usemtl lambert3SG
f 3529/3996/3798 4011/4779/4581 4585/4780/4582 4197/4000/3802
f 4011/4779/4581 3725/4075/3877 4234/4074/3876 4585/4780/4582
f 4585/4780/4582 4234/4074/3876 3446/3662/3464 4027/3659/3461
f 4197/4000/3802 4585/4780/4582 4027/3659/3461 3447/3658/3460
s 14
f 3626/4363/4165 3801/4361/4163 4586/4781/4583 4012/4782/4584
f 3801/4361/4163 3594/4242/4044 3741/4240/4042 4586/4781/4583
f 4586/4781/4583 3741/4240/4042 3591/4235/4037 3945/4648/4450
f 4012/4782/4584 4586/4781/4583 3945/4648/4450 3726/4647/4449
s 1
f 3505/3890/3692 4013/4783/4585 4587/4784/4586 4144/3894/3696
f 4013/4783/4585 3725/4075/3877 4011/4779/4581 4587/4784/4586
f 4587/4784/4586 4011/4779/4581 3529/3996/3798 4194/3994/3796
f 4144/3894/3696 4587/4784/4586 4194/3994/3796 3507/3896/3698
f 3481/3790/3592 4235/4073/3875 4588/4785/4587 4094/3794/3596
f 4235/4073/3875 3725/4075/3877 4013/4783/4585 4588/4785/4587
f 4588/4785/4587 4013/4783/4585 3505/3890/3692 4141/3888/3690
f 4094/3794/3596 4588/4785/4587 4141/3888/3690 3483/3796/3598
s 14
f 3650/4465/4267 4014/4786/4588 4589/4787/4589 3855/4469/4271
f 4014/4786/4588 3726/4647/4449 3944/4645/4447 4589/4787/4589
f 4589/4787/4589 3944/4645/4447 3674/4569/4371 3904/4567/4369
f 3855/4469/4271 4589/4787/4589 3904/4567/4369 3652/4471/4273
f 3626/4363/4165 4012/4782/4584 4590/4788/4590 3804/4367/4169
f 4012/4782/4584 3726/4647/4449 4014/4786/4588 4590/4788/4590
f 4590/4788/4590 4014/4786/4588 3650/4465/4267 3852/4463/4265
f 3804/4367/4169 4590/4788/4590 3852/4463/4265 3628/4369/4171
